"alpha","value"
0.05,0.0219789614730377
0.05,-0.00147079746312463
0.05,0.0428860515536334
0.05,0.0706941391408811
0.05,0.071412300111036
0.05,0.0364143626186913
0.05,0.0845634171018478
0.05,0.0699021565275864
0.05,0.0532399441586304
0.05,0.0265491491574147
0.05,0.00791070310257665
0.05,0.00323476377124536
0.05,0.0863544599372887
0.05,0.0614376252213826
0.05,0.0515601716456253
0.05,0.0746064348635795
0.05,0.0561275807943787
0.05,0.0747954721508568
0.05,-0.00422334170880653
0.05,0.0262783030162734
0.05,0.0713825834119298
0.05,0.051225547534109
0.05,0.00999533694914481
0.05,0.0494136839791306
0.05,0.0431183697518998
0.05,-0.0105860348302673
0.05,0.0280208040205344
0.05,0.0439772069589702
0.05,0.0398653270604792
0.05,0.0314629320749304
0.05,0.0423210991221919
0.05,0.0160808751526022
0.05,0.0765929418753826
0.05,0.0288080060247414
0.05,0.0296050307895097
0.05,0.0392305627484969
0.05,0.0608793968655512
0.05,0.026748452502597
0.05,0.0465706504378464
0.05,0.0222605812792617
0.05,-0.00618982450417896
0.05,0.056715519163378
0.05,0.0407011940189305
0.05,0.0800977042439754
0.05,0.010532904512477
0.05,0.042461878287129
0.05,0.0522511118120933
0.05,0.103476011240164
0.05,0.0394935115454135
0.05,0.0622109581594767
0.05,0.0214324031154669
0.05,0.0412127279920258
0.05,0.0295787539019925
0.05,0.0749667210093259
0.05,0.0431359811320591
0.05,0.0297064059899067
0.05,0.0777657875178996
0.05,0.0232150293647937
0.05,0.0298181335199385
0.05,0.0326077271099899
0.05,0.0629728907052167
0.05,0.0610409599742519
0.05,0.082384578413273
0.05,0.0384070881512666
0.05,0.0526689034637753
0.05,0.0142515671953193
0.05,0.0271072997479468
0.05,0.0197507340263172
0.05,0.0442542583251496
0.05,0.044540370610886
0.05,0.0706557716148762
0.05,-0.00712667776028339
0.05,0.0459999709371879
0.05,0.0609887870350315
0.05,0.0814028036236437
0.05,-0.00248324851832662
0.05,0.0382822581966957
0.05,0.0791233321210546
0.05,0.0357264189961047
0.05,0.0336611072416932
0.05,0.0423024418251338
0.05,0.0511974267208366
0.05,0.0816368463294227
0.05,0.059340527047217
0.05,0.0646421089508491
0.05,0.0377565951090993
0.05,0.0584886775424034
0.05,0.0611940004786254
0.05,0.0663213866602716
0.05,0.0886973957385432
0.05,0.0279286760975749
0.05,0.0699586769244202
0.05,0.00667644947294798
0.05,-0.00103588616388686
0.05,0.0542479916679475
0.05,0.0526700608554498
0.05,0.0714874817025472
0.05,0.101535185907327
0.05,0.0378564399180444
0.05,0.061212666399911
0.05,0.0931598944573734
0.05,-0.000885302251875163
0.05,0.0618159689030468
0.05,0.0382389609001365
0.05,0.030792790452559
0.05,0.0774909155020059
0.05,0.0582237737995093
0.05,0.0649342477896039
0.05,0.00280326702186764
0.05,0.0478459910296358
0.05,0.0758215875024782
0.05,0.0432307992775674
0.05,0.0769566743549747
0.05,0.0257265546973802
0.05,0.0544884033585594
0.05,0.0709131176985265
0.05,0.0694280054497983
0.05,0.0690416438595823
0.05,0.0181854659527443
0.05,0.0564027651135937
0.05,0.0370910532636587
0.05,0.0839336456923499
0.05,0.0329357785632085
0.05,0.0548976726042931
0.05,-0.00791306959927062
0.05,0.017123852238461
0.05,0.0706763085580189
0.05,0.0402240921288425
0.05,0.0293238111804477
0.05,0.0583566544176564
0.05,0.0306051355933299
0.05,0.0126685863673224
0.05,0.0329634073518927
0.05,0.0227191506099531
0.05,0.0157266741010602
0.05,0.0439391331264906
0.05,0.0317298103011762
0.05,0.0756302451334387
0.05,0.038104051974227
0.05,0.0960224372385779
0.05,0.00960973448187244
0.05,0.0512833919314642
0.05,0.0660677879182488
0.05,0.035670611611344
0.05,0.0605333005883325
0.05,0.0294103455857802
0.05,0.0501635375142591
0.05,0.0173609085308315
0.05,0.0429115966148371
0.05,0.0562230550721806
0.05,0.079000719817609
0.05,0.0633618786406698
0.05,0.0524877433610575
0.05,-0.0138801700528414
0.05,0.0260433136911571
0.05,0.0459927524057065
0.05,0.0641113145687865
0.05,0.0360560052027169
0.05,0.0524777188424648
0.05,0.0716447319121869
0.05,0.0318666924145542
0.05,0.0143003294117328
0.05,0.100049512092571
0.05,0.00647582956135067
0.05,0.0542585460414138
0.05,0.0322982499151701
0.05,0.0440218812335962
0.05,0.0590369553344505
0.05,0.0293357197153941
0.05,0.0416512032340007
0.05,0.0149943740907958
0.05,0.0651341440503926
0.05,0.0138704410432855
0.05,0.0244825264947416
0.05,0.0225811801334449
0.05,0.0192101335757057
0.05,-0.0198598210545239
0.05,0.0285116073321274
0.05,0.0722169784257821
0.05,0.00873632463818746
0.05,0.0548049517182688
0.05,0.0195939524486516
0.05,0.0416442266583328
0.05,0.0619143551272469
0.05,-0.00562764631895498
0.05,0.0438741095473367
0.05,0.00868095061995658
0.05,0.0236865100725163
0.05,0.0670870198537262
0.05,0.0748088164563781
0.05,0.0714307240654028
0.05,0.0803794694356707
0.05,0.0470795228515684
0.05,0.021269442831239
0.05,-0.00296412692974201
0.05,0.0581989416571717
0.05,0.00976199399612046
0.05,-0.0120154262717048
0.05,0.0994253189509404
0.05,0.0491836917567624
0.05,0.047164961683006
0.05,0.0500525569622373
0.05,0.0177651495884676
0.05,0.0997523295656961
0.05,0.0349924290869415
0.05,0.0319750910352408
0.05,0.02548501828424
0.05,0.0292601975102369
0.05,0.0699269222251032
0.05,0.0446084571961146
0.05,0.0396179441784939
0.05,0.0154350189930656
0.05,0.0238192822740827
0.05,0.0587503855960023
0.05,0.0108691598704171
0.05,0.00889545981131137
0.05,0.0381115659122784
0.05,0.00623296771185097
0.05,0.032305598016524
0.05,0.0163517161792006
0.05,0.0374788198720318
0.05,0.032516415614341
0.05,0.0333181755365296
0.05,0.0614299059128542
0.05,0.0293955367737743
0.05,0.0468959144211979
0.05,0.0473984182249373
0.05,0.0197462430135597
0.05,-0.0106690760328112
0.05,0.0472895932873288
0.05,0.0309336415441936
0.05,0.059260940624365
0.05,0.0539070483580062
0.05,0.0417389154390802
0.05,0.0720203443705408
0.05,0.0356578742461972
0.05,0.0601328550893797
0.05,0.0558234112608444
0.05,0.0227041589893799
0.05,0.0570678551971097
0.05,-0.00937501068918818
0.05,0.0587542705611123
0.05,0.033425289424153
0.05,0.000710196281400882
0.05,0.0446680340487952
0.05,0.065413400889005
0.05,0.0370017644489235
0.05,0.058720303938105
0.05,0.0352066226246297
0.05,0.0144598267515169
0.05,0.0396597078088405
0.05,0.0637165704077255
0.05,0.118941715199542
0.05,0.00324988152775473
0.05,0.0702196277519233
0.05,-0.00121362144626987
0.05,0.029756547109559
0.05,0.0372245254518667
0.05,0.0025188059591859
0.05,0.0543861770541367
0.05,0.00256997335069706
0.05,0.0169921274166316
0.05,0.0804190234611634
0.05,0.0878771447563274
0.05,0.0708727753059034
0.05,0.0423345118381224
0.05,0.0604959174109247
0.05,0.0460324318242376
0.05,0.0992931342202655
0.05,0.0831616913698652
0.05,0.00762666084185184
0.05,0.0645180380131225
0.05,0.0174955006615087
0.05,0.0423978783738664
0.05,0.037101385315572
0.05,0.0651923959841441
0.05,0.0120332672208994
0.05,0.0356417915011826
0.05,0.0765612881374725
0.05,0.0685618345579511
0.05,0.0159101352330212
0.05,0.0404233426352766
0.05,0.0594610310631136
0.05,0.0387253069327013
0.05,0.061959651334324
0.05,0.00594751408512545
0.05,0.0461893022670249
0.05,0.0692636913871911
0.05,0.0753854885851248
0.05,0.050665004684155
0.05,5.90457583949568e-05
0.05,0.0477987246770845
0.05,0.0410218076221541
0.05,0.0374926282341464
0.05,0.0756823422241226
0.05,0.0212335591648622
0.05,0.0498767671645643
0.05,0.0160843466189228
0.05,0.0672556374327295
0.05,0.0610689317132465
0.05,0.0278373953517604
0.05,0.0720363768949375
0.05,0.0381748258934124
0.05,0.0539960694694153
0.05,0.0564463330187172
0.05,0.00533219361388211
0.05,0.106364797296347
0.05,0.0332764945527604
0.05,0.0327670589372354
0.05,0.0509918647018495
0.05,0.0253315712835802
0.05,0.0278650554393363
0.05,0.0515485639014289
0.05,0.0176417222897897
0.05,0.0185583223264738
0.05,0.0554898022863259
0.05,0.0411862824090182
0.05,0.0738813344565533
0.05,0.0421410266298185
0.05,0.0444364468313636
0.05,0.0551087415370699
0.05,0.0197283269485977
0.05,-0.019124231240673
0.05,0.0853493716120926
0.05,0.0213888016385439
0.05,0.0233355344440456
0.05,-0.00809519684107428
0.05,0.0637908829850984
0.05,0.017737679816654
0.05,0.0416619151522056
0.05,0.0279239828609498
0.05,0.0905039753411124
0.05,0.0430125098600874
0.05,0.0348917697559079
0.05,0.0734772662472635
0.05,0.0775331461779828
0.05,0.0678804459729597
0.05,-0.0171941514344563
0.05,0.0224476894683387
0.05,-0.00742566048846192
0.05,0.0609002897409597
0.05,0.067956283231997
0.05,0.0415352125081074
0.05,0.0460688334028701
0.05,0.053129603885533
0.05,0.00882454512177503
0.05,0.0639711561065716
0.05,0.126246550157085
0.05,0.0145483814333848
0.05,0.0569985113756997
0.05,0.0319915804064141
0.05,0.0313298849145113
0.05,0.0406772329050151
0.05,0.0439182955767235
0.05,0.0390454628710536
0.05,0.069509523908234
0.05,0.0523614886820016
0.05,0.0452157112691757
0.05,0.00643770018549685
0.05,0.049862024785738
0.05,-0.00736134152974982
0.05,0.00145237336746945
0.05,-0.00647417705982163
0.05,0.0334594621628687
0.05,0.0615941968380286
0.05,0.0102166223620465
0.05,-0.000394698671386575
0.05,0.00701060805082229
0.05,0.052156684514577
0.05,0.0925228215749705
0.05,0.0548767025737943
0.05,0.00125801171559609
0.05,0.0343062112029068
0.05,0.0953319923174906
0.05,0.0767893986021814
0.05,0.0287852662377334
0.05,0.0115273178689486
0.05,0.0668663595008388
0.05,0.0484282956011105
0.05,0.0345902436518437
0.05,0.0615554825505198
0.05,0.0290708712351039
0.05,0.0665317843531024
0.05,0.0604039795068003
0.05,-0.0119186542356813
0.05,0.0322803479760973
0.05,0.0678933089407427
0.05,0.0846591102642581
0.05,-0.00210010183138936
0.05,0.0279997791271745
0.05,0.0371565198246496
0.05,0.0587729821610938
0.05,0.0453003596473922
0.05,0.0593074337427502
0.05,0.0670756726830116
0.05,0.0445843337026532
0.05,0.078580770669691
0.05,0.0603174183924302
0.05,0.0195351164746916
0.05,0.0172311377583811
0.05,0.0559193464815856
0.05,0.0904497974760572
0.05,0.0303972409941845
0.05,0.0289517179941555
0.05,0.00081765782991773
0.05,0.0193066438722293
0.05,0.0242952388828886
0.05,0.00832708259733847
0.05,0.0346696049500751
0.05,0.0197527996909298
0.05,0.0388915291100892
0.05,0.0374845183397387
0.05,0.073358269473599
0.05,0.0378759238680202
0.05,0.0116318826887683
0.05,0.0957677661713816
0.05,0.0232368488359638
0.05,0.0346627746542753
0.05,0.0337457965412906
0.05,0.0545305265699553
0.05,0.0657716479759435
0.05,-0.0130345751567272
0.05,0.070559475968393
0.05,0.064525969773721
0.05,-0.0113684055701231
0.05,0.0493664047542783
0.05,0.0377361891596816
0.05,0.0228663907907728
0.05,0.0299776108345007
0.05,-0.0147206525767472
0.05,0.0992995046602029
0.05,0.0869154331029965
0.05,0.0612457103547739
0.05,0.0184170183827062
0.05,0.0450425464765917
0.05,0.0410098073745358
0.05,-0.0166963148407835
0.05,0.0218274737240848
0.05,0.00616406373139997
0.05,0.0280024824064535
0.05,0.0557869240814848
0.05,0.0531567448969771
0.05,0.0492122432204417
0.05,0.0103998236309679
0.05,0.0404785913299939
0.05,0.0533487636358081
0.05,0.0430579104951811
0.05,0.0948431467826696
0.05,0.00636908402017027
0.05,-0.0134993720675824
0.05,-0.0105298977311342
0.05,0.0629762534145425
0.05,0.0251557280946791
0.05,0.0195520553008551
0.05,0.069432704961395
0.05,0.0454470120201821
0.05,0.060970916898907
0.05,0.0704426076815779
0.05,0.0455204698940835
0.05,0.0569237744263462
0.05,0.0289029826014493
0.05,0.0128558422729257
0.05,0.0600030280459235
0.05,0.0707959655979078
0.05,0.0238090795430872
0.05,0.0728240958601846
0.05,0.0175894260305315
0.05,0.0482371656051584
0.05,0.0414805364475682
0.05,-0.0100874226049789
0.05,0.0562689077280708
0.05,0.0340703492374656
0.05,0.0128197101686818
0.05,0.0512856188839254
0.05,0.0255241816092027
0.05,0.00268891740237196
0.05,0.0747139327561691
0.05,0.0319762870556598
0.05,0.0169292861877146
0.05,0.0932354078438471
0.05,0.0387682602731574
0.05,0.0801557428635121
0.05,0.0328885355545367
0.05,0.0428503981448797
0.05,0.0784384288475197
0.05,0.057034757601197
0.05,0.0225654024887788
0.05,0.0510425128562684
0.05,0.0702857628483659
0.05,0.0486061963538909
0.05,0.0446026361088926
0.05,0.0602275959251159
0.05,0.0678030011537978
0.05,0.04841936980763
0.05,0.0728111753099099
0.05,0.032861886638205
0.05,0.117998921205637
0.05,0.0361012911719868
0.05,0.0666827653675311
0.05,0.0617359916058503
0.05,0.086998030983827
0.05,0.0431645228594575
0.05,0.020408421657126
0.05,0.076427050832427
0.05,0.0138306823227466
0.05,0.041317286808872
0.05,0.0262276632595876
0.05,0.0452088781145655
0.05,0.0689142336210398
0.05,0.0620866710229433
0.05,0.0590417605140845
0.05,0.0499922524975322
0.05,0.0421399139641408
0.05,0.0199633383083722
0.05,0.0745880351362041
0.05,0.0425371791141983
0.05,0.0283331278311301
0.05,0.0630761979366181
0.05,0.0424534699395714
0.05,-0.0193502087170118
0.05,0.0231470940114579
0.05,0.0644335138880534
0.05,0.0712673684441093
0.05,0.0222125068926217
0.05,0.0635372825335253
0.05,0.00988202082054953
0.05,0.0182698581349246
0.05,-0.0122923494855439
0.05,0.0484671929670489
0.05,0.0361239689784268
0.05,0.081245896518979
0.05,-0.0123779163379986
0.05,0.0530054764865158
0.05,0.0164548761705919
0.05,0.0862904589999042
0.05,0.0559398702579811
0.05,0.0810930039193929
0.05,0.0395177035114141
0.05,0.0665807267750008
0.05,0.02310952731764
0.05,0.0565327812067529
0.05,0.0230148904870154
0.05,0.0289407664818001
0.05,0.00373782282330908
0.05,0.00670477726078013
0.05,0.0222687984840176
0.05,-0.0242948750718567
0.05,0.0707443694175053
0.05,0.0561667147524377
0.05,0.0934489402918714
0.05,0.0280183031420347
0.05,0.0565493795453808
0.05,0.0251300471430261
0.05,0.06457485788798
0.05,0.100361233788221
0.05,0.0305057159401952
0.05,0.0453681026511001
0.05,0.0423863905679488
0.05,0.0733158215939362
0.05,-0.0182203927967839
0.05,0.0118375514898497
0.05,0.0190287895719376
0.05,0.0637619222052623
0.05,0.0662614615892809
0.05,-0.000304356835494199
0.05,0.0487660110288817
0.05,0.0334659234300888
0.05,0.0773958014778826
0.05,0.0462239856594051
0.05,-0.0294857229094815
0.05,0.0535505415142362
0.05,0.00288312707603556
0.05,-0.0210450209265447
0.05,0.0524978897203625
0.05,0.0416632210119039
0.05,0.0611229696299035
0.05,0.0286949785398047
0.05,0.0332656613193994
0.05,0.00699573797366569
0.05,0.0148298022676929
0.05,0.00879461953881184
0.05,0.0302041617514026
0.05,0.0196551265087628
0.05,0.00487764582413189
0.05,0.0194497998045071
0.05,0.0313560570815032
0.05,0.0077337131488545
0.05,0.0469807892456568
0.05,0.0233993557546745
0.05,0.0350618393411045
0.05,0.0299107501894733
0.05,0.0618166709690979
0.05,0.0254590907245153
0.05,0.0138830439932454
0.05,0.00577607130503564
0.05,0.0636184166092038
0.05,0.0503951844758412
0.05,0.04204464630596
0.05,0.0369189223616144
0.05,0.0127846375127206
0.05,0.0283797418721528
0.05,0.0737316057643965
0.05,0.0197014167595498
0.05,0.0456547240814094
0.05,0.065144333579265
0.05,0.0347440321084472
0.05,0.0383284465304203
0.05,-0.000912334539527183
0.05,0.0370080558228441
0.05,0.0153698174620809
0.05,0.0835982994941393
0.05,0.0313855138566415
0.05,0.0598500770592198
0.05,0.0286060979598309
0.05,0.0284075535377242
0.05,0.0614599463345992
0.05,0.0115444057565342
0.05,0.0751413933250098
0.05,0.0700918517104822
0.05,0.0253250997003427
0.05,0.0210970765502663
0.05,0.0436601730162461
0.05,0.00617709563550458
0.05,0.0304730802180151
0.05,-0.00708154309337425
0.05,0.0200328256190707
0.05,0.0687298678319301
0.05,-0.00128673959509066
0.05,0.0209516416947418
0.05,0.0524996568463343
0.05,0.0420254111318924
0.05,0.0617957256156321
0.05,0.0911041553851349
0.05,0.0819069155854664
0.05,0.0298410785021171
0.05,0.0719941936655748
0.05,-0.00617392496322671
0.05,-0.0104722165284662
0.05,0.0242957363461596
0.05,0.0026213651657985
0.05,0.0302029988250818
0.05,0.0248890389328157
0.05,0.0399793741892159
0.05,0.0834137351404224
0.05,0.0399437402213475
0.05,0.0372876637892035
0.05,-0.00448077487348926
0.05,0.0567289141565693
0.05,0.0227713567174191
0.05,0.017751399330958
0.05,0.0658572714641471
0.05,0.0745807284844432
0.05,0.070179373381311
0.05,0.036636630976172
0.05,0.0635614357811254
0.05,0.0382448371604658
0.05,0.0439139732010683
0.05,0.0567451359513155
0.05,0.0110863540305349
0.05,0.0480301377564344
0.05,0.0681819550950119
0.05,0.0276164785162012
0.05,0.000939475372908194
0.05,0.0235455874798654
0.05,0.00307959750425446
0.05,0.0387334112655139
0.05,0.0162221794558848
0.05,0.0681214716850676
0.05,0.0554403737717281
0.05,0.0605369782385908
0.05,0.00959505963877755
0.05,0.0159895741786436
0.05,0.0720730929342882
0.05,0.043849709726369
0.05,0.0350972594976007
0.05,0.0831859326670316
0.05,0.0791821832661152
0.05,0.0450095580848635
0.05,0.0420609645571367
0.05,0.0662463300533016
0.05,0.0107775728345121
0.05,0.0213148511681682
0.05,0.0405422850337993
0.05,0.0177068297577381
0.05,0.0426110309938666
0.05,0.0180768618403065
0.05,0.0856709792318882
0.05,0.0716350680628554
0.05,0.0352276413468079
0.05,0.0669324484951538
0.05,0.0280117068924348
0.05,0.0660968059363541
0.05,0.0220099429616204
0.05,0.0616243209143737
0.05,0.0311880149112935
0.05,0.0867695723170818
0.05,0.074106836860396
0.05,0.0671180637741624
0.05,0.0578088489265678
0.05,0.0288532110072812
0.05,0.0596979101933193
0.05,0.0279852517374149
0.05,0.0102771981983986
0.05,0.0362529526072368
0.05,0.0439058138572224
0.05,0.0622348959544949
0.05,0.000406478085560114
0.05,0.0657181997290855
0.05,0.0551152386947725
0.05,0.0295349397288924
0.05,-0.0118629081463837
0.05,0.035774108898978
0.05,0.061662206382235
0.05,0.0791475849787821
0.05,0.0424866809828535
0.05,0.0588108515698208
0.05,0.00828308621890223
0.05,-0.00133721424952146
0.05,0.0572150430580774
0.05,0.0394867569386133
0.05,0.0718660698950447
0.05,0.078488999364989
0.05,0.077516117505263
0.05,0.0631252276379726
0.05,0.0699039445735373
0.05,0.0832670031429687
0.05,0.0772679250616311
0.05,0.0330036861372639
0.05,0.0367355982476941
0.05,0.0272425987967607
0.05,0.0373459594358222
0.05,0.0150699670549213
0.05,0.068873683876185
0.05,0.0741401545254766
0.05,0.0399449323838248
0.05,0.0381111672624353
0.05,0.075174707548694
0.05,0.0124908944846182
0.05,0.0326872231942744
0.05,0.0476981543882829
0.05,0.047690610854117
0.05,0.000418458983446211
0.05,0.0677299427178737
0.05,0.0460547972321383
0.05,0.0405157564837745
0.05,0.0557776520877587
0.05,0.0276482848616102
0.05,0.0291865287948597
0.05,0.0347996390351748
0.05,0.0171237976435443
0.05,0.101979932728999
0.05,0.0410359100220744
0.05,0.0789229113721375
0.05,0.025290687282301
0.05,0.0434689365809703
0.05,0.0632507666163512
0.05,0.0290470344044219
0.05,0.0742846368326568
0.05,0.0553050776929857
0.05,0.0299099742450005
0.05,-0.0127700400108304
0.05,0.0081130891519352
0.05,0.0415543534499242
0.05,0.091944533169543
0.05,0.0236323102188052
0.05,0.0277210899181316
0.05,0.00207648705284593
0.05,0.0610085781951167
0.05,0.0746723529966125
0.05,0.0171997725836206
0.05,0.0498668881836288
0.05,0.0866044960532705
0.05,0.0853945818101576
0.05,0.0562925149298253
0.05,0.0556267603427809
0.05,0.0212141746825599
0.05,-0.00718905326812484
0.05,0.026055663011321
0.05,0.0202213174960301
0.05,0.000171903891100016
0.05,0.0542688344524941
0.05,0.0380578979547001
0.05,0.0445392310349046
0.05,0.0245921287617645
0.05,0.0231787924916376
0.05,0.0461077175792152
0.05,0.0263056042297837
0.05,0.0554266601005841
0.05,0.0161131610549348
0.05,0.0687634393766092
0.05,0.0805413938469329
0.05,0.0534934407766977
0.05,0.000865458028673378
0.05,0.0319840526078595
0.05,0.0895117900059774
0.05,0.0438067881950649
0.05,-0.0055968986361123
0.05,0.0328919976472746
0.05,0.0364647622787724
0.05,0.0935522545145617
0.05,0.074695085066978
0.05,0.0814693104835938
0.05,0.0504810992138561
0.05,0.0638545574845676
0.05,0.0149202590751096
0.05,0.030149057947285
0.05,0.0293845917963819
0.05,0.0574917780640762
0.05,0.0175687964373276
0.05,0.0549988351111807
0.05,0.0384225972406473
0.05,0.0918259331052832
0.05,0.0856315758658941
0.05,0.0805855999342795
0.05,0.0382331575879159
0.05,0.0310147978118954
0.05,0.0442549161459782
0.05,0.0139854859727923
0.05,0.0281250765507366
0.05,0.0184846423793447
0.05,0.0287625735370268
0.05,0.0340951832485842
0.05,0.0511750740829003
0.05,-0.0066447806202441
0.05,0.0890835991014281
0.05,0.0427942239876582
0.05,0.0530075268946795
0.05,0.0323018299414653
0.05,0.0268182164768207
0.05,0.0101313150567094
0.05,0.00319880907405655
0.05,0.064373684841879
0.05,0.063590299504505
0.05,0.0546224230947992
0.05,0.0223275244223576
0.05,0.0697162566712569
0.05,0.00324853503937164
0.05,0.0559075936448714
0.05,0.004171227708046
0.05,-0.0212631289711867
0.05,0.0779229414184027
0.05,0.0587344935820463
0.05,0.0400112011347209
0.05,0.046709791019879
0.05,0.0395095007075293
0.05,0.0594592784812256
0.05,0.0530839223696865
0.05,0.0307441494768582
0.05,-0.0113022400694032
0.05,0.0386809471762092
0.05,0.025016310522884
0.05,0.0113557217133849
0.05,0.0599426300435905
0.05,0.0701560535975495
0.05,0.0530928920151382
0.05,0.0579313554054345
0.05,0.0581405170019886
0.05,0.0587640308113264
0.05,0.0186135240299689
0.05,0.0957785631112765
0.05,0.030215409213001
0.05,0.0346092949919885
0.05,0.0845973819162414
0.05,0.0152651112179197
0.05,0.0472913672177943
0.05,-0.0196429642440238
0.05,0.0158067960992261
0.05,0.0365138555034898
0.05,0.0165059367902962
0.05,0.0599724896798935
0.05,0.0608076771201034
0.05,0.0379380746312185
0.05,0.000246981910703133
0.05,0.0740682757337936
0.05,0.0465277517472624
0.05,0.0766484540102256
0.05,0.0795132041268077
0.05,0.0304998537720962
0.05,0.0325901484435996
0.05,0.00345892231280644
0.05,0.0133177724276298
0.05,0.0945673577417505
0.05,0.0454156906837712
0.05,0.0661605321400131
0.05,0.0515041422877067
0.05,0.0258879064802354
0.05,0.0587385932442672
0.05,0.0307886130334217
0.05,0.0439094856171805
0.05,0.0503002754303213
0.05,0.0431621051449827
0.05,0.0621364147487691
0.05,0.0415246301385229
0.05,0.022843155958527
0.05,0.078781591685567
0.05,0.0445704883754206
0.05,0.018650205396057
0.05,0.00780907179422191
0.05,0.0591150614355013
0.05,0.026121603268671
0.05,0.057317012564437
0.05,0.00399502732212216
0.05,0.0822547219575387
0.05,0.0653664165058803
0.05,0.0514872710419095
0.05,0.0394511550566717
0.05,0.0383407269698709
0.05,0.0210671901072666
0.05,0.0639612562574746
0.05,0.0161754553654975
0.05,0.012307348203552
0.05,0.0401302436421216
0.05,0.0711565045999829
0.05,0.062010072047368
0.05,0.0837316523465216
0.05,-0.0045599975566474
0.05,0.092041025810827
0.05,0.0184179629155688
0.05,0.0387020178654388
0.05,0.0283928641574911
0.05,0.047255731312082
0.05,0.0570390133713467
0.05,0.043260332248441
0.05,0.0309851368133263
0.05,0.0381700322808821
0.05,0.0621855765824655
0.05,0.0232557991544186
0.05,0.0975470974154675
0.05,0.0459785929559745
0.05,0.0343140755443479
0.05,0.049634301832609
0.05,-0.0254399748963126
0.05,0.0639477290293974
0.05,0.0748599785394938
0.05,0.0366216393568341
0.05,0.0380031846067962
0.05,0.0304754742072942
0.05,0.0644701415087735
0.05,0.0777237505654313
0.05,0.0193173113502622
0.05,0.0601266588805699
0.05,0.036572648082518
0.05,0.0163294370573997
0.05,0.0343978276435319
0.05,0.059655161433263
0.05,-0.0110189691288054
0.05,0.0504758774608069
0.05,0.0693630120376741
0.05,0.0427005626638707
0.05,0.0245808051483064
0.05,0.0190553641909536
0.05,0.0416573395747468
0.05,0.0710115837982519
0.05,0.0437283988191283
0.05,0.0518971090166036
0.05,0.0212299985170864
0.05,0.0381569574103619
0.05,0.0477261568706425
0.05,0.0507159182373591
0.05,0.054384947861129
0.05,0.032136575905794
0.05,0.0504880378301943
0.05,0.0296623655125291
0.05,0.0588924396443995
0.05,0.0132888511329252
0.05,0.0188274192433276
0.05,0.0677151353974068
0.05,0.0474539925438478
0.05,-0.00571990447251568
0.05,0.0510522062252548
0.05,0.0542687816397505
0.05,-0.0132628895279334
0.05,0.0274722062508436
0.05,0.0491073507301088
0.05,0.0780746874406864
0.05,0.0339457079546528
0.05,0.0537959765758149
0.05,0.063144352124492
0.05,0.0566410382755308
0.05,0.0040612312405204
0.05,-0.00726749574699404
0.05,0.041150134433759
0.05,0.0563226400886829
0.05,0.0452126228677012
0.05,0.0252991478721697
0.05,0.0100221358909894
0.05,0.0532400195488217
0.05,0.0386152100779983
0.05,0.0638807630790679
0.05,0.0646305648126915
0.05,0.0385386529220548
0.05,-0.0120765607018037
0.05,0.0676687313700066
0.05,0.0152004159507532
0.05,0.0640665311334388
0.05,0.0671671664230726
0.05,0.062916369424028
0.05,0.0029028191569869
0.05,0.0296302678537857
0.05,0.0369870294033079
0.05,0.099471080345549
0.05,0.0219268525728539
0.05,0.0969638628800735
0.05,0.0577656707916984
0.05,0.104619930737529
0.05,0.0386090389322395
0.05,0.0561130041097039
0.05,0.0145921366939784
0.05,0.0567743034772805
0.05,0.0572212321651225
0.05,0.0518865719632748
0.05,0.0277293571667294
0.05,0.00267577228213693
0.05,0.0145776069110994
0.05,0.0460068135528853
0.05,0.0877482423278067
0.05,0.0761664489457645
0.05,0.0275243413244221
0.05,0.0548226007775958
0.05,0.0410049043752296
0.05,0.0485760175821315
0.05,0.0293682152120698
0.05,0.0490009861714577
0.05,0.0518188586593977
0.05,0.06281239633829
0.05,-0.0188432610449731
0.05,0.048692189152043
0.05,-0.0177221639985602
0.05,0.0779248663143189
0.05,0.0722551660517464
0.05,0.0766107721202758
0.05,0.0248244881110156
0.05,0.0460128997071765
0.05,0.0485540173600119
0.05,-0.00868185096434972
0.05,0.0333846632280984
0.05,0.071839334751605
0.05,0.049994985744886
0.05,0.0832813584638637
0.05,0.0925891509281478
0.05,0.0244650470359403
0.05,-0.022802885403758
0.05,0.0454398921950313
0.05,0.0360265406817763
0.05,0.0395706248042524
0.05,0.0132699386192254
0.05,0.057060473895588
0.05,0.0709363632121249
0.05,0.0237975101049153
0.05,0.0560505213332711
0.05,0.0235718995867965
0.05,0.0354450742574285
0.05,0.073356754752673
0.05,0.0749167149049342
0.05,0.0379485534304008
0.05,0.0621019562352419
0.05,0.0534721796195937
0.05,0.0408857585651711
0.05,0.0093167378412431
0.05,0.0234685009960522
0.05,0.0388083112203913
0.05,0.0658362195945694
0.05,0.0391399316109633
0.05,0.00836121910650214
0.05,0.0451306333554634
0.05,0.0139798987675134
0.05,0.0380176927803041
0.05,0.0747506787983028
0.05,0.0637215752737392
0.05,0.0745331345487009
0.05,-0.0185630312508195
0.05,0.087119518712484
0.05,0.0119907135589127
0.05,0.063205846721653
0.05,0.0467432756463298
0.05,0.0592229879092042
0.05,0.00973964096320496
0.05,0.0876104876861797
0.05,0.0440156945098561
0.05,0.0625660737410877
0.05,0.0365188653123808
0.05,0.0407111414602612
0.05,-0.00964022949245117
0.05,0.00321279605589291
0.05,0.00892331255499833
0.05,0.0696503290286991
0.05,0.0937153935309128
0.05,0.0370166016412988
0.05,0.0716680615102032
0.05,0.00829438813212143
0.05,0.105452984509696
0.05,0.0340533022223225
0.05,0.0130271019333534
0.05,0.0634185155773977
0.05,0.0759662098419148
0.05,0.0653564634654359
0.05,0.0488996326781197
0.05,0.0652899096588405
0.05,0.0307933373608691
0.05,0.0300939974048488
0.05,0.0112950673859982
0.05,0.0141672498587615
0.05,0.00962751330648123
0.05,0.0570111112303269
0.05,0.0653041398146843
0.05,0.0327914125333186
0.05,0.00919734080947237
0.05,0.0631224170574307
0.05,-0.016942369209578
0.05,0.019217948373794
0.05,0.0528701508847071
0.05,0.0403814291688589
0.05,0.0711435814004889
0.05,0.0332385895506477
0.05,0.0648439660890308
0.05,0.0832915362483342
0.05,0.0718197639783429
0.05,0.0699265936256056
0.05,0.0399853944522323
0.05,0.0486599710954773
0.05,0.0552020113453994
0.05,0.0626342055528354
0.05,0.0390961063361872
0.05,0.0184330730788462
0.05,0.0731265414929995
0.05,0.0886213863335043
0.05,0.0526161272942873
0.05,0.0497528273770967
0.05,0.0649712006229885
0.05,0.036761021962428
0.05,0.0679654208221133
0.05,0.0559018088423035
0.05,0.0565208969343737
0.05,0.0753062778136082
0.05,0.0534181485505859
0.05,0.0382808542222828
0.05,0.0220072276783158
0.05,0.069069032653182
0.05,0.0256960799753703
0.05,0.0191433781836574
0.05,0.0754386193951916
0.05,0.0364216314718019
0.05,0.0218229934121438
0.05,0.0295516697668083
0.05,0.0788876718056839
0.05,0.024483895933066
0.05,0.00566545424494005
0.05,0.057895977676098
0.05,0.01933560805045
0.05,0.0374521884065315
0.05,0.0488903076560278
0.05,0.0732071584156502
0.05,0.0235718938401657
0.05,0.0588107052920279
0.05,0.0276666222817098
0.05,0.0307039671965889
0.05,0.0494003676294752
0.05,0.069517056076367
0.05,0.0386892249223167
0.05,0.060534077239227
0.05,-0.00720267193138767
0.05,0.0445554845469737
0.05,0.0426589454740507
0.05,0.017985658988511
0.05,0.088731589508194
0.05,0.034308343001687
0.05,0.0668823213394335
0.05,0.0913698350328559
0.05,0.00870542317209572
0.05,0.053023449060272
0.05,0.0477049555797994
0.05,0.0113493571750275
0.05,0.0737912831359701
0.05,0.0265438662411045
0.05,0.0329588003748918
0.05,0.0242697196310296
0.05,0.0187184270799531
0.05,0.0157201598546737
0.05,0.0267835809887176
0.05,0.0370758724442185
0.05,0.0728233231707171
0.05,-0.00628469938512284
0.05,0.00958208910225779
0.05,0.0534013997837933
0.05,0.0222024159682767
0.05,0.0700892348617262
0.05,0.0598238162306774
0.05,0.0137382461772382
0.05,0.0637491150091387
0.05,0.0465961568913546
0.05,0.0126785605219947
0.05,0.024446412580995
0.05,0.0533024973020585
0.05,0.0763903054129144
0.05,0.0626517814515415
0.05,0.0524970145932584
0.05,0.0256303962072775
0.05,0.0899874830020873
0.05,0.0407991575750636
0.05,0.0857720586221219
0.05,0.000285409389964811
0.05,0.0940237489299244
0.05,0.0208320924729247
0.05,0.087811044869715
0.05,0.0479153467598923
0.05,0.0527650213440972
0.05,0.0464101537069681
0.05,0.0634621438105688
0.05,0.0431556469169927
0.05,0.0744966243079715
0.05,0.0313231750763723
0.05,0.0135340106145005
0.05,0.051232773386898
0.05,0.0512408927607482
0.05,0.0119158633561799
0.05,0.0321514321654565
0.05,0.0686347037979282
0.05,0.0279593772854969
0.05,0.0718498930969333
0.05,0.0501964357832552
0.05,0.00777722294975994
0.05,0.0342625097815618
0.05,0.0212580987605409
0.05,0.0572935590634922
0.05,0.00612763954804123
0.05,0.0493490411604021
0.05,0.0166143126647128
0.05,0.0555254570269312
0.05,0.0415129295465382
0.05,0.0600652174315155
0.05,0.0530938214413371
0.05,0.0606021408815466
0.05,0.00698371102461419
0.05,0.060935936647755
0.05,0.0590642580263819
0.05,0.0434017198593944
0.05,0.0340572109987382
0.05,0.00715042689358283
0.05,0.0285556181686455
0.05,0.041780474709461
0.05,0.0765409053241996
0.05,0.0617846269650565
0.05,0.0283351368185149
0.05,0.0723026248351551
0.05,0.0557886895341713
0.05,0.0447874916636394
0.05,0.0560953728787864
0.05,0.0205518459491606
0.05,0.0317629789658955
0.05,0.0321683092238903
0.05,0.0443142010825385
0.05,0.0070471537792397
0.05,0.0655848166150712
0.05,0.0928365719996006
0.05,0.0264625612453167
0.05,0.0288241585613285
0.05,0.092244034089773
0.05,0.0296121540062553
0.05,0.0262189832666836
0.05,0.027476120723128
0.05,0.0516079235682788
0.05,0.0584443071241622
0.05,0.0199576989626998
0.05,0.0185358294011064
0.05,0.0532844500979004
0.05,0.0230980042974269
0.05,0.0856881093090837
0.05,0.0189922828988126
0.05,0.0559371065207772
0.05,0.0545381891567556
0.05,0.0857191302329374
0.05,0.0597262956607097
0.05,-0.0153288283818005
0.05,0.064710176559089
0.05,0.0605887734146636
0.05,0.0564928603560686
0.05,0.0530931445436265
0.05,0.0139476918397198
0.05,0.0736974127515618
0.05,0.0157829249818503
0.05,0.0593944030404622
0.05,0.0517605155305846
0.05,0.0607100824401492
0.05,0.0548694540976657
0.05,0.0288133337448067
0.05,0.0666110432903374
0.05,0.0489196825771287
0.05,0.048236086978427
0.05,0.0616933527084812
0.05,0.0558839453328393
0.05,0.0875155097212053
0.05,0.0492127395893778
0.05,0.0762932234829361
0.05,0.033167359931113
0.05,0.0750382915499297
0.05,0.0316847405884769
0.05,0.0618657001800056
0.05,0.0276458666951576
0.05,0.00497722109815706
0.05,0.0184130963059303
0.05,0.0426956825478848
0.05,0.0611765981033191
0.05,0.0164318081482247
0.05,0.0316361254285048
0.05,0.0394216980355901
0.05,0.031290096189337
0.05,0.0987237494383264
0.05,0.0324785425641307
0.05,0.0594993579248876
0.05,0.0443487364065296
0.05,0.0457253917662834
0.05,0.0264801992992353
0.05,0.0736538976473456
0.05,0.0639849698012365
0.05,0.0486736525384757
0.05,0.057547076933831
0.05,0.0679388894325621
0.05,0.00141298720273211
0.05,0.0399891280534974
0.05,0.0973245218721194
0.05,0.0451725414974722
0.05,0.0473642755778251
0.05,0.0242875802612054
0.05,0.0409825679527542
0.05,0.0103974380911273
0.05,-0.0113289257212826
0.05,0.052157183552724
0.05,0.067553714520035
0.05,0.0353400840679935
0.05,0.0307189426816496
0.05,-0.00903364773860452
0.05,0.00266147156883004
0.05,0.0321291591217975
0.05,0.0474593887650933
0.05,-0.0104051523452644
0.05,0.014484532687009
0.05,0.0591997560559378
0.05,0.112425636248969
0.05,0.0618818232748054
0.05,0.0415527814959981
0.05,0.0428456471248089
0.05,0.039013496925069
0.05,0.0189469335117487
0.05,0.0124158743116973
0.05,0.0249434866647886
0.05,0.0220276437859671
0.05,0.0899495605816488
0.05,-0.0129960930272103
0.05,0.0583504470139038
0.05,0.0422755400876067
0.05,0.0572869173690197
0.05,0.01868256974371
0.05,0.0802165920924044
0.05,0.0412005360732586
0.05,0.0776607618768066
0.05,-0.000133292137965072
0.05,0.0496377885819762
0.05,0.0323785758337272
0.05,0.064776382821178
0.05,0.0378614507790066
0.05,0.0280778560054509
0.05,0.00913539849496542
0.05,0.0197388274748683
0.05,0.0500253949371955
0.05,0.057422961723568
0.05,0.00949603924016196
0.05,0.0227606461131565
0.05,0.046052834614464
0.05,-0.00276773640917256
0.05,0.0421431834196258
0.05,0.00332901614740745
0.05,0.0339101307565812
0.05,0.0665346863226695
0.05,0.0573727047379276
0.05,0.0808682930459148
0.05,0.0193991889525732
0.05,0.0700557093270623
0.05,0.028583362204961
0.05,-0.0105923081707621
0.05,0.0970519733293818
0.05,0.0300640721861051
0.05,0.00141427125046459
0.05,0.0589363258681367
0.05,0.016613011717524
0.05,0.0507966914669812
0.05,0.0397003817423349
0.05,0.0867492288945968
0.05,0.0304043370799305
0.05,0.0450976084743377
0.05,0.0686214580583405
0.05,0.0147785234598265
0.05,0.0468981188353789
0.05,0.0813672164547673
0.05,0.0500409932867238
0.05,0.0355969175189493
0.05,0.0256407883590831
0.05,0.0670899819822994
0.05,0.0851609888266039
0.05,0.00800528600924146
0.05,0.0224880677781032
0.05,0.0330888419118758
0.05,0.0844300287978834
0.05,0.0326567290851352
0.05,0.0369184834153415
0.05,0.045158599783729
0.05,0.00850270496854794
0.05,0.0626652882668421
0.05,0.0113736473281359
0.05,0.0723374801610741
0.05,0.0265798039707191
0.05,0.00963461772806673
0.05,0.026456740905825
0.05,0.0606549931292782
0.05,-0.0189107280560483
0.05,0.025218565397688
0.05,0.0140860452100394
0.05,0.0861126403136859
0.05,0.0331487724466516
0.05,0.0263501555471404
0.05,0.0143003350909157
0.05,0.0197104627046678
0.05,0.0252515204243786
0.05,0.0373590581595856
0.05,0.0163456705078963
0.05,0.0271968708232915
0.05,0.0187023004817669
0.05,0.0120464045815061
0.05,0.0657023852972477
0.05,0.0400489986027597
0.05,0.0500286583911963
0.05,0.0416093945497847
0.05,0.0674104505964947
0.05,0.043339182340935
0.05,0.0332714501165854
0.05,0.0466166102636417
0.05,0.00386312548668615
0.05,0.102844590337238
0.05,0.0449205772651989
0.05,0.0285741950872576
0.05,0.0712358246842143
0.05,0.0452751828761995
0.05,0.0504968683005808
0.05,0.0616810689934192
0.05,0.078132541469692
0.05,0.0726843087696071
0.05,0.0316264598648172
0.05,0.0378069258157515
0.05,0.0619570366056678
0.05,0.0368936741519919
0.05,0.0540668601405012
0.05,0.0606279271800926
0.05,0.0595927997326361
0.05,0.0530835241904712
0.05,0.0351772866723045
0.05,0.0555548361829483
0.05,0.0496099653400686
0.05,-0.00703856259258029
0.05,0.0610455435663691
0.05,0.0143687244975026
0.05,0.0449006234630633
0.05,0.0387682963189402
0.05,0.0314877942197061
0.05,0.0511722607078011
0.05,0.055463360965265
0.05,0.04496877313832
0.05,0.0310989020314109
0.05,0.0835664879680495
0.05,0.0496669640381702
0.05,0.0508741233448707
0.05,0.0547419982016179
0.05,0.0309517018453074
0.05,0.0507525091490845
0.05,0.0276092907157647
0.05,0.0374660698105603
0.05,0.0483047234176055
0.05,0.0511535551543423
0.05,0.0521352470714924
0.05,0.0616813881639866
0.05,0.0188328096388882
0.05,0.00625066567524524
0.05,0.0755783696619167
0.05,0.0394629780288704
0.05,0.0518343162219025
0.05,0.0692953949553324
0.05,0.0717685840945546
0.05,0.07862044953819
0.05,0.0209963838071457
0.05,0.0312809429916762
0.05,0.0622566486535129
0.05,-0.00510496257925708
0.05,0.0486994479099608
0.05,0.0153615110033166
0.05,0.0128200378666655
0.05,-0.010801786259879
0.05,0.0228548864482411
0.05,-0.00578707957447692
0.05,0.0553416434755282
0.05,0.0600727967862562
0.05,0.037086952339683
0.05,0.0431665368945544
0.05,0.0297935901814202
0.05,0.0296095119974373
0.05,0.0713968656616241
0.05,-0.00731623770897894
0.05,0.00473598222176051
0.05,0.053610322850798
0.05,0.0471332151067168
0.05,0.0472365998424478
0.05,0.0156887560680328
0.05,0.00225158365026439
0.05,0.0117200445357275
0.05,0.060793510314235
0.05,0.0545781705470577
0.05,0.0245717781480122
0.05,0.0429637984026216
0.05,-0.00861559548591205
0.05,0.0455409683144887
0.05,0.0513685963860275
0.05,0.0170366344015008
0.05,0.0423846979019464
0.05,0.0773626620006019
0.05,0.0716345071158074
0.05,0.0328858971988979
0.05,0.0652812715454985
0.05,0.0563522205527553
0.05,0.0538577432335442
0.05,0.0181246973702042
0.05,0.0323159593170361
0.05,0.0543082065252091
0.05,0.0649731519591184
0.05,0.0340649462428699
0.05,0.077659906225967
0.05,0.0398026846201058
0.05,0.0482417440854753
0.05,0.0366994897209598
0.05,0.0873665931963357
0.05,0.0904947267063456
0.05,0.0129973324950317
0.05,0.0911448893149511
0.05,0.0825351284311544
0.05,0.0115453202808297
0.05,-0.0112150262709274
0.05,0.0274548642723974
0.05,0.0491487940800419
0.05,0.0259502917652274
0.05,0.0311580629499312
0.05,0.048230164286146
0.05,0.0879934831336386
0.05,0.0480966654707384
0.05,0.0698231116620923
0.05,0.030125950758203
0.05,0.0191882220599765
0.05,0.0610479525347674
0.05,0.00526698087572336
0.05,0.0329649828626429
0.05,0.0449703698672532
0.05,-0.00241927639366248
0.05,0.0778121461082914
0.05,0.0410787229196024
0.05,0.0495179296183504
0.05,0.0649438348864824
0.05,0.0483103442934945
0.05,0.0119563335753568
0.05,0.019113515192177
0.05,0.0707321823019166
0.05,0.0265388792785483
0.05,0.0699350485027536
0.05,0.0376155812752203
0.05,0.0219949752472309
0.05,0.0522244027679108
0.05,0.0490530914864476
0.05,0.0638291028281792
0.05,0.0408613605034665
0.05,0.0240217140802685
0.05,0.0411560485223949
0.05,0.0756660737139573
0.05,-0.0116507045379151
0.05,0.0565993320186566
0.05,0.0593401013601081
0.05,0.0357383378227752
0.05,0.0535577569483833
0.05,0.0491253905700445
0.05,0.0433871079300259
0.05,0.0732343368960549
0.05,0.0357520453071684
0.05,0.0528862186185356
0.05,0.0845500533650489
0.05,0.0539810591685255
0.05,0.0447500531834653
0.05,0.0324661563135604
0.05,0.0375282531286398
0.05,0.0463506378734569
0.05,0.0745929389534278
0.05,0.0613252281525824
0.05,0.0308616787783873
0.05,0.0507410992544936
0.05,0.0396682073331466
0.05,0.0190373131244014
0.05,0.0747662328929319
0.05,0.0284528555692976
0.05,0.0419207048388515
0.05,0.0220061341438897
0.05,0.061505779509615
0.05,0.0460800136188519
0.05,0.0483005525926976
0.05,0.0396806328933824
0.05,0.0123326039995929
0.05,0.0411868774362127
0.05,0.047517951452286
0.05,0.006292628224915
0.05,0.0728131677873788
0.05,0.0542420251054427
0.05,-0.00455853506818145
0.05,0.0224449082519106
0.05,0.079038200100035
0.05,0.0379009257259795
0.05,0.00675186758655651
0.05,0.0308221990290674
0.05,0.0605836900585958
0.05,0.0382758703402576
0.05,-0.0174945039704861
0.05,0.0141009141356685
0.05,0.030260020667779
0.05,0.0416215534146395
0.05,0.0426018138971525
0.05,0.0450535707537755
0.05,0.0768074553175819
0.05,0.0626904509556529
0.05,0.0684489060753646
0.05,0.011478569840649
0.05,0.0416667777655044
0.05,0.0378000540511415
0.05,0.0842704688757649
0.05,0.0131018313551972
0.05,0.0936398775296443
0.05,0.0297127873309701
0.05,-0.0163444295780839
0.05,0.0349406846692402
0.05,0.0775638382085456
0.05,0.0362367814721014
0.05,0.100348430765074
0.05,0.0492871898247162
0.05,0.0314309994179747
0.05,0.0251057753538749
0.05,0.0234301214810359
0.05,0.0495423906858058
0.05,0.0175080776158246
0.05,0.0613606329950288
0.05,0.0564192745332732
0.05,0.0449626903214911
0.05,0.0684016723336937
0.05,0.0505190572535807
0.05,0.0442450287088776
0.05,0.0434518302960638
0.05,0.0782112400052593
0.05,0.0759142837417401
0.05,0.0398300275251055
0.05,0.0692565534355755
0.05,0.0625790147729606
0.05,0.0479170350472182
0.05,0.0478894529242639
0.05,0.0480910034145296
0.05,0.0310943047477333
0.05,0.0707920865495682
0.05,0.0256989283321297
0.05,0.0403438932728789
0.05,0.0833646887318027
0.05,0.0515771002847495
0.05,0.0476614245459485
0.05,0.0535744561741525
0.05,0.0658837391857829
0.05,0.04578051462324
0.05,0.026183955889005
0.05,0.0535657843465494
0.05,0.0133226836412926
0.05,0.0855606315393389
0.05,-0.00747067943280796
0.05,0.024584874159646
0.05,0.0904624371444556
0.05,0.0613109567739602
0.05,0.0328889667982093
0.05,0.0111358778699246
0.05,0.0407098179233547
0.05,-0.00441205941196328
0.05,0.0465630087543116
0.05,0.0352129092446971
0.05,0.0442797690321323
0.05,0.0136059229610262
0.05,0.0419251851203329
0.05,0.0680519142052894
0.05,0.0497146900697866
0.05,0.0555414246029629
0.05,0.0675488633002593
0.05,0.0300486546764881
0.05,0.0748443161076861
0.05,0.0321726448197838
0.05,0.0950161393927195
0.05,0.0483237611723593
0.05,0.0306184913449528
0.05,0.056906509823634
0.05,0.0483416216240185
0.05,0.010790753385194
0.05,-0.00985443779637717
0.05,0.132007707600517
0.05,0.0725158913299215
0.05,0.046307136859806
0.05,0.0621011244458275
0.05,0.0785406154917236
0.05,0.0613321229047068
0.05,0.0223049430968381
0.05,0.0496388761341081
0.05,0.038063983121801
0.05,0.0367052972769908
0.05,0.055273020572789
0.05,0.073062890881758
0.05,0.0317531649934471
0.05,0.0429274268597326
0.05,0.0629166643448419
0.05,0.0534338755811912
0.05,0.0324426798896573
0.05,0.0721015776438805
0.05,0.0229662875209078
0.05,0.0204567033579876
0.05,0.0758531885431492
0.05,0.0251973683271317
0.05,0.0526589950383278
0.05,0.0697756732002294
0.05,0.0606203377891884
0.05,0.0386080384798803
0.05,0.0365610012326767
0.05,0.0570502623228466
0.05,0.0774265119967676
0.05,0.0446755615696941
0.05,0.037862876889786
0.05,-0.00563778765256016
0.05,-0.00192506845084048
0.05,0.0604960807205998
0.05,0.0328221225501707
0.05,0.0557946829817582
0.05,0.0247700417899127
0.05,0.0665202091405948
0.05,0.0240616242588304
0.05,0.00990968884212351
0.05,0.0547923597611315
0.05,0.0612106068606351
0.05,0.023955829887642
0.05,-0.0121665892828274
0.05,0.088246294382074
0.05,0.053498054462434
0.05,0.0519323860502237
0.05,0.0356604800095677
0.05,0.0502559334530335
0.05,0.10431936433838
0.05,0.0564028050131186
0.05,0.0681564874645332
0.05,0.0234313738600705
0.05,0.0576141727461822
0.05,0.0125692475330557
0.05,0.0575858277734708
0.05,0.0762609188243119
0.05,0.0351177149723323
0.05,0.0607338892663907
0.05,0.0825191097248581
0.05,-0.00108520716327743
0.05,-0.0181704627022748
0.05,0.0537412559909589
0.05,0.101345154142479
0.05,0.0135058041963978
0.05,0.0706151225262615
0.05,0.00972383894360943
0.05,0.0701297496829943
0.05,0.033007953069769
0.05,0.0731832734964751
0.05,0.0459075890653978
0.05,0.0704669301975304
0.05,0.0436635490141758
0.05,0.0720294715066233
0.05,0.0483940227130847
0.05,0.00740293513936082
0.05,0.0475449046508047
0.05,0.0432073459812299
0.05,0.0870214003955433
0.05,0.0126012255219441
0.05,0.0230633733507476
0.05,0.0623428038330383
0.05,0.0442279285271982
0.05,0.0585409188331871
0.05,0.0677524682567961
0.05,0.0270999457937495
0.05,0.0426757265280957
0.05,0.0785725291195951
0.05,0.0657725402944147
0.05,0.0477604215395493
0.05,0.0458498687877261
0.05,0.0579071842563503
0.05,0.0327376957387047
0.05,0.051834152632708
0.05,0.0746081315526666
0.05,0.0237258877754658
0.05,0.039893390422149
0.05,0.0556364016035029
0.05,0.0870535699965949
0.05,0.0189225303078699
0.05,0.0182131992928953
0.05,0.071815848664133
0.05,0.0756957901545585
0.05,0.0496385969080184
0.05,0.046319476658211
0.05,0.018034787303729
0.05,0.00696233110017623
0.05,0.0947123474036093
0.05,0.0648450287859768
0.05,0.0248379574203967
0.05,0.017445793528177
0.05,0.0618009816557992
0.05,0.0951676446530543
0.05,0.0635702639593538
0.05,0.0303712793109009
0.05,0.0417912240990875
0.05,-0.0185199185897467
0.05,0.0573521207963045
0.05,0.062560540343604
0.05,-0.00548358602222093
0.05,-0.0150962746593026
0.05,0.0479864048214765
0.05,0.0399960077949408
0.05,0.0747155716904195
0.05,0.0547732377927812
0.05,0.0178181839184649
0.05,0.0400178790943501
0.05,-0.00332912397870758
0.05,0.049466342114954
0.05,0.0405084811697791
0.05,0.0481993943509888
0.05,0.0643653384808206
0.05,0.0565280360470324
0.05,0.0457269699755917
0.05,0.0205045969705508
0.05,0.0460648711418177
0.05,0.0336774988499317
0.05,0.0662729874693685
0.05,0.0147654204820247
0.05,0.0227953916870213
0.05,0.0174384165405637
0.05,0.0379444383395835
0.05,0.0602481294452238
0.05,0.0319488070370897
0.05,0.0484519024022476
0.05,0.0609594698448181
0.05,0.0585684138227299
0.05,0.0436262942205855
0.05,0.049074532207741
0.05,0.0801245719648252
0.05,0.0380463052002304
0.05,0.0222563457431084
0.05,0.0544353197393242
0.05,0.0792131262220715
0.05,0.0600526321378668
0.05,0.051316292325564
0.05,0.0308033802137724
0.05,0.00398786980471839
0.05,0.0603910025912853
0.05,0.0323510856691259
0.05,0.0732155327054496
0.05,0.0324640899423133
0.05,0.0594510728666592
0.05,0.0538632445609064
0.05,0.0440073866456583
0.05,0.0523984281760474
0.05,0.0573430188140638
0.05,0.0183705652923436
0.05,0.00924144853306997
0.05,0.0243690645363218
0.05,0.0621594970742776
0.05,0.0227870781590079
0.05,0.0524591629360511
0.05,0.0381380595270139
0.05,0.03800074216445
0.05,0.0568805742843971
0.05,0.0700909502603636
0.05,0.048046928695399
0.05,0.110290090962856
0.05,0.00597894037218228
0.05,0.0489801025554011
0.05,0.068182417745501
0.05,0.0476524914241426
0.05,0.0112925469726791
0.05,0.0990980260826378
0.05,0.0321874375791103
0.05,0.0852642186077609
0.05,0.0459687795326242
0.05,0.0359084783996898
0.05,0.0365151651228022
0.05,0.0193682503089184
0.05,0.0537668781473147
0.05,0.0445110413051644
0.05,0.0817629049123485
0.05,0.0435171238434731
0.05,0.037224748647201
0.05,0.0857573494673897
0.05,0.0095634131585498
0.05,0.014470474986543
0.05,0.0122510890366681
0.05,0.0189000378624442
0.05,0.00613936433492137
0.05,0.0332931546216804
0.05,-0.00654075782501928
0.05,0.071724463330796
0.05,0.0925333919748132
0.05,0.0533123716875372
0.05,0.0433704556648294
0.05,0.0188878554230638
0.05,0.0270621947895686
0.05,-0.0397996555749766
0.05,0.0560513886452278
0.05,0.0484265359067329
0.05,0.00114399809577742
0.05,0.0677280140100819
0.05,0.00715893460520835
0.05,0.0324760512483708
0.05,0.0246676651153517
0.05,0.0206062012827546
0.05,0.0738931861676872
0.05,0.0184840734373366
0.05,0.0474577978096937
0.05,0.0482592790890689
0.05,0.0529840876715587
0.05,0.035254089253031
0.05,0.0116913705329824
0.05,0.0319841593702805
0.05,0.0443099007389992
0.05,0.0262832630850763
0.05,-0.00905564031849646
0.05,0.034571378455992
0.05,0.0524107790071172
0.05,0.0506349105114474
0.05,0.0233908121618104
0.05,0.0694417102490444
0.05,0.0294373483339011
0.05,0.0623395498429549
0.05,0.0346377358406428
0.05,0.0803868674034951
0.05,0.0489652612002169
0.05,0.080835836105253
0.05,0.0343789406218396
0.05,0.0512441356749218
0.05,0.0649272566733727
0.05,0.0538220619589279
0.05,0.0821055403250765
0.05,0.0518398144028404
0.05,0.0192377466881798
0.05,0.051627207738835
0.05,-0.0021986850350539
0.05,0.0946103326300236
0.05,0.0528021770477159
0.05,0.0562580427143021
0.05,0.0395035694386244
0.05,0.0144962523412819
0.05,0.0208073797339523
0.05,0.0166591734529483
0.05,0.0321999859370505
0.05,0.0138258011719624
0.05,0.0495796258620996
0.05,0.0561202887072862
0.05,0.0542920796443097
0.05,0.0299151080880149
0.05,0.065688502792222
0.05,0.0486979969541276
0.05,0.0204775603966808
0.05,0.0428363657106474
0.05,0.0356918468021479
0.05,0.0285542333085392
0.05,0.0279964375284432
0.05,0.055554453994637
0.05,0.0634891819299812
0.05,0.0868210723740304
0.05,0.0324304521311767
0.05,0.0200541691318967
0.05,0.0445445377369055
0.05,0.0387483420684009
0.05,0.0595785175011036
0.05,0.0215121887730439
0.05,0.041500118671325
0.05,0.0271703965145404
0.05,0.0292568426382086
0.05,0.056060764164377
0.05,0.0174106965545828
0.05,0.013082397469892
0.05,0.0460197590898176
0.05,0.0195972555573111
0.05,0.0576997704130502
0.05,0.0286932180085604
0.05,0.00283544658366258
0.05,0.0444076655096601
0.05,0.0387716272950262
0.05,0.0561311260199593
0.05,0.0566352873834802
0.05,0.0698522879131214
0.05,0.00686149838238106
0.05,0.0381648625949999
0.1,0.0222888373898575
0.1,0.000163851971540322
0.1,0.0432968362587754
0.1,0.0709004669774895
0.1,0.0728163628333652
0.1,0.036530786292457
0.1,0.08478363471099
0.1,0.0707562900874802
0.1,0.052556759425023
0.1,0.0269993816260789
0.1,0.00872673666858505
0.1,0.00412022008771675
0.1,0.0856395883778007
0.1,0.0613591155840308
0.1,0.052737935457241
0.1,0.0741967235050651
0.1,0.0542983675416505
0.1,0.0749991611129267
0.1,-0.00387601153407554
0.1,0.0267745565279459
0.1,0.0714818755580391
0.1,0.052260555720502
0.1,0.0103595397070108
0.1,0.0478221560632525
0.1,0.0435810176175068
0.1,-0.0102498307486717
0.1,0.0281617363193122
0.1,0.044074320543903
0.1,0.0402618521435971
0.1,0.0313859290995299
0.1,0.042939504624349
0.1,0.0162708906227452
0.1,0.0766630997272745
0.1,0.0287363657093767
0.1,0.0310746091395827
0.1,0.0389013019902606
0.1,0.0606863469312633
0.1,0.0248732897566726
0.1,0.0462563568576935
0.1,0.0226538502706123
0.1,-0.00438031120480322
0.1,0.0559063469588932
0.1,0.041001692448966
0.1,0.0803468271795833
0.1,0.0136040368508451
0.1,0.0430200981828532
0.1,0.0529780127535335
0.1,0.103908887269899
0.1,0.039737860920173
0.1,0.0630586998878116
0.1,0.0226761928380536
0.1,0.0418178172142567
0.1,0.0299007406479702
0.1,0.0745805417887744
0.1,0.0437081974127585
0.1,0.0305704886688678
0.1,0.074093397447892
0.1,0.0236253673364305
0.1,0.0302963462667092
0.1,0.0334702731811528
0.1,0.063425301625978
0.1,0.0617041182712424
0.1,0.0830656147931637
0.1,0.0388103369309982
0.1,0.0546863653579588
0.1,0.015015304360905
0.1,0.0279569313564602
0.1,0.0207234076199927
0.1,0.0446473149243904
0.1,0.0413104171587223
0.1,0.0746783267074031
0.1,-0.00537784879559074
0.1,0.0451137018358887
0.1,0.0617124521907726
0.1,0.0787384101921128
0.1,-0.00151342181679654
0.1,0.0388156428849666
0.1,0.0788113639729009
0.1,0.0364917193858463
0.1,0.0340571174716062
0.1,0.0431493189156027
0.1,0.0507213380380879
0.1,0.0812275639957671
0.1,0.0592362011349075
0.1,0.06407861455578
0.1,0.0381560357091995
0.1,0.0588703030130332
0.1,0.0612585590300281
0.1,0.0663752760160077
0.1,0.0886246204281166
0.1,0.0284906384690215
0.1,0.0728984446399301
0.1,0.0121813115583499
0.1,-0.00064134028749281
0.1,0.0526780480838614
0.1,0.0525328489416835
0.1,0.0706392140414823
0.1,0.101278361749263
0.1,0.0383488221954403
0.1,0.0628033482726812
0.1,0.0939414862622823
0.1,0.00104808620658334
0.1,0.0621056506327556
0.1,0.0386943316008324
0.1,0.0305940699044095
0.1,0.0786745322087796
0.1,0.0580264293612718
0.1,0.0651592256927666
0.1,0.00361218261304814
0.1,0.0481566783967127
0.1,0.0710263597513053
0.1,0.0439630615244297
0.1,0.0775050071199827
0.1,0.0249214797809925
0.1,0.0549603587821771
0.1,0.0737917497488256
0.1,0.0675029267169507
0.1,0.0692179369001007
0.1,0.0191802280123075
0.1,0.0562168906558856
0.1,0.0370336581293493
0.1,0.083946798867793
0.1,0.0325880780123201
0.1,0.0556723485649532
0.1,-0.00696375476054737
0.1,0.0180899727446377
0.1,0.0705712833764764
0.1,0.0408068203386535
0.1,0.0347821563833893
0.1,0.0579102995488443
0.1,0.0311743348841547
0.1,0.00585452823238143
0.1,0.0325948613400346
0.1,0.0240630048345017
0.1,0.0184519526245992
0.1,0.0427967783037797
0.1,0.0333792342096163
0.1,0.0756334393144698
0.1,0.0388665542007664
0.1,0.0836900497532201
0.1,0.00976050550512489
0.1,0.051618860348489
0.1,0.0671876420661012
0.1,0.0361013949168094
0.1,0.0606399505334646
0.1,0.0297097942872857
0.1,0.0527900907732092
0.1,0.0167243665296707
0.1,0.0424878383350976
0.1,0.0565296050267005
0.1,0.0760015772159844
0.1,0.0636483231794786
0.1,0.0525699340738396
0.1,-0.0139441929108584
0.1,0.0261081408194516
0.1,0.0463380428376837
0.1,0.0637429239164757
0.1,0.0362858329389196
0.1,0.0528875031621667
0.1,0.0711490360483086
0.1,0.0320189469693169
0.1,0.0129951311507426
0.1,0.100752964164175
0.1,0.0063298197746329
0.1,0.0545355759856874
0.1,0.0331435953065944
0.1,0.0459682371469301
0.1,0.0588353350458363
0.1,0.0300692712826288
0.1,0.0420581062808368
0.1,0.0154185323631627
0.1,0.0652077321508712
0.1,0.0123397630855577
0.1,0.0290585794008672
0.1,0.0236585101584433
0.1,0.0194722549052592
0.1,-0.0200983494230495
0.1,0.0287125874441762
0.1,0.0718637917963688
0.1,0.010471249419291
0.1,0.0547327460847205
0.1,0.0203703641833531
0.1,0.0429831608898478
0.1,0.0620478089773497
0.1,-0.00446222302424014
0.1,0.0439488616027783
0.1,0.00924094374166013
0.1,0.0250164048099771
0.1,0.0716401876529587
0.1,0.0747714704919973
0.1,0.0714458722107307
0.1,0.0807146127039218
0.1,0.0473557974180456
0.1,0.021944687841062
0.1,-0.00266561308778778
0.1,0.0567750414807129
0.1,0.0109587116816624
0.1,-0.0117789842872113
0.1,0.0998897141552908
0.1,0.0501598513038788
0.1,0.050520760358323
0.1,0.0506799268453545
0.1,0.0190940121280974
0.1,0.100055939409287
0.1,0.0353251019865232
0.1,0.032192768700798
0.1,0.0251816148541345
0.1,0.0299823622445502
0.1,0.070923085461323
0.1,0.0454173628656749
0.1,0.0401213058956813
0.1,0.015998376702842
0.1,0.0239458211659173
0.1,0.0588296198148604
0.1,0.0129392935809331
0.1,0.009097882447388
0.1,0.0381535405532248
0.1,0.00684758981427052
0.1,0.0324746445978672
0.1,0.0165836023078731
0.1,0.0356338774832079
0.1,0.0334708469306815
0.1,0.0338027571711417
0.1,0.0615680960999707
0.1,0.0294116354824709
0.1,0.0483713630307872
0.1,0.0474832976906493
0.1,0.020008704517346
0.1,-0.012497612955784
0.1,0.0474803645454922
0.1,0.0312724135728209
0.1,0.0592947414548292
0.1,0.0544404217570334
0.1,0.0421347381322686
0.1,0.0731212965049688
0.1,0.0263289998564979
0.1,0.0594735722019464
0.1,0.0558973854416706
0.1,0.0210133423342877
0.1,0.0556923526698292
0.1,-0.00956534110135096
0.1,0.0598107515249374
0.1,0.0328940415248507
0.1,0.00128774111226812
0.1,0.041671538000285
0.1,0.064782350953063
0.1,0.0372096950246794
0.1,0.05831804013349
0.1,0.036448217462859
0.1,0.0146332844431634
0.1,0.039826249842834
0.1,0.0638704361668239
0.1,0.118517440662814
0.1,0.00385041314039245
0.1,0.070114229055978
0.1,7.22940224653646e-05
0.1,0.030727255490677
0.1,0.0372872575054424
0.1,0.00298955240077415
0.1,0.0546931994609042
0.1,0.00523541251324592
0.1,0.0207613553508162
0.1,0.0808271563687954
0.1,0.0884048530643098
0.1,0.0700349621710277
0.1,0.0400342933183075
0.1,0.0607041098263791
0.1,0.0459412413237607
0.1,0.099267320131544
0.1,0.0826130245460363
0.1,0.0085989530927396
0.1,0.0654199844551645
0.1,0.0195359941031556
0.1,0.0423232825169249
0.1,0.0414376510451892
0.1,0.0650320529355988
0.1,0.0124685536697671
0.1,0.0348032031969448
0.1,0.0769243447607497
0.1,0.0692731895387249
0.1,0.0159712072530838
0.1,0.0409877813577738
0.1,0.0622999159953721
0.1,0.0388176538451438
0.1,0.0599730179583217
0.1,0.00711661300908899
0.1,0.0464576291646253
0.1,0.069459692546742
0.1,0.0752486389753633
0.1,0.0497072264353435
0.1,0.000615461294183732
0.1,0.0476812659930409
0.1,0.041715868777244
0.1,0.037624285188078
0.1,0.0814126746384125
0.1,0.0214624160412083
0.1,0.050432102668259
0.1,0.0178980132270885
0.1,0.0672818337846662
0.1,0.0615813319654605
0.1,0.0286890847977793
0.1,0.0720038475534031
0.1,0.0353832586254534
0.1,0.0532088663205057
0.1,0.0585050949216428
0.1,0.00565846832566987
0.1,0.107720816254749
0.1,0.0324645937468111
0.1,0.0328362148690403
0.1,0.0506925184741091
0.1,0.0250768379369226
0.1,0.0288275714856257
0.1,0.0519371197322582
0.1,0.0181620777747232
0.1,0.0191658987702941
0.1,0.0590463188474057
0.1,0.0417762265405149
0.1,0.0736575626731962
0.1,0.0431596136969787
0.1,0.0435556003741172
0.1,0.0556507508461813
0.1,0.0205481102858844
0.1,-0.0192598511911858
0.1,0.0860567368291549
0.1,0.02253881484843
0.1,0.0239515230572785
0.1,-0.00791614885722598
0.1,0.0638385415491328
0.1,0.018028503536945
0.1,0.0420834182307361
0.1,0.0279470229812462
0.1,0.0907619102842065
0.1,0.0434884300138135
0.1,0.0349015970777179
0.1,0.0737391059587546
0.1,0.0780158393950885
0.1,0.0678328274998159
0.1,-0.017549233206013
0.1,0.0258585439407398
0.1,-0.00452730982350963
0.1,0.061006311990164
0.1,0.0682735500961936
0.1,0.0428843545272921
0.1,0.0459143760422355
0.1,0.0535481348380438
0.1,0.00943400695217899
0.1,0.0636262453920037
0.1,0.125234912389642
0.1,0.0155002356151026
0.1,0.0571977716164686
0.1,0.0322648634874905
0.1,0.0282324693321795
0.1,0.0440613518839015
0.1,0.0445673438753548
0.1,0.036932813480007
0.1,0.0694973111124389
0.1,0.049980952915667
0.1,0.0454418786030407
0.1,0.00673490502815969
0.1,0.0529554705084665
0.1,-0.00110067019517482
0.1,0.00282719735971809
0.1,-0.00519584372202106
0.1,0.0334577086613218
0.1,0.0619131735869265
0.1,0.00941408859496323
0.1,0.000678502969181735
0.1,0.00813968770588795
0.1,0.0528044959808278
0.1,0.0922556532615085
0.1,0.0544055317754755
0.1,0.00201706132732318
0.1,0.0350453457601658
0.1,0.0942523269672566
0.1,0.0767162905428667
0.1,0.02901873050415
0.1,0.0143564660796285
0.1,0.0660069269128223
0.1,0.0485260251504477
0.1,0.0353005522011198
0.1,0.0612659867501535
0.1,0.0274055328808822
0.1,0.0689498005696132
0.1,0.0607616357442091
0.1,-0.0128627496498444
0.1,0.0339202352441312
0.1,0.0684241973925865
0.1,0.084178092637796
0.1,-0.00165994007615421
0.1,0.0286724765970891
0.1,0.0365816049059594
0.1,0.0580735379933276
0.1,0.0437936264520655
0.1,0.0597087995411437
0.1,0.0667740795429528
0.1,0.0444721988236525
0.1,0.0787009069606814
0.1,0.0598751022822524
0.1,0.0202499122011081
0.1,0.017643482089107
0.1,0.0558550605372734
0.1,0.0902336551963026
0.1,0.0310400268451075
0.1,0.0290499095574765
0.1,0.00170271081040384
0.1,0.0197149627708855
0.1,0.0250030233165174
0.1,0.00874174223504257
0.1,0.0344708132535228
0.1,0.0202032165951467
0.1,0.0394043271804496
0.1,0.0381466131818754
0.1,0.0736934936676689
0.1,0.037673206784841
0.1,0.0125755110976202
0.1,0.0939438160021696
0.1,0.0236364301884679
0.1,0.0355335655423231
0.1,0.0341061487642497
0.1,0.0542767756096467
0.1,0.0660573301538867
0.1,-0.0168798962793757
0.1,0.0703686553883797
0.1,0.0647552152212857
0.1,-0.0107037600263109
0.1,0.0502030534672574
0.1,0.0384305510540199
0.1,0.0237139417034632
0.1,0.0303055563117696
0.1,-0.0134004282360023
0.1,0.102901159976995
0.1,0.0872965836952308
0.1,0.0614298158908354
0.1,0.0183300101638154
0.1,0.0456462005274399
0.1,0.0414471778617744
0.1,-0.0175400500955141
0.1,0.0224844838233148
0.1,0.00798062229211428
0.1,0.0278636409925086
0.1,0.0561619780869344
0.1,0.0536682646915906
0.1,0.0494583073376401
0.1,0.0111915731769181
0.1,0.0404623955382059
0.1,0.0539947409396402
0.1,0.0437488324225306
0.1,0.0947335859858506
0.1,0.00702032332450437
0.1,-0.0118978839272164
0.1,-0.00921537964758919
0.1,0.0619053001673459
0.1,0.0248380810811353
0.1,0.019487391032727
0.1,0.0692942008666619
0.1,0.0476541725418694
0.1,0.0607674152374833
0.1,0.0701906145080178
0.1,0.0455399373359431
0.1,0.0567492016625202
0.1,0.0294762696717983
0.1,0.0134969211001006
0.1,0.0596910740444664
0.1,0.0702542811790496
0.1,0.0237900213478135
0.1,0.0777086901638862
0.1,0.0184299169610659
0.1,0.0486257896219388
0.1,0.0409923481380487
0.1,-0.00958265835768548
0.1,0.0573028313060685
0.1,0.0347606567291585
0.1,0.0158264381259643
0.1,0.0507459863261777
0.1,0.0273575709930929
0.1,0.00413615674614994
0.1,0.0746941985801412
0.1,0.032670677789185
0.1,0.0171651011844023
0.1,0.096461501258054
0.1,0.0393994522120951
0.1,0.0694625356928415
0.1,0.0345894370317878
0.1,0.0420498740797989
0.1,0.0787837963546764
0.1,0.0600319425756784
0.1,0.0225590267284318
0.1,0.0514652140147802
0.1,0.0704392746769821
0.1,0.0481625904553674
0.1,0.0447161391373932
0.1,0.0617423633532176
0.1,0.0683671711773816
0.1,0.048807868670791
0.1,0.0734101355945839
0.1,0.0314210741276427
0.1,0.117741152096
0.1,0.0367131434554287
0.1,0.0635266707200172
0.1,0.0609903681687638
0.1,0.086655331948555
0.1,0.0437088449508028
0.1,0.0214083505673665
0.1,0.0798670774677372
0.1,0.0145719473900163
0.1,0.0395054019551587
0.1,0.023716996323528
0.1,0.044918778415593
0.1,0.070303046135908
0.1,0.0623940650218803
0.1,0.0593691878669319
0.1,0.0500544362584607
0.1,0.0415366485363378
0.1,0.0209189596118926
0.1,0.074212182415775
0.1,0.0425597243349453
0.1,0.0280893932327036
0.1,0.0620095014161884
0.1,0.0429881657501994
0.1,-0.0199979643484981
0.1,0.023305531092845
0.1,0.065832807060166
0.1,0.0706552464011524
0.1,0.0233509009357795
0.1,0.0636744737629722
0.1,0.010540906232565
0.1,0.0190025480401649
0.1,-0.0118953615994414
0.1,0.0488473959996666
0.1,0.0371643899036644
0.1,0.0813554762437902
0.1,-0.0121450572969794
0.1,0.0531293831315951
0.1,0.0169995841288686
0.1,0.087191175407165
0.1,0.051540071018291
0.1,0.0810593892696643
0.1,0.0398113677408767
0.1,0.0669488438061256
0.1,0.0234025428623069
0.1,0.0555943814545141
0.1,0.0233634621428104
0.1,0.0288946553390365
0.1,0.00457517014336617
0.1,0.00774355000021972
0.1,0.0238316385159149
0.1,-0.0248684776868169
0.1,0.0716981948841107
0.1,0.0562882403002948
0.1,0.0938283911691102
0.1,0.0280483988435097
0.1,0.0556417899829249
0.1,0.0256478463753005
0.1,0.0649088024823565
0.1,0.100047544597669
0.1,0.030064466134697
0.1,0.0459723947097172
0.1,0.0427417664827053
0.1,0.0745340161225468
0.1,-0.0168413494019028
0.1,0.0121906905932667
0.1,0.0193987724266665
0.1,0.0642699678722548
0.1,0.0671948971455564
0.1,0.000865666679901649
0.1,0.0506806743990105
0.1,0.0338503523822721
0.1,0.0776036997589715
0.1,0.0470214881703087
0.1,-0.0259215299205134
0.1,0.0536367564183789
0.1,0.00346825009427061
0.1,-0.0216891008692119
0.1,0.0529257606713394
0.1,0.0412659368924104
0.1,0.061115607905677
0.1,0.0292864363256986
0.1,0.0315417409577617
0.1,0.0102073159973309
0.1,0.0154712291442591
0.1,0.00939418142729086
0.1,0.0307036621659581
0.1,0.0221644428975486
0.1,0.00687804928958245
0.1,0.0193457201013485
0.1,0.0316616710396271
0.1,0.00857868343591671
0.1,0.0466992961497903
0.1,0.0291842834136872
0.1,0.0355962901719549
0.1,0.0308513584207699
0.1,0.0618725327860193
0.1,0.025972853884473
0.1,0.0141524131707428
0.1,0.00679188775476645
0.1,0.064203444727056
0.1,0.0519369810069848
0.1,0.0424908545312934
0.1,0.0363496158934996
0.1,0.0130312855483861
0.1,0.0284786265625289
0.1,0.0730018746737497
0.1,0.0200019393408828
0.1,0.0454370111881522
0.1,0.0655833613922652
0.1,0.0352856812304559
0.1,0.0370661363500227
0.1,0.0033817239936911
0.1,0.036750551919374
0.1,0.0164221930049488
0.1,0.0836232805076206
0.1,0.0314446029402558
0.1,0.059854812078274
0.1,0.0273512872895504
0.1,0.0267100033108896
0.1,0.0608541292206888
0.1,0.0117566706848839
0.1,0.0749686944503751
0.1,0.0696108991615738
0.1,0.02519678646227
0.1,0.0209136265529883
0.1,0.0437723264026235
0.1,0.00695723399618323
0.1,0.0309002352263383
0.1,-0.00646517913126403
0.1,0.0205855761702935
0.1,0.0688341100944546
0.1,-0.00091471573814172
0.1,0.0215560696550575
0.1,0.0622316536331102
0.1,0.0421220603375996
0.1,0.0610356952023372
0.1,0.0910310057858211
0.1,0.0817514855198715
0.1,0.0298644108648464
0.1,0.0702184768015692
0.1,-0.00539186612790657
0.1,-0.0106362788438188
0.1,0.0248575169959
0.1,0.00362731716746152
0.1,0.031152032224923
0.1,0.026621467498513
0.1,0.0409156668683177
0.1,0.0837733761471831
0.1,0.0405096944700321
0.1,0.0377885618196229
0.1,-0.00430507370556799
0.1,0.0569307302797505
0.1,0.0234588759425101
0.1,0.0199022507376628
0.1,0.0657869066090507
0.1,0.0756899268164177
0.1,0.0698502087544333
0.1,0.0369479586915473
0.1,0.0639705918725154
0.1,0.0347442337496095
0.1,0.0441651897294199
0.1,0.0570804943391435
0.1,0.0119199305731515
0.1,0.0478292474087396
0.1,0.0682508521746453
0.1,0.0279472135385936
0.1,0.00137050309493226
0.1,0.0244744119343424
0.1,0.000796481653292987
0.1,0.0403653511280559
0.1,0.0170538883767064
0.1,0.0687775355504233
0.1,0.0520231498724091
0.1,0.0607225128369962
0.1,0.0107006144658602
0.1,0.0166499589535101
0.1,0.0713553512918227
0.1,0.0437522750409033
0.1,0.0353862440416393
0.1,0.0822295562563239
0.1,0.0795980736824373
0.1,0.045780688854453
0.1,0.0423591612851068
0.1,0.0664306211088961
0.1,0.0107994714585936
0.1,0.023355364751402
0.1,0.0408596492509587
0.1,0.018264077911501
0.1,0.0458940201264819
0.1,0.0185614437078336
0.1,0.0863192350281674
0.1,0.071371853834204
0.1,0.0347124744599371
0.1,0.0676812690327387
0.1,0.0283563277583464
0.1,0.0655862831630363
0.1,0.0232019731373719
0.1,0.0620252633251519
0.1,0.0317312264478137
0.1,0.0865377402936749
0.1,0.0743218511239468
0.1,0.066830733684612
0.1,0.0584962305721759
0.1,0.0294976582180286
0.1,0.0599942119983501
0.1,0.0279734471604641
0.1,0.0117537270136497
0.1,0.0370369673643496
0.1,0.0438222221839808
0.1,0.0621458681218434
0.1,0.00010835351840752
0.1,0.066287853060982
0.1,0.0543369156657905
0.1,0.0284337605854592
0.1,-0.0120509518194964
0.1,0.0363099370687188
0.1,0.0613557440703761
0.1,0.078286767920156
0.1,0.0427676242762147
0.1,0.0582959035739287
0.1,0.00912549642824963
0.1,0.000292985370994455
0.1,0.0576997910054137
0.1,0.0385630226928912
0.1,0.0736102568186696
0.1,0.0782582697792872
0.1,0.0768942622816316
0.1,0.0640205467829891
0.1,0.0716408933985524
0.1,0.0836462813292294
0.1,0.0763839222154579
0.1,0.0335722497565186
0.1,0.0372408051255168
0.1,0.0268859893312817
0.1,0.0376478259530649
0.1,0.0154017043895588
0.1,0.0691407124003422
0.1,0.0744442643214054
0.1,0.0402736535529698
0.1,0.0387437726075423
0.1,0.0751777894788121
0.1,0.0127529968522157
0.1,0.0326027144068053
0.1,0.048152724047565
0.1,0.047861048027147
0.1,0.00183020627020063
0.1,0.068429122274188
0.1,0.0463901328646256
0.1,0.0405098924319564
0.1,0.0563516921637017
0.1,0.0281182276393226
0.1,0.0290975177953771
0.1,0.0345681835730009
0.1,0.012706464127658
0.1,0.0994437158401627
0.1,0.0408433603498564
0.1,0.0785505953736607
0.1,0.0251462803413841
0.1,0.0463930648800971
0.1,0.063652000809603
0.1,0.0297823933928795
0.1,0.073824349702784
0.1,0.0558652129799458
0.1,0.0297698480391019
0.1,-0.0113458550957789
0.1,0.00914113146626918
0.1,0.0417251345770969
0.1,0.0921926088746068
0.1,0.0240327683341004
0.1,0.0273149113389019
0.1,0.00285218990307258
0.1,0.0612318819292589
0.1,0.0750469047935376
0.1,0.0182396742672112
0.1,0.0507553673881902
0.1,0.0865441030239754
0.1,0.0774499369513531
0.1,0.0558545789448549
0.1,0.05561241538586
0.1,0.0205293911714269
0.1,-0.00571411923515533
0.1,0.0267480477049945
0.1,0.0198625461943219
0.1,0.00252755720450671
0.1,0.0541006444864695
0.1,0.038371186780241
0.1,0.0460218038929058
0.1,0.0252595143101995
0.1,0.0238466592170157
0.1,0.0460853554287559
0.1,0.0268520980640258
0.1,0.0560865259712172
0.1,0.0172292562112631
0.1,0.0682010717354755
0.1,0.0776497188845975
0.1,0.0490045004405045
0.1,0.00398280365898613
0.1,0.0323619046274047
0.1,0.0898613615783378
0.1,0.0442210087055315
0.1,-0.00483946464663568
0.1,0.0330852345078906
0.1,0.036650532917552
0.1,0.0935812637206737
0.1,0.0744064901505557
0.1,0.0826269881953392
0.1,0.0514378943557056
0.1,0.0641399855564798
0.1,0.0149252328266917
0.1,0.028999652956051
0.1,0.0330226368896564
0.1,0.0621527370829993
0.1,0.0179888838191842
0.1,0.0546849821836422
0.1,0.038735253986908
0.1,0.0921026778668762
0.1,0.085608468711241
0.1,0.0811292494649592
0.1,0.0400854120765302
0.1,0.0313767609699379
0.1,0.0443667135982294
0.1,0.0144227721692795
0.1,0.0309459755201964
0.1,0.0188031169248444
0.1,0.0288826057133693
0.1,0.0360494685503922
0.1,0.0498812819929623
0.1,-0.00636017713970995
0.1,0.087482149912256
0.1,0.0443087271487576
0.1,0.0526213518994171
0.1,0.0331280209683412
0.1,0.026972305910173
0.1,0.0108432870644208
0.1,0.00397359788925267
0.1,0.0638015983739729
0.1,0.0654288123099675
0.1,0.0557298565218556
0.1,0.021001398963259
0.1,0.0692482282320365
0.1,0.00427807108550702
0.1,0.052451282465288
0.1,0.00557297574962048
0.1,-0.0196502499292912
0.1,0.0774746826991965
0.1,0.0586663133138402
0.1,0.0419486421767679
0.1,0.046066574891695
0.1,0.040716211099063
0.1,0.0601519657296365
0.1,0.0529990921484104
0.1,0.0315815454026781
0.1,-0.0120790488554895
0.1,0.0391778439598017
0.1,0.0355992213005509
0.1,0.012117645610054
0.1,0.0595908445262794
0.1,0.0702705942600127
0.1,0.0532171735853248
0.1,0.0583865282123611
0.1,0.0584025173189595
0.1,0.058050342845855
0.1,0.019047874742462
0.1,0.0954010720781146
0.1,0.0304922578169727
0.1,0.0345336541386424
0.1,0.084387960402811
0.1,0.015726724848575
0.1,0.0493039198967633
0.1,-0.0199423352012417
0.1,0.0159905652425475
0.1,0.0369281030663079
0.1,0.0168932579156261
0.1,0.0597566382133334
0.1,0.0608897136028944
0.1,0.0380157378058167
0.1,0.00269006939140112
0.1,0.0727826139637028
0.1,0.0473692766290689
0.1,0.0778316606031172
0.1,0.0798485211486153
0.1,0.0308414060055907
0.1,0.0331807136209363
0.1,0.00413010333103771
0.1,0.0133797530965233
0.1,0.0934833126831779
0.1,0.0462981729696694
0.1,0.0662077396096757
0.1,0.0518406554555982
0.1,0.0264511206159329
0.1,0.058071554459423
0.1,0.0339255293971906
0.1,0.044419250369241
0.1,0.0505929472817184
0.1,0.0430833831376834
0.1,0.0613440606587222
0.1,0.0420190716462892
0.1,0.0213097893634113
0.1,0.0766632560849004
0.1,0.0440307826444546
0.1,0.0192336529611654
0.1,0.00877792640922086
0.1,0.0590527308621795
0.1,0.027015962134958
0.1,0.0572438631903685
0.1,0.00489126154457553
0.1,0.0819777606670508
0.1,0.0635663991212212
0.1,0.0519439439868167
0.1,0.0399941958611398
0.1,0.0402600194568645
0.1,0.023677758712563
0.1,0.0629430313838461
0.1,0.0165198887263918
0.1,0.0126677008833083
0.1,0.0410634569849112
0.1,0.0709612718863259
0.1,0.062601454645467
0.1,0.0831810076410022
0.1,-0.00391361382040261
0.1,0.0906527224295026
0.1,0.0162070516094393
0.1,0.0389338418616389
0.1,0.0261321281742347
0.1,0.0477794096883155
0.1,0.0581863345318299
0.1,0.0424597987948092
0.1,0.0315615186863401
0.1,0.0386263459495937
0.1,0.0626629398093072
0.1,0.0243470050901699
0.1,0.098563852705869
0.1,0.0464706704044759
0.1,0.0338815648532038
0.1,0.0484753546261189
0.1,-0.0259653624506191
0.1,0.0635678903750234
0.1,0.0745464134444942
0.1,0.0368843371463112
0.1,0.043786083709985
0.1,0.0310101666031625
0.1,0.0634347037326034
0.1,0.0774693687246314
0.1,0.0212681305953835
0.1,0.0600711664218172
0.1,0.0368884953150707
0.1,0.0170265368341964
0.1,0.0344354704072358
0.1,0.059269748487877
0.1,-0.0114910440805541
0.1,0.0511433789762341
0.1,0.0616972364067439
0.1,0.0428914883562655
0.1,0.0253721162595333
0.1,0.018236513600143
0.1,0.0419188190757483
0.1,0.0710373765553858
0.1,0.0443032370753385
0.1,0.0518123689099992
0.1,0.0218335935537592
0.1,0.0373393584274618
0.1,0.0475262229705611
0.1,0.0470610046664188
0.1,0.0548293030664026
0.1,0.0325519202102985
0.1,0.0507767317354974
0.1,0.0302539352725459
0.1,0.0590861455422896
0.1,0.0146677860750662
0.1,0.0196862585497479
0.1,0.0678265674570528
0.1,0.047750478177886
0.1,-0.00487173770502589
0.1,0.0518584236094296
0.1,0.0548176374260124
0.1,-0.0134373741246406
0.1,0.0280554380074753
0.1,0.0486495270694545
0.1,0.0789239637386992
0.1,0.0339775738130544
0.1,0.0556315795834384
0.1,0.0623109741729566
0.1,0.0569440779705261
0.1,0.00531300077242449
0.1,0.00214877874296923
0.1,0.0387317632317903
0.1,0.0558806997616663
0.1,0.04558923055291
0.1,0.0238577441801156
0.1,0.0108359170961524
0.1,0.052159026935592
0.1,0.0422700624876593
0.1,0.0638163307895966
0.1,0.0648118147011262
0.1,0.0387388056107354
0.1,-0.014814660507553
0.1,0.0672679516976832
0.1,0.0157312575979685
0.1,0.0647222631102645
0.1,0.0667731169754196
0.1,0.0620221865028701
0.1,0.00175140002416072
0.1,0.0284781240092613
0.1,0.0373830984905205
0.1,0.10015981514348
0.1,0.0226665446617682
0.1,0.0958597508173064
0.1,0.0577014504555236
0.1,0.104591464930828
0.1,0.0387312085762663
0.1,0.0563064600196037
0.1,0.0141670546492645
0.1,0.0574005677666222
0.1,0.0571421411180537
0.1,0.051504785118761
0.1,0.0268759471891155
0.1,0.00313645420542757
0.1,0.0137934089304834
0.1,0.0463689304750471
0.1,0.0878890675365638
0.1,0.0763283682276934
0.1,0.0283989981780515
0.1,0.0553511147084713
0.1,0.0415084844171432
0.1,0.0486027297561966
0.1,0.0300066600498865
0.1,0.0494620079551655
0.1,0.0515518344712379
0.1,0.0628024223714891
0.1,-0.0180516243807203
0.1,0.0487912206077858
0.1,-0.0157828409293789
0.1,0.0777306809514547
0.1,0.0721974160526181
0.1,0.0756299902157915
0.1,0.0253035915508968
0.1,0.0483486384299458
0.1,0.048431136388244
0.1,-0.00780113789517763
0.1,0.0327721151737616
0.1,0.0721069495202248
0.1,0.0494266314256642
0.1,0.083614066322805
0.1,0.093258299001837
0.1,0.0248177771469849
0.1,-0.0227009734430649
0.1,0.0464730639359028
0.1,0.0359159115111933
0.1,0.0385186702164545
0.1,0.0141860987160226
0.1,0.0550965809084056
0.1,0.0709854772412432
0.1,0.0243949005487471
0.1,0.0568585636211334
0.1,0.0242992499469761
0.1,0.0347860435441115
0.1,0.0711318322469168
0.1,0.0751558029386394
0.1,0.0384103073676445
0.1,0.06056680242141
0.1,0.0537032172647838
0.1,0.0414537844595928
0.1,0.00994998562984859
0.1,0.0232007085575928
0.1,0.03919395448267
0.1,0.0664509499288745
0.1,0.0393629260640813
0.1,0.00948041678555617
0.1,0.0443378657634202
0.1,0.0144545261589159
0.1,0.0365212695545113
0.1,0.0753450226792592
0.1,0.0629463849664742
0.1,0.0749414585159027
0.1,-0.018216534194685
0.1,0.0869371968921615
0.1,0.0127867571359618
0.1,0.0630584648285638
0.1,0.0469904784141076
0.1,0.0591322402627948
0.1,0.0102095620735392
0.1,0.0874203354227418
0.1,0.0389028122355109
0.1,0.0632070606541633
0.1,0.0371509299608792
0.1,0.043553475751063
0.1,-0.00816401034628116
0.1,0.00327437766731215
0.1,0.00936712182393995
0.1,0.069737895001343
0.1,0.0939845159710396
0.1,0.0427374050154296
0.1,0.0718808121574162
0.1,0.00915373215622596
0.1,0.105846287116751
0.1,0.0343159798147371
0.1,0.0132311062664713
0.1,0.065458952213516
0.1,0.0759448391111627
0.1,0.0651943927650851
0.1,0.0481543355312326
0.1,0.0655876300582287
0.1,0.0309222318288906
0.1,0.0305320588036265
0.1,0.0125140081527235
0.1,0.014640737876346
0.1,0.0100705495507627
0.1,0.0573880844816715
0.1,0.0654646371217314
0.1,0.040904142328842
0.1,0.0101895925858204
0.1,0.0625277561679408
0.1,-0.0165492061405927
0.1,0.0209575942677516
0.1,0.053325444449619
0.1,0.0401744796092144
0.1,0.0716287549931035
0.1,0.0337558272756514
0.1,0.0653272982995398
0.1,0.0808315986930771
0.1,0.0719615157619902
0.1,0.0695969043370892
0.1,0.0398526726248265
0.1,0.0489651287789553
0.1,0.055048874615062
0.1,0.0626524600527854
0.1,0.0392024600057089
0.1,0.0187569216164646
0.1,0.0733544097410459
0.1,0.0883891913042953
0.1,0.0529450325571522
0.1,0.0499006554189922
0.1,0.0642235927620317
0.1,0.035947915744757
0.1,0.0650744649896465
0.1,0.0547736026092711
0.1,0.0561920338280471
0.1,0.0729426213726866
0.1,0.05183233085501
0.1,0.0412963767699026
0.1,0.0212117685347907
0.1,0.067656374255373
0.1,0.0264347003438064
0.1,0.0198344284082778
0.1,0.0754395201270554
0.1,0.0369561393364313
0.1,0.0224711742636512
0.1,0.0295028677713084
0.1,0.0788420251698858
0.1,0.0249066656835736
0.1,0.00618870498769574
0.1,0.0582200047138918
0.1,0.0196885948004271
0.1,0.0410997071951858
0.1,0.0493937860889358
0.1,0.0734210831932716
0.1,0.024256636165337
0.1,0.0559046910180332
0.1,0.0278904705307831
0.1,0.0261912306994243
0.1,0.0499255208443936
0.1,0.0696057482957801
0.1,0.0389160227242977
0.1,0.0605379020269265
0.1,-0.00787295752640253
0.1,0.0447043941208627
0.1,0.0437580102238788
0.1,0.0178278299976788
0.1,0.0887667004289924
0.1,0.0341199043600784
0.1,0.0671346750610474
0.1,0.090682824263701
0.1,0.00921928359288604
0.1,0.0528192239287085
0.1,0.0495390455661476
0.1,0.0122857817237669
0.1,0.0744493116997617
0.1,0.026361712209059
0.1,0.0346086086331504
0.1,0.0251195474010262
0.1,0.0183907319354432
0.1,0.0161661996354247
0.1,0.0272459276579886
0.1,0.0374429277994976
0.1,0.0727968807199062
0.1,-0.00513898527475378
0.1,0.0107756980355845
0.1,0.0556165988512141
0.1,0.0227016549183392
0.1,0.0698999313038719
0.1,0.0600201848288307
0.1,0.014356762996288
0.1,0.0623688898155339
0.1,0.0486905293849633
0.1,0.0132833908440024
0.1,0.0246112888643207
0.1,0.0514672424526866
0.1,0.0764839908005527
0.1,0.0634369989589235
0.1,0.0527912942684734
0.1,0.0252175309777165
0.1,0.0903165986876494
0.1,0.0418325403670942
0.1,0.0858541668163111
0.1,0.00147955580347679
0.1,0.0930877909468647
0.1,0.0213098609555195
0.1,0.0882109876445337
0.1,0.0482997250441521
0.1,0.0529386849715516
0.1,0.0471505659556905
0.1,0.06418588419581
0.1,0.043894294652462
0.1,0.074278489059556
0.1,0.0315999741222159
0.1,0.01439813140295
0.1,0.0514180181772215
0.1,0.044490946745588
0.1,0.0126478471922659
0.1,0.0328169269767409
0.1,0.068807913061202
0.1,0.0283769438930883
0.1,0.0717874931338838
0.1,0.0542347724002811
0.1,0.00906876562487227
0.1,0.0409533271579034
0.1,0.021682687217385
0.1,0.0557595111564529
0.1,0.00854689186485743
0.1,0.0492828002982975
0.1,0.0175345945449993
0.1,0.0555221876234413
0.1,0.0416264024820427
0.1,0.0602505910810448
0.1,0.0511929332734572
0.1,0.0668214226869125
0.1,0.00706590280957631
0.1,0.0628374219520326
0.1,0.058867633151604
0.1,0.0442595839645154
0.1,0.0345539902327213
0.1,0.00784548171202494
0.1,0.035426794375522
0.1,0.0414376080689078
0.1,0.076510985267737
0.1,0.0622767226325138
0.1,0.0286613483613058
0.1,0.0724775016708617
0.1,0.0561683254169398
0.1,0.0455284714860869
0.1,0.0560675858177345
0.1,0.0207871659962277
0.1,0.0465111554476488
0.1,0.0326565731487766
0.1,0.0452193026770108
0.1,0.00732103209821839
0.1,0.0655204609437946
0.1,0.0937651129215561
0.1,0.0272852949024828
0.1,0.0281806549028057
0.1,0.0921827316214214
0.1,0.0297226481691175
0.1,0.0292399089079581
0.1,0.0279016421347521
0.1,0.0531149631168044
0.1,0.0581796487012217
0.1,0.0191491585729142
0.1,0.0232809120286112
0.1,0.0528582483938315
0.1,0.0232563223615059
0.1,0.0890453148021932
0.1,0.0196894961417314
0.1,0.0562120125600476
0.1,0.0550340965960902
0.1,0.0858377907519675
0.1,0.0599392061274686
0.1,-0.0151838698233699
0.1,0.0653205786065438
0.1,0.0604423805099015
0.1,0.0574133902480253
0.1,0.0531264857191759
0.1,0.0142533864877876
0.1,0.0727602454614506
0.1,0.016804222677529
0.1,0.059082639791803
0.1,0.0523256103793201
0.1,0.0607881944467636
0.1,0.05503439981265
0.1,0.0306863005193064
0.1,0.0679309035606061
0.1,0.0492200248840108
0.1,0.048090585767837
0.1,0.0625634313453147
0.1,0.0543325694571948
0.1,0.0873906708578088
0.1,0.0492249148472385
0.1,0.0755771134181857
0.1,0.028755926745528
0.1,0.0853179496843251
0.1,0.0326328992339231
0.1,0.0619610329567632
0.1,0.0299412311449727
0.1,0.00884839812259859
0.1,0.0263559514406617
0.1,0.0435289764216502
0.1,0.061130192330596
0.1,0.0166876807907492
0.1,0.0320350606083512
0.1,0.0436460765347786
0.1,0.0320378405397284
0.1,0.0943072400597465
0.1,0.0328179112358661
0.1,0.059587279523781
0.1,0.0424762644282434
0.1,0.0459741273103161
0.1,0.0261599179531711
0.1,0.0722316317626237
0.1,0.0637164023165105
0.1,0.049029474512163
0.1,0.0564165436489952
0.1,0.0658806840459318
0.1,0.00469544225625442
0.1,0.0402245954408449
0.1,0.0979970804464525
0.1,0.045769754841583
0.1,0.0477707622639012
0.1,0.0240996213549074
0.1,0.0412632220067478
0.1,0.0185491400171392
0.1,-0.011413101493168
0.1,0.0520244087535462
0.1,0.0681419337738165
0.1,0.0368488266531599
0.1,0.0299615327934857
0.1,-0.00632144559864579
0.1,0.00306711986271961
0.1,0.0326899684515037
0.1,0.0476733989315178
0.1,-0.010877802178597
0.1,0.0134664705188619
0.1,0.0594520225670552
0.1,0.112513802852809
0.1,0.0612626526900653
0.1,0.0421645018842433
0.1,0.0457758781930176
0.1,0.0394342748932295
0.1,0.0197477113906633
0.1,0.0132418880068692
0.1,0.0258428600640914
0.1,0.0223024000180455
0.1,0.0903255787535437
0.1,-0.0144093689309012
0.1,0.0587635312843701
0.1,0.0431120573656472
0.1,0.0568518447059978
0.1,0.0197809553639266
0.1,0.0798130736600564
0.1,0.0413182045055122
0.1,0.0775434942390613
0.1,0.000768331648097665
0.1,0.0469052835845875
0.1,0.033206058048606
0.1,0.0637934159124603
0.1,0.0378953954961992
0.1,0.0277462967315898
0.1,0.0102391998968441
0.1,0.0195118986317295
0.1,0.0500412780543865
0.1,0.0558660420536615
0.1,0.00986960683836705
0.1,0.023078654537676
0.1,0.0464511718344293
0.1,0.0028012064884249
0.1,0.0429145324946169
0.1,0.00824796236770002
0.1,0.0340823607375551
0.1,0.0668090292921782
0.1,0.0569606426243594
0.1,0.0804914523728559
0.1,0.0205294968485762
0.1,0.0703580960769509
0.1,0.0289350634657417
0.1,-0.0103021716073677
0.1,0.0968022584568087
0.1,0.0300356012368245
0.1,0.00378407499937618
0.1,0.0589709262494785
0.1,0.0172899469980685
0.1,0.052022831932703
0.1,0.0395571416825889
0.1,0.0861443960722383
0.1,0.030101314307866
0.1,0.0445713406618996
0.1,0.0678635394020866
0.1,0.0158384241962821
0.1,0.0473376455914147
0.1,0.0824516627871773
0.1,0.0505549645735903
0.1,0.0359227567736737
0.1,0.0258225636978394
0.1,0.0676184579327143
0.1,0.0843211889138499
0.1,0.00837264785323603
0.1,0.0230423603049783
0.1,0.0334022548442873
0.1,0.0847630617078646
0.1,0.0324943817787466
0.1,0.0370253718157886
0.1,0.0449219758322381
0.1,0.00872542212115381
0.1,0.0619968324770298
0.1,0.0116602204145734
0.1,0.0726135831592646
0.1,0.0272522246168727
0.1,0.0104579640199582
0.1,0.0272579391415333
0.1,0.0605209006222524
0.1,-0.0149473576224442
0.1,0.0237960405944409
0.1,0.015120040002863
0.1,0.0863256333645316
0.1,0.033198012275334
0.1,0.0234954926567203
0.1,0.0147797073969355
0.1,0.0209327848394254
0.1,0.0259939829189509
0.1,0.0434102748075945
0.1,0.0167173058477214
0.1,0.02779984283807
0.1,0.0190473311998388
0.1,0.0123448285718828
0.1,0.0629783820385568
0.1,0.040293178491047
0.1,0.0500134317140057
0.1,0.0391847703408319
0.1,0.0671603304710766
0.1,0.0421612441465994
0.1,0.0331670815369574
0.1,0.0467795251813938
0.1,0.00461580182907363
0.1,0.103237237839142
0.1,0.0452499537387796
0.1,0.0295867153073306
0.1,0.0710255105741436
0.1,0.0457871860740179
0.1,0.049487314273658
0.1,0.0627963633978826
0.1,0.0783515498018921
0.1,0.0728804904575404
0.1,0.0324130576041803
0.1,0.0384864302757764
0.1,0.0620509473943988
0.1,0.0372811300415194
0.1,0.0518387601145744
0.1,0.0605671252782619
0.1,0.0591712721372802
0.1,0.0524143624876201
0.1,0.0363878576375956
0.1,0.0558503034089149
0.1,0.0491891960646407
0.1,-0.00649207405226785
0.1,0.061098424745307
0.1,0.0145612700608525
0.1,0.0438774078586732
0.1,0.0383419444760392
0.1,0.0313201145678024
0.1,0.0512093766116758
0.1,0.0553183146244001
0.1,0.0448207253316388
0.1,0.0315815010943688
0.1,0.0837584486711932
0.1,0.0496499325498085
0.1,0.0510114232931555
0.1,0.0553766153818054
0.1,0.0313114016118825
0.1,0.0508824130350165
0.1,0.0281781953250268
0.1,0.0381569555971159
0.1,0.0494198590806301
0.1,0.0515900911544922
0.1,0.0525583454650312
0.1,0.0613991168196355
0.1,0.0197265207625183
0.1,0.0074354961945839
0.1,0.0759248404326783
0.1,0.0395075063872855
0.1,0.0506661135559869
0.1,0.0693420591053104
0.1,0.0734623926566877
0.1,0.0791305313546317
0.1,0.0216044759108457
0.1,0.0317730127873967
0.1,0.0622192055815169
0.1,-0.0034805708583708
0.1,0.0437285410810826
0.1,0.0164515449417897
0.1,0.0133142158597262
0.1,-0.0110916241728452
0.1,0.0232190948494323
0.1,-0.00342860389867545
0.1,0.0544052184776316
0.1,0.060042608321369
0.1,0.0369863012598824
0.1,0.0435830741579442
0.1,0.0301412204761252
0.1,0.029825249170686
0.1,0.071270977040693
0.1,-0.00615593332664535
0.1,0.00575038221573932
0.1,0.0496371728957336
0.1,0.0475623773580888
0.1,0.0478113653048679
0.1,0.0160900118509111
0.1,0.00248982496185062
0.1,0.011629015824293
0.1,0.0602081554026911
0.1,0.0531938874129085
0.1,0.0253017198612903
0.1,0.0428965040692122
0.1,-0.00620592136025055
0.1,0.0462210528891683
0.1,0.0514480415107699
0.1,0.0163776455434983
0.1,0.042900392939721
0.1,0.0773171350375596
0.1,0.0680971841064159
0.1,0.0349986792833422
0.1,0.0655434053862479
0.1,0.0563767247087143
0.1,0.0549105435834246
0.1,0.0183475281727949
0.1,0.032813045781982
0.1,0.0524745158339255
0.1,0.0607784119555292
0.1,0.0360220393546489
0.1,0.0772756032333346
0.1,0.0400705361161081
0.1,0.0477884381958531
0.1,0.0373220456351387
0.1,0.0874839544448647
0.1,0.0896980357454491
0.1,0.0137910389651552
0.1,0.0893803573103023
0.1,0.0819717711595354
0.1,0.0129943266302704
0.1,-0.00915051643883264
0.1,0.0299761438387747
0.1,0.0488879859993994
0.1,0.0262921080259936
0.1,0.0317179821198576
0.1,0.0487603450126676
0.1,0.086406697739383
0.1,0.0510754808648732
0.1,0.0700739761300685
0.1,0.0298540487367906
0.1,0.0194079479151408
0.1,0.0596201770509236
0.1,0.00598367240449646
0.1,0.0329106996661715
0.1,0.0456677871347979
0.1,-0.00155270017487204
0.1,0.0777453824125769
0.1,0.0408443912899497
0.1,0.0522676811990215
0.1,0.057769734817094
0.1,0.0505592153063326
0.1,0.0125687316711222
0.1,0.0191331242433773
0.1,0.0703746118498081
0.1,0.0276650468523403
0.1,0.070072913143125
0.1,0.0376252227491665
0.1,0.0225531084109612
0.1,0.0525536474770883
0.1,0.047960287030239
0.1,0.0639224531935428
0.1,0.041297331531058
0.1,0.0242312479067094
0.1,0.0417744082130689
0.1,0.0751525038048616
0.1,-0.0114691785002084
0.1,0.0577865626480465
0.1,0.0599761685889389
0.1,0.0363364352420208
0.1,0.0529485351234272
0.1,0.0495327381436823
0.1,0.042977418531535
0.1,0.0734859181433919
0.1,0.0377199385626623
0.1,0.0546932251931434
0.1,0.084385248235129
0.1,0.0517432548349272
0.1,0.04490636088547
0.1,0.033400418411398
0.1,0.0379620247369861
0.1,0.0459391591353918
0.1,0.0746960742087652
0.1,0.0618932033092498
0.1,0.0309839595491392
0.1,0.0513751130140442
0.1,0.0389347814693705
0.1,0.0197167749193761
0.1,0.0732211280827529
0.1,0.030892548345555
0.1,0.0430815088215866
0.1,0.0222890050218066
0.1,0.0616045805050073
0.1,0.0453572839275199
0.1,0.0483789180352514
0.1,0.0398129765952064
0.1,0.0125310622471271
0.1,0.0426201178458701
0.1,0.0486659851652455
0.1,0.00727927899443592
0.1,0.0767261133803071
0.1,0.0550285191412009
0.1,-0.00237027802658732
0.1,0.025596558219665
0.1,0.0786220868308458
0.1,0.0382092492941832
0.1,0.00682614197397092
0.1,0.0310887608774584
0.1,0.0608615960662639
0.1,0.038049166920853
0.1,-0.0174634585739824
0.1,0.0197679018809417
0.1,0.0305317411646831
0.1,0.0415622734006845
0.1,0.0406922210047599
0.1,0.0449882905094921
0.1,0.0741368407496218
0.1,0.0625699235866051
0.1,0.0682199626798958
0.1,0.0125463786412848
0.1,0.0426390235007965
0.1,0.0378226349637117
0.1,0.0877103937965205
0.1,0.0136710611084159
0.1,0.0940746121542176
0.1,0.0308484745946336
0.1,-0.0106100738958235
0.1,0.0357929760731401
0.1,0.0778587297806383
0.1,0.036220640612027
0.1,0.100481812429989
0.1,0.049198698885925
0.1,0.0316560300879438
0.1,0.02529566961493
0.1,0.0235904917538721
0.1,0.0489635461641891
0.1,0.0177212807505604
0.1,0.0613977021565219
0.1,0.0594959667020483
0.1,0.0449143599635272
0.1,0.0686482001651804
0.1,0.0502016874377636
0.1,0.044565067329779
0.1,0.0440730253995541
0.1,0.078787952503471
0.1,0.0756969136115314
0.1,0.040221483288272
0.1,0.0699345961733947
0.1,0.0640166286303094
0.1,0.049229661380366
0.1,0.0480096634367939
0.1,0.0482364561529695
0.1,0.0323529108160845
0.1,0.0655838853592811
0.1,0.0260886000182153
0.1,0.040661063620567
0.1,0.0837157618976619
0.1,0.0504091157597098
0.1,0.0472186643544587
0.1,0.0535439189856583
0.1,0.0654428400996506
0.1,0.0461400556042937
0.1,0.0255408968406174
0.1,0.053788867185743
0.1,0.0206382411666052
0.1,0.0847387930120285
0.1,-0.00312024609231843
0.1,0.0224231589189312
0.1,0.0905424661105999
0.1,0.0613931401235775
0.1,0.0363879604763088
0.1,0.0117189871414605
0.1,0.041882814767729
0.1,-0.00487545012025324
0.1,0.0500091715878497
0.1,0.035605887786055
0.1,0.0415748450703257
0.1,0.0142816386661721
0.1,0.0378473681448203
0.1,0.0682875365814723
0.1,0.0495376504482848
0.1,0.0564511393840904
0.1,0.067925998039876
0.1,0.0309629519981916
0.1,0.0758749007526026
0.1,0.0323332114991135
0.1,0.0953196040376381
0.1,0.0477180691264428
0.1,0.0314452453279054
0.1,0.0565232473365183
0.1,0.0486809782967788
0.1,0.0118294807679931
0.1,-0.0098002502486028
0.1,0.131800418371535
0.1,0.0727200231777617
0.1,0.0467400122737611
0.1,0.0632711250246557
0.1,0.079519346390081
0.1,0.0612762498803646
0.1,0.0233743426268105
0.1,0.0500030552282696
0.1,0.0377645646862915
0.1,0.0371911468606877
0.1,0.0551168387122321
0.1,0.0736294426982587
0.1,0.0320422809750574
0.1,0.0434551358532857
0.1,0.077894368014178
0.1,0.0539355046779683
0.1,0.0331890111300292
0.1,0.0721971778713051
0.1,0.0226946570696615
0.1,0.0209781638595953
0.1,0.075771602363832
0.1,0.0261736856939648
0.1,0.0532013237560789
0.1,0.06932430361513
0.1,0.0604377645117207
0.1,0.0389610647357424
0.1,0.0370502667752574
0.1,0.055244890440593
0.1,0.0756418992285755
0.1,0.0478000866792142
0.1,0.0378131810111342
0.1,-0.00509170212940508
0.1,0.00209218907205297
0.1,0.0602879337834545
0.1,0.033541218922802
0.1,0.0554796597430545
0.1,0.0254363556125536
0.1,0.0658143970568487
0.1,0.0226444130580032
0.1,0.0109509228237364
0.1,0.0550292888845033
0.1,0.0614290793291496
0.1,0.024916656586731
0.1,-0.0131325257798074
0.1,0.0894141138281204
0.1,0.0512004518736554
0.1,0.049817844682215
0.1,0.0360883741906873
0.1,0.0512785608011383
0.1,0.104379592814853
0.1,0.0577375454263582
0.1,0.0649038805154471
0.1,0.0231487288057407
0.1,0.0577552106028365
0.1,0.0128808883287035
0.1,0.0594188451244423
0.1,0.078460942275121
0.1,0.036742526306842
0.1,0.0604130860298437
0.1,0.0805323140723652
0.1,-0.000756985002174441
0.1,-0.0178189605828313
0.1,0.0544828052406053
0.1,0.0958616052922579
0.1,0.017463903331354
0.1,0.069186385903601
0.1,0.01058067268939
0.1,0.0699220201338622
0.1,0.0336759010620108
0.1,0.0732716932433816
0.1,0.0468669994864577
0.1,0.0703498734334546
0.1,0.0432120997207384
0.1,0.0717538541476033
0.1,0.0482359866151642
0.1,0.00771069565548656
0.1,0.0475335683711576
0.1,0.0436871322000799
0.1,0.0874585709850754
0.1,0.0232656837501093
0.1,0.0239460471717473
0.1,0.0620193225750138
0.1,0.044599996270608
0.1,0.0586156883603291
0.1,0.0672473526749034
0.1,0.0280459315336045
0.1,0.0409851750052923
0.1,0.0755154691267491
0.1,0.0654479571237196
0.1,0.0493839143866834
0.1,0.0461891798504807
0.1,0.057889354077733
0.1,0.033063144389612
0.1,0.0522372494734748
0.1,0.0742202813821875
0.1,0.024555358296849
0.1,0.0405800977112491
0.1,0.0560448357916735
0.1,0.087407414506979
0.1,0.019295818591914
0.1,0.0183756086334112
0.1,0.071441884620346
0.1,0.0756484504177448
0.1,0.049236213931314
0.1,0.0459177469596114
0.1,0.0184976378052889
0.1,0.00754177384441327
0.1,0.0966402180946304
0.1,0.0640491359988658
0.1,0.0273022176544754
0.1,0.0176594207531189
0.1,0.06335195109791
0.1,0.0871813306576042
0.1,0.0638336812850916
0.1,0.0310186278634303
0.1,0.0440847830529336
0.1,-0.0186534552349311
0.1,0.0576058873958856
0.1,0.0630109869074955
0.1,-0.00392930277408898
0.1,-0.0154251958553764
0.1,0.0480913988363995
0.1,0.0393663962555759
0.1,0.0756413309765397
0.1,0.05547256234219
0.1,0.0176996249779175
0.1,0.0404040094631119
0.1,0.00246321100648942
0.1,0.0491539656464151
0.1,0.0409445292208836
0.1,0.048361049749891
0.1,0.0628632939842986
0.1,0.0562474121279966
0.1,0.0455906035604447
0.1,0.0205582279553259
0.1,0.046893100654431
0.1,0.0340277199634246
0.1,0.0665853810115019
0.1,0.0158805143330823
0.1,0.0259510720627934
0.1,0.0178933213056239
0.1,0.0377901026192509
0.1,0.0600122856967693
0.1,0.0322682046310168
0.1,0.0485461428083618
0.1,0.0598812689631758
0.1,0.059047134215362
0.1,0.044167849071735
0.1,0.0492592351132669
0.1,0.0800975355472429
0.1,0.0384586856236672
0.1,0.0221225018316117
0.1,0.0535731307630213
0.1,0.0788916271955504
0.1,0.0607020562129823
0.1,0.0515744880848689
0.1,0.0310923749506924
0.1,0.00423373331059061
0.1,0.0609760574640565
0.1,0.0333753957166454
0.1,0.0727318010113401
0.1,0.0361110570195941
0.1,0.0596436731986598
0.1,0.0536452800707413
0.1,0.0440645256225848
0.1,0.0525343693740765
0.1,0.0574494208902648
0.1,0.0187695089678552
0.1,0.00961473064427077
0.1,0.02497400741484
0.1,0.0618031227104348
0.1,0.0230180140161272
0.1,0.0522526116840172
0.1,0.0373755286766623
0.1,0.0393079750281238
0.1,0.0568680988417877
0.1,0.0697779657209179
0.1,0.0480919549502974
0.1,0.110415977408201
0.1,0.00677601004513471
0.1,0.0461028104185114
0.1,0.0683017690226014
0.1,0.0476645753346132
0.1,0.0150370970722553
0.1,0.0998803794108862
0.1,0.0330864575287381
0.1,0.0843880226007225
0.1,0.0464068756114905
0.1,0.0316391600806509
0.1,0.037114647189321
0.1,0.0213198473237312
0.1,0.0541444990671507
0.1,0.0442860190290139
0.1,0.0825777027025802
0.1,0.0443693339045539
0.1,0.0371491844786281
0.1,0.0859057862362586
0.1,0.00956723030074218
0.1,0.0224725586567733
0.1,0.0128009001124883
0.1,0.0191669853566966
0.1,0.00676557152716474
0.1,0.0333220132451821
0.1,-0.0039201809074379
0.1,0.0777362240497252
0.1,0.0931722930832492
0.1,0.0582426169527446
0.1,0.0438486747884925
0.1,0.0193645343335318
0.1,0.0267416248804762
0.1,-0.0398791412337656
0.1,0.0554713499058271
0.1,0.0510506491329729
0.1,0.00241897814331392
0.1,0.0678194857812038
0.1,0.00835158499874353
0.1,0.034227345505902
0.1,0.0253607495114232
0.1,0.0215984228998138
0.1,0.0706510858331743
0.1,0.0187785491551782
0.1,0.0508658326652259
0.1,0.0477861912449596
0.1,0.0523123248951319
0.1,0.0355129565382579
0.1,0.0106059558113305
0.1,0.0328722759829257
0.1,0.0443171934884757
0.1,0.0271788454174213
0.1,-0.00860724281433351
0.1,0.034991516769837
0.1,0.0527744826708844
0.1,0.0500317457368619
0.1,0.0237582147483046
0.1,0.0692485196947995
0.1,0.0293011709735466
0.1,0.0623207826925516
0.1,0.0359390477142664
0.1,0.0815614837299414
0.1,0.0496444692858233
0.1,0.0805207621811899
0.1,0.034533869041802
0.1,0.0483591510730462
0.1,0.0631373166643038
0.1,0.0543282468165021
0.1,0.0826067368242105
0.1,0.0524725500293625
0.1,0.0196173494563578
0.1,0.0505669814241733
0.1,-0.0016716299401021
0.1,0.105653138644847
0.1,0.0539838081203987
0.1,0.0561991138516961
0.1,0.0400670549632607
0.1,0.016338549438145
0.1,0.02085032329941
0.1,0.0174097445894082
0.1,0.0323019768586741
0.1,0.0140792358758829
0.1,0.0494644258619505
0.1,0.0569510649815007
0.1,0.0527907381256606
0.1,0.0300709834904513
0.1,0.0714387619239802
0.1,0.0493835306566976
0.1,0.021130787934637
0.1,0.0435748065370238
0.1,0.0363447887047176
0.1,0.0289400607794531
0.1,0.0282617459390014
0.1,0.0549377156274008
0.1,0.0624232924554379
0.1,0.0868118696863096
0.1,0.0327751571341473
0.1,0.0198616342204807
0.1,0.0449526807829523
0.1,0.0390398081521562
0.1,0.0597382540165564
0.1,0.0223487969705694
0.1,0.0395178725776159
0.1,0.0276548571756632
0.1,0.0290610765585242
0.1,0.0563337000811457
0.1,0.018032502033831
0.1,0.0141275076566861
0.1,0.046848889004223
0.1,0.0177573166587457
0.1,0.0582176043455108
0.1,0.0287756161943619
0.1,0.00321337832816825
0.1,0.0447468028122662
0.1,0.0387718090710983
0.1,0.0563325789949366
0.1,0.0566983340296965
0.1,0.069535978143308
0.1,0.00732276542674284
0.1,0.0384406810767242
0.15,0.0229697398587473
0.15,0.00131040579835817
0.15,0.0436516974964112
0.15,0.0711679599957983
0.15,0.0736950622297465
0.15,0.0367540633159872
0.15,0.08506099761148
0.15,0.0717642764490979
0.15,0.0507149645315295
0.15,0.0277310750440051
0.15,0.00954688246929089
0.15,0.00502298160981353
0.15,0.0856467439269115
0.15,0.0612074680292264
0.15,0.0526264806156793
0.15,0.0738199980039175
0.15,0.0527969846732829
0.15,0.0753033467817762
0.15,-0.00351128728663632
0.15,0.0273211278977842
0.15,0.0716384719024477
0.15,0.052963448714638
0.15,0.0106924250400144
0.15,0.0503371806421574
0.15,0.044103423114305
0.15,-0.0100911574631022
0.15,0.0282917944275493
0.15,0.0444430058219366
0.15,0.0408970310434471
0.15,0.0314398901894439
0.15,0.0437563087075239
0.15,0.0165075056908434
0.15,0.0759374834974174
0.15,0.0287314373394279
0.15,0.0315316202137129
0.15,0.0389432498230109
0.15,0.0605761820274884
0.15,0.0277487055704742
0.15,0.0466241324428643
0.15,0.0230603611791874
0.15,-0.00501359090288168
0.15,0.0551546849314468
0.15,0.0413845777199185
0.15,0.0808652230578817
0.15,0.0134303520835221
0.15,0.0437463471792893
0.15,0.0534581735277475
0.15,0.104209960950535
0.15,0.0398395189802565
0.15,0.0637658039015279
0.15,0.0218119349928894
0.15,0.042536839252083
0.15,0.0302502422679752
0.15,0.0743169034789851
0.15,0.0444612489199996
0.15,0.0312040948562947
0.15,0.0798073031825148
0.15,0.0242258254060427
0.15,0.0308078891162674
0.15,0.033675879867402
0.15,0.0637301056663725
0.15,0.0624757366232145
0.15,0.0841510021372136
0.15,0.0392091219447859
0.15,0.0544948356760194
0.15,0.0159866332655267
0.15,0.0281147077593411
0.15,0.0217037425532259
0.15,0.0450942404519103
0.15,0.0419885903529322
0.15,0.0747771314249294
0.15,-0.00387629398039037
0.15,0.0442201552711098
0.15,0.063951092583781
0.15,0.0797896109077793
0.15,8.24528786771127e-05
0.15,0.0395034252769491
0.15,0.0784714040318881
0.15,0.0373635804239081
0.15,0.0336095759379842
0.15,0.044377557670709
0.15,0.0519618237130306
0.15,0.0808880099462938
0.15,0.0592025201332132
0.15,0.0632599073653961
0.15,0.0386650896896014
0.15,0.0592896712408747
0.15,0.0614446716036385
0.15,0.0664643567346596
0.15,0.0886007230579597
0.15,0.0292805338718904
0.15,0.0738673763637617
0.15,0.0130178956142075
0.15,-9.86886949816415e-06
0.15,0.0488320287713218
0.15,0.0525002824283906
0.15,0.0711237288226538
0.15,0.101049971771115
0.15,0.0389156281238191
0.15,0.0634144647327988
0.15,0.0943333701096861
0.15,0.00267560045152359
0.15,0.0625363892873433
0.15,0.0392687094527953
0.15,0.0312886257712719
0.15,0.079158583941727
0.15,0.0583183532724787
0.15,0.0617434495388723
0.15,0.00441576510093862
0.15,0.0485411880300566
0.15,0.0748047099584305
0.15,0.0452208961190013
0.15,0.0779275661168416
0.15,0.0232149310886893
0.15,0.0555433895882009
0.15,0.0719862000106668
0.15,0.0696412610950935
0.15,0.0695273467589659
0.15,0.0202676863339296
0.15,0.0575224184603392
0.15,0.03696994236734
0.15,0.0840016456662085
0.15,0.0305662603363281
0.15,0.0540438445223334
0.15,-0.00505645170360834
0.15,0.0211721118943968
0.15,0.0708792644525539
0.15,0.0413830123841611
0.15,0.0346197064157672
0.15,0.0575405312030664
0.15,0.0314656766378515
0.15,0.0134762868040761
0.15,0.0324081457293
0.15,0.0261943784463452
0.15,0.0217018741549575
0.15,0.0407766768672473
0.15,0.0345098036637409
0.15,0.0756584199359719
0.15,0.0397342736657497
0.15,0.0950016531727646
0.15,0.0154896023766709
0.15,0.0519941951809897
0.15,0.0675621766900789
0.15,0.0366295801088384
0.15,0.0608708454103577
0.15,0.0300583497327482
0.15,0.0539060953572624
0.15,0.0172229899121067
0.15,0.0425412488902977
0.15,0.0566452808418926
0.15,0.0693290911483564
0.15,0.0640229316801761
0.15,0.0530055756703195
0.15,-0.0140010286287369
0.15,0.0262166658461832
0.15,0.0467619575802322
0.15,0.0633518231248958
0.15,0.0365469414776396
0.15,0.0533631935047119
0.15,0.0711277958198194
0.15,0.0334087881557759
0.15,0.0146529501803911
0.15,0.100894718249117
0.15,0.00684336550413215
0.15,0.0548414096720763
0.15,0.0340250650507698
0.15,0.045872571695865
0.15,0.0588002204244446
0.15,0.0319555614852902
0.15,0.0426351846717686
0.15,0.0160495753431842
0.15,0.0653516603939691
0.15,0.0151409393442378
0.15,0.0305836782713606
0.15,0.0244240123391055
0.15,0.0198655593158776
0.15,-0.0203371892867108
0.15,0.0290023535270209
0.15,0.0711526470453157
0.15,0.0116558836202217
0.15,0.0547916258179393
0.15,0.0211602198050685
0.15,0.0441199818423215
0.15,0.0616851101122217
0.15,-0.00756465851109633
0.15,0.0441442269596085
0.15,0.00972501482421044
0.15,0.0261732856080439
0.15,0.0707445179458828
0.15,0.074776341295091
0.15,0.0714773573260178
0.15,0.0811278208674329
0.15,0.0476756760218871
0.15,0.0236672071129956
0.15,-0.00241601419845946
0.15,0.0553702793100857
0.15,0.0119550934361469
0.15,-0.0125190053948651
0.15,0.100311272530326
0.15,0.0504018564232305
0.15,0.0504678674823451
0.15,0.0515496807909291
0.15,0.0201344368744009
0.15,0.100426518610468
0.15,0.0356831486654056
0.15,0.0324743346185251
0.15,0.0256461405329068
0.15,0.0315949187002423
0.15,0.0712761347253636
0.15,0.0448024556390331
0.15,0.0406024653490034
0.15,0.0165418970393164
0.15,0.0240642777948414
0.15,0.0589112790149015
0.15,0.0144469516296159
0.15,0.00987853284556926
0.15,0.0392722436304416
0.15,0.00741584539302282
0.15,0.0326671487351449
0.15,0.0168424769801056
0.15,0.0357289303829799
0.15,0.0345831210689543
0.15,0.0345951342237233
0.15,0.0617152217809094
0.15,0.0295326692371865
0.15,0.0499581667372486
0.15,0.0476422460965585
0.15,0.0210701584054677
0.15,-0.0106239610859503
0.15,0.0477409913993315
0.15,0.0316170444913691
0.15,0.0570661944356678
0.15,0.055047970584315
0.15,0.0424916599676008
0.15,0.0731477685000704
0.15,0.0358440771087891
0.15,0.0587812933693105
0.15,0.0561033768236554
0.15,0.0209087987214494
0.15,0.054356120433978
0.15,-0.0103567483800052
0.15,0.0605163365444168
0.15,0.0341592393775101
0.15,0.00192716658713942
0.15,0.042395609620269
0.15,0.0650463302927961
0.15,0.0374772120666118
0.15,0.0579540683732434
0.15,0.0370670163266553
0.15,0.0150204123002456
0.15,0.0395069413966592
0.15,0.0640680015708591
0.15,0.118353610173758
0.15,0.00448995833199219
0.15,0.0693900312033437
0.15,0.00170404550674033
0.15,0.0310195025986813
0.15,0.0374916133775539
0.15,0.00348303624277537
0.15,0.0549877039971169
0.15,0.00675194092688501
0.15,0.0125385448980929
0.15,0.081287706228349
0.15,0.0850899413032272
0.15,0.0703356324271166
0.15,0.0458971361399117
0.15,0.060993236011125
0.15,0.0458804654497205
0.15,0.0986748613291715
0.15,0.0821418138021395
0.15,0.00953419574909072
0.15,0.0660182157933269
0.15,0.0202818011414554
0.15,0.0415066328789522
0.15,0.0433458659477589
0.15,0.0650576461228746
0.15,0.0131334665711417
0.15,0.0357153030285527
0.15,0.0772999491223354
0.15,0.0701362013502289
0.15,0.0163718960016959
0.15,0.0417286359215691
0.15,0.0611558931867509
0.15,0.038964237429561
0.15,0.0637367153806967
0.15,0.0081703482758365
0.15,0.0467441280725041
0.15,0.0697162000473746
0.15,0.0751534542144402
0.15,0.0488137197321643
0.15,0.0012524069131194
0.15,0.0476314110029371
0.15,0.0431138253373803
0.15,0.0378496217909987
0.15,0.0776172221434133
0.15,0.0206166142979853
0.15,0.0508082141124758
0.15,0.0181885326196713
0.15,0.0673494013893774
0.15,0.0621937289026305
0.15,0.0295859755063095
0.15,0.0719672259090638
0.15,0.0396684015848636
0.15,0.0482983234514844
0.15,0.0575732211804795
0.15,0.00658118667294219
0.15,0.107534861676423
0.15,0.0357353854384049
0.15,0.0329419772533437
0.15,0.0484862917942635
0.15,0.0259610484759672
0.15,0.0296924125832736
0.15,0.052397286860909
0.15,0.0187518276158962
0.15,0.019894762109338
0.15,0.0566446544997609
0.15,0.042426779843636
0.15,0.0734473620330957
0.15,0.0439468593562522
0.15,0.0429116837664733
0.15,0.0563601188751699
0.15,0.0211865287664261
0.15,-0.0194065949241686
0.15,0.0866595080897183
0.15,0.0234557459476284
0.15,0.0255731239850391
0.15,-0.00777372141564984
0.15,0.0638631586039882
0.15,0.0183161764788565
0.15,0.042612832040261
0.15,0.0279464680779131
0.15,0.090544497941449
0.15,0.0441030844183346
0.15,0.0349713776128107
0.15,0.0739861485237427
0.15,0.0782957617690986
0.15,0.0678460584657323
0.15,-0.0180124500874181
0.15,0.0224001363203502
0.15,-0.0018043141996745
0.15,0.0611565885857963
0.15,0.0685867358659566
0.15,0.0433293517253022
0.15,0.0458375781704287
0.15,0.0540340165004919
0.15,0.00987252764881301
0.15,0.0632628447054563
0.15,0.124647686495525
0.15,0.0115464536636157
0.15,0.0574669922821754
0.15,0.0358216589852215
0.15,0.0255289129170644
0.15,0.044918597719961
0.15,0.0449289104741745
0.15,0.0401210928107015
0.15,0.0696025213497698
0.15,0.0487344818056333
0.15,0.045750850648814
0.15,0.00703309554821375
0.15,0.0534930376398922
0.15,0.000792468285867324
0.15,0.00342337392277608
0.15,-0.00417571082241053
0.15,0.0335604818763267
0.15,0.0625139289939644
0.15,0.00899712948886936
0.15,0.00174968371447475
0.15,0.00928238899193646
0.15,0.0533831274954758
0.15,0.0921468699169257
0.15,0.0544840966302311
0.15,0.00187621756831042
0.15,0.0375285869054245
0.15,0.0953546496552605
0.15,0.0766374117377328
0.15,0.0289766375624233
0.15,0.0163308441069109
0.15,0.0640867500565043
0.15,0.0486654319836881
0.15,0.0361811852321666
0.15,0.0607652537522589
0.15,0.027921065033138
0.15,0.068331097077668
0.15,0.0610606422880456
0.15,-0.0143341377148821
0.15,0.0340345938624245
0.15,0.0689698489443241
0.15,0.0792013242909537
0.15,-0.0012803642247648
0.15,0.029185161247975
0.15,0.0376531999604968
0.15,0.0574871401850749
0.15,0.0449471197512096
0.15,0.0601694111741007
0.15,0.0665258688756649
0.15,0.0446127178111622
0.15,0.0788646064804564
0.15,0.0583676941743071
0.15,0.0209820544542243
0.15,0.018174317298043
0.15,0.0558145900225923
0.15,0.0900081485479851
0.15,0.0317799908058843
0.15,0.0291660978406173
0.15,0.00246448412686184
0.15,0.0201633980210848
0.15,0.0245939514353588
0.15,0.00938296143250124
0.15,0.0342860533162903
0.15,0.0207686621572941
0.15,0.0398751054373737
0.15,0.0389411033565253
0.15,0.0741284873445607
0.15,0.0388063713695119
0.15,0.0131534192606755
0.15,0.091938779908104
0.15,0.0241522192970733
0.15,0.0356961569572201
0.15,0.0344721978414579
0.15,0.0543177146894633
0.15,0.06668109338419
0.15,-0.0168192204350977
0.15,0.070367657123483
0.15,0.0665688069734213
0.15,-0.00962049378683629
0.15,0.0512020929238328
0.15,0.0391786473018846
0.15,0.0244451202046643
0.15,0.0288053597631949
0.15,-0.0105810844143284
0.15,0.10260778334761
0.15,0.0877474037087988
0.15,0.0614364869525255
0.15,0.0196837794224557
0.15,0.046331033712105
0.15,0.0419481232396655
0.15,-0.0178168498831862
0.15,0.022946223356135
0.15,0.00936773136249465
0.15,0.0285520591691284
0.15,0.056638383850338
0.15,0.0545048780434644
0.15,0.0497675329788442
0.15,0.0119395463933936
0.15,0.0404502232901446
0.15,0.05412235417683
0.15,0.0444868781199465
0.15,0.0944317806701613
0.15,0.00955523035458467
0.15,-0.0103109291136897
0.15,-0.00802270348737268
0.15,0.0617542960147238
0.15,0.0260314321165896
0.15,0.0188565919459061
0.15,0.0692058643456161
0.15,0.0476848902482356
0.15,0.0606280898046739
0.15,0.0694851498857971
0.15,0.044337925638655
0.15,0.0568231265067496
0.15,0.0301784520885663
0.15,0.0141472467689478
0.15,0.0594347675017646
0.15,0.0696982877684144
0.15,0.0244189814678514
0.15,0.0788121466542488
0.15,0.0193807730186135
0.15,0.0490526649238157
0.15,0.0405498219243131
0.15,-0.00983559697651991
0.15,0.0586072188270199
0.15,0.0330852737508401
0.15,0.0169824795299283
0.15,0.0503484746126517
0.15,0.0269237446804611
0.15,0.00551990400689097
0.15,0.074786948793741
0.15,0.0332538522433305
0.15,0.0175062218723319
0.15,0.0949843424925702
0.15,0.0399653529387431
0.15,0.0750921387617839
0.15,0.0346966229182672
0.15,0.0417975965968938
0.15,0.0791068210115226
0.15,0.0620981773499235
0.15,0.022579302132493
0.15,0.0519755333143373
0.15,0.0706866385460544
0.15,0.0477441342145858
0.15,0.0463544574101813
0.15,0.0618899888642195
0.15,0.0690360363463228
0.15,0.0493357804586172
0.15,0.074258812677453
0.15,0.030789977965952
0.15,0.117210440604954
0.15,0.0375763000351997
0.15,0.0640820943859135
0.15,0.0601986774590648
0.15,0.0864077444923928
0.15,0.0442492099209542
0.15,0.0223203897634642
0.15,0.081005568595297
0.15,0.0152595378334077
0.15,0.0410887572945194
0.15,0.0257325208093658
0.15,0.0447724908160822
0.15,0.070717539778782
0.15,0.0627559892283667
0.15,0.0598872409315413
0.15,0.0502155051115588
0.15,0.0410583366026004
0.15,0.019620080052695
0.15,0.0738375074685695
0.15,0.0430307469153827
0.15,0.0278138581942083
0.15,0.0616709314025676
0.15,0.0440618308608326
0.15,-0.0202698899542039
0.15,0.023296674275626
0.15,0.0627609067537063
0.15,0.0696689547940054
0.15,0.0245628729506282
0.15,0.0638477881329893
0.15,0.011270628112435
0.15,0.0200732401529165
0.15,-0.0118418806801841
0.15,0.0492920608289539
0.15,0.0376290180389889
0.15,0.0815236059179325
0.15,-0.0121912769260909
0.15,0.0534101027136243
0.15,0.0175261033872758
0.15,0.0883821227952731
0.15,0.0519626335941028
0.15,0.0810672637302564
0.15,0.0402718695327748
0.15,0.0673772716384085
0.15,0.0238106490721022
0.15,0.0555364774997418
0.15,0.0200983513069288
0.15,0.0287132112576225
0.15,0.00536640650189864
0.15,0.00772139204252979
0.15,0.0239084325408761
0.15,-0.0254083398249341
0.15,0.0718686008137134
0.15,0.0559564508666216
0.15,0.0942420430969203
0.15,0.0283563867198088
0.15,0.0548734170792327
0.15,0.0262218455113797
0.15,0.0650287380206944
0.15,0.0996944409945931
0.15,0.0310037935732454
0.15,0.0467030035130635
0.15,0.0431157815252875
0.15,0.076344357025471
0.15,-0.0168079207241037
0.15,0.0125174960106825
0.15,0.0198500636105357
0.15,0.0647625424963333
0.15,0.0670363105938075
0.15,0.00208664975621429
0.15,0.0503254903831299
0.15,0.0342404089608045
0.15,0.0778388282490959
0.15,0.0480297068825471
0.15,-0.0192032259806923
0.15,0.0538295610103215
0.15,0.00729380541962462
0.15,-0.0222020102605396
0.15,0.0534287492294359
0.15,0.0422905099218196
0.15,0.0611456250160271
0.15,0.030068130360135
0.15,0.0315060860545436
0.15,0.011073909539159
0.15,0.0161965914285816
0.15,0.00990747299910168
0.15,0.031303211884873
0.15,0.0217595241402386
0.15,0.00801557901623689
0.15,0.0192357068307155
0.15,0.0320518212154563
0.15,0.00920614311842846
0.15,0.0464237226230102
0.15,0.0307146671267957
0.15,0.03605435532992
0.15,0.0311985994751096
0.15,0.06202257830775
0.15,0.0270393312759644
0.15,0.014602231918276
0.15,0.00760916466780523
0.15,0.0646374554421103
0.15,0.0522100856993966
0.15,0.0429754877707853
0.15,0.0370771402551035
0.15,0.0133761752009903
0.15,0.0286315596591181
0.15,0.070982380744239
0.15,0.0203853285776119
0.15,0.0454466892462342
0.15,0.0659960750671317
0.15,0.0363448823095934
0.15,0.0370780922451629
0.15,0.00536603979517984
0.15,0.0366192630180974
0.15,0.0163443307467215
0.15,0.0836280105987796
0.15,0.0315516807350046
0.15,0.0599720519201489
0.15,0.0298055857853178
0.15,0.025548621872618
0.15,0.060321082590955
0.15,0.0119616647620981
0.15,0.0748684589441917
0.15,0.0691535630368216
0.15,0.025044264466658
0.15,0.0219821333156351
0.15,0.0440025972519904
0.15,0.0077234890699371
0.15,0.0306207979031023
0.15,-0.00597476588359807
0.15,0.0224596297544327
0.15,0.0690076223975277
0.15,-0.000194570223593738
0.15,0.0225166428258408
0.15,0.062442443265721
0.15,0.0428235544237014
0.15,0.0606469964879873
0.15,0.0910289748124971
0.15,0.0812553603197705
0.15,0.0299656998764377
0.15,0.0685109914079985
0.15,-0.00511010366693947
0.15,-0.0118181449120525
0.15,0.0254662741789885
0.15,0.00427974411025002
0.15,0.0321090006880483
0.15,0.0280762276682858
0.15,0.0415762692392657
0.15,0.0842772741218595
0.15,0.041514054170481
0.15,0.0384923320884403
0.15,-0.00412836368433272
0.15,0.0574278006232672
0.15,0.0241989065567377
0.15,0.0198975025984682
0.15,0.0655534314620154
0.15,0.0754186853397365
0.15,0.0692497741390968
0.15,0.037265944765234
0.15,0.0644168349379218
0.15,0.0358025295513207
0.15,0.0444763082701628
0.15,0.0571608101881485
0.15,0.0124958945717217
0.15,0.047605424922012
0.15,0.068388420333333
0.15,0.0284292498731332
0.15,0.0018082363052544
0.15,0.0276560998558052
0.15,0.00491492432578493
0.15,0.0407549548860556
0.15,0.0179105046625467
0.15,0.0696190602975591
0.15,0.0490674287695976
0.15,0.0609384209830938
0.15,0.0108728313002234
0.15,0.0174789412138766
0.15,0.0706184253980282
0.15,0.0437072853717159
0.15,0.0357182678873391
0.15,0.0828012786253775
0.15,0.0800495373641342
0.15,0.0466817063149918
0.15,0.0429217997873393
0.15,0.0666763478778535
0.15,0.0109540838178981
0.15,0.0240022682754704
0.15,0.0412227190103783
0.15,0.0188912743610426
0.15,0.0481197160720102
0.15,0.0190656709411603
0.15,0.0868999280821077
0.15,0.0716425641162938
0.15,0.035251487803809
0.15,0.068505681097742
0.15,0.0287590754367636
0.15,0.0659428295367723
0.15,0.024195660523303
0.15,0.0625822430645075
0.15,0.0323782795829382
0.15,0.086335288823044
0.15,0.074633854773404
0.15,0.0667785837689886
0.15,0.0570073993031107
0.15,0.0301725379350746
0.15,0.0624265410136658
0.15,0.0280646862380181
0.15,0.0126059183865195
0.15,0.0365588290888597
0.15,0.0438668845981861
0.15,0.062131015953128
0.15,0.000697276023716697
0.15,0.0669887497408972
0.15,0.0536739746731382
0.15,0.0317755281485037
0.15,-0.0125713012712294
0.15,0.0369067566915092
0.15,0.060930951630502
0.15,0.0774582113343963
0.15,0.0430785450882497
0.15,0.0578900147006317
0.15,0.0100148539511436
0.15,0.00159918308348191
0.15,0.0580391837051976
0.15,0.0397677433205031
0.15,0.0739289096152609
0.15,0.078096241441852
0.15,0.076186847451239
0.15,0.062136124670599
0.15,0.0709615892571033
0.15,0.0841172456262179
0.15,0.0767618027338538
0.15,0.0343017206931622
0.15,0.0377965488684422
0.15,0.0280595900192507
0.15,0.0378792157357123
0.15,0.0157087891390812
0.15,0.0695144068966186
0.15,0.0747757855137692
0.15,0.0404970801278653
0.15,0.0395174118197088
0.15,0.075258789790653
0.15,0.01318160245181
0.15,0.0338597052224458
0.15,0.0486950239854099
0.15,0.0481303713443073
0.15,0.00308579906477227
0.15,0.0693032526906274
0.15,0.0468308658663676
0.15,0.0405709473376793
0.15,0.057275107076831
0.15,0.02865096649768
0.15,0.0292550948670053
0.15,0.0356822230899571
0.15,0.0162523963196166
0.15,0.10174181541686
0.15,0.0397271588806794
0.15,0.0768391951915851
0.15,0.0250749992319014
0.15,0.0473553913129796
0.15,0.0640961008194149
0.15,0.0306072730325543
0.15,0.0734426705489564
0.15,0.0567635192172269
0.15,0.0310410858496295
0.15,-0.00963969365258301
0.15,0.0101203120330082
0.15,0.0419288315833017
0.15,0.0923884378688549
0.15,0.0244640636913475
0.15,0.0269620293851002
0.15,0.00358414115642347
0.15,0.0615526691761247
0.15,0.0754910624566184
0.15,0.0193005821959057
0.15,0.0513044468644647
0.15,0.0865466836008796
0.15,0.0791056313209506
0.15,0.0555378893645277
0.15,0.0556384128733085
0.15,0.0234649950499335
0.15,-0.0037218589628897
0.15,0.0275532292340523
0.15,0.0195251306480052
0.15,0.00445496380901727
0.15,0.0540604553423264
0.15,0.0387133111670306
0.15,0.0454144045859466
0.15,0.0259332713256344
0.15,0.0245342515660075
0.15,0.0466884051196357
0.15,0.0274875661180193
0.15,0.0568221195854777
0.15,0.0182342829826812
0.15,0.06752382809236
0.15,0.0789491062554028
0.15,0.0470524159535593
0.15,0.00709860396635333
0.15,0.0328481488076127
0.15,0.0899501022117994
0.15,0.0445904340972002
0.15,-0.0040412579434711
0.15,0.0333839377171427
0.15,0.0368943249168204
0.15,0.0936797056614913
0.15,0.0741725802908012
0.15,0.0834954930936169
0.15,0.0525116719166176
0.15,0.062863765354768
0.15,0.0151439054428835
0.15,0.0302752236972375
0.15,0.0330092833779991
0.15,0.0612829140539253
0.15,0.0184812274821238
0.15,0.0544826305110344
0.15,0.0389405936171157
0.15,0.0923505496462202
0.15,0.085659309101871
0.15,0.0821609522406787
0.15,0.0402338115296647
0.15,0.0317636042297794
0.15,0.0444882878144372
0.15,0.0150470363877092
0.15,0.0315900858181568
0.15,0.0192388237258043
0.15,0.0283298743466508
0.15,0.0364272117076684
0.15,0.0501968149325447
0.15,-0.0061485131456356
0.15,0.0870434157746989
0.15,0.0445042867844969
0.15,0.0544641622777496
0.15,0.0338271669166183
0.15,0.0272234377646314
0.15,0.0113908516910936
0.15,0.00477542318954778
0.15,0.063471456916036
0.15,0.0615496685810783
0.15,0.05622220438565
0.15,0.0244952476514512
0.15,0.0688596583005031
0.15,0.00502504431311567
0.15,0.0529628516381304
0.15,0.00678470448470329
0.15,-0.0175989690346641
0.15,0.0771368256404677
0.15,0.0586533324620646
0.15,0.0446379764016543
0.15,0.045506004440401
0.15,0.0402891402570327
0.15,0.0609229203947573
0.15,0.0530170888874388
0.15,0.0326013675359885
0.15,-0.0131412920608889
0.15,0.0397251422868713
0.15,0.0355477357528668
0.15,0.0120074010613765
0.15,0.0594888004590733
0.15,0.0704227549116038
0.15,0.053459193321564
0.15,0.0589786190307319
0.15,0.0587827517559565
0.15,0.0572151994396037
0.15,0.0195582722035944
0.15,0.0942309099553092
0.15,0.0310656658739033
0.15,0.0342150744489035
0.15,0.0843234262002174
0.15,0.016249319135538
0.15,0.0493142716283897
0.15,-0.0205550606336156
0.15,0.0162942986178104
0.15,0.03748987585827
0.15,0.017293655520024
0.15,0.059419591342254
0.15,0.0609902056182833
0.15,0.0391900314057532
0.15,0.00421787454005858
0.15,0.0754881596176798
0.15,0.0481465102783012
0.15,0.0783213043497578
0.15,0.0802521034090262
0.15,0.0294720741925405
0.15,0.0340147075501461
0.15,0.00481391149315982
0.15,0.013527454989151
0.15,0.0935421062364753
0.15,0.0467620948604768
0.15,0.0663910240909311
0.15,0.0519811478175612
0.15,0.0270596039404668
0.15,0.0576213168812068
0.15,0.0331977851691062
0.15,0.0450912084400333
0.15,0.051039659295104
0.15,0.0430687290981584
0.15,0.0609279879474877
0.15,0.0429517044438868
0.15,0.0202405085840488
0.15,0.0818721543828526
0.15,0.043508050330106
0.15,0.0199495849643482
0.15,0.00872635102794959
0.15,0.0590965854552709
0.15,0.0278835566979963
0.15,0.0571976375804072
0.15,0.00592511985304357
0.15,0.0816950802519789
0.15,0.059290163591984
0.15,0.0523988445884549
0.15,0.0378487828716423
0.15,0.0410621655053256
0.15,0.0251243999315738
0.15,0.0620422775943964
0.15,0.0168651516079067
0.15,0.0130491209472895
0.15,0.042079848473333
0.15,0.0707223292819792
0.15,0.0624387940149219
0.15,0.0827566973824097
0.15,-0.00325184612337845
0.15,0.0902373090413995
0.15,0.00963677164213863
0.15,0.0392345414460843
0.15,0.0263995482317001
0.15,0.0482349187345356
0.15,0.0585932017055491
0.15,0.0427869107255717
0.15,0.0322667513672401
0.15,0.0390224912901368
0.15,0.0629579475703747
0.15,0.0255531548518184
0.15,0.0995269204855947
0.15,0.0469854707225743
0.15,0.0335010338856233
0.15,0.0483403512953524
0.15,-0.0264860017491887
0.15,0.0630765357624115
0.15,0.07412468997117
0.15,0.0372297493528314
0.15,0.0361094313232058
0.15,0.0318719075016241
0.15,0.0627113886580241
0.15,0.0783600350348144
0.15,0.0220375043338166
0.15,0.0600783701242427
0.15,0.0375840214740781
0.15,0.0177741708028819
0.15,0.0338654389956051
0.15,0.0613050484231023
0.15,-0.0121326668817722
0.15,0.0510209987298149
0.15,0.0655918080100675
0.15,0.0435252209321956
0.15,0.0257209006854897
0.15,0.017990135697962
0.15,0.0422526944654255
0.15,0.0715206064492403
0.15,0.0461303635876563
0.15,0.0421982241509136
0.15,0.0225891211264114
0.15,0.0367528890032439
0.15,0.0474378026028095
0.15,0.048855105974868
0.15,0.0555762177881409
0.15,0.033016974422921
0.15,0.0510663691991709
0.15,0.030557008438827
0.15,0.0593891806995297
0.15,0.015629183609089
0.15,0.0211958641222935
0.15,0.0679287469832263
0.15,0.0481104683475438
0.15,-0.00413074667216263
0.15,0.0523977581025998
0.15,0.0555369074692276
0.15,-0.0130888698687244
0.15,0.0287944120143859
0.15,0.0481432324528902
0.15,0.0797825827700267
0.15,0.0318406522562642
0.15,0.0547589005665274
0.15,0.0613677697647765
0.15,0.0573066770122097
0.15,0.00654080265083743
0.15,0.00313761207305653
0.15,0.0424714666265722
0.15,0.0563798835984279
0.15,0.0458579674784618
0.15,0.0246219751707251
0.15,0.0113828261483748
0.15,0.0512047108429858
0.15,0.0439723931639052
0.15,0.0637865768765456
0.15,0.0650451100038489
0.15,0.0388031557434327
0.15,-0.0108803318355699
0.15,0.0670745621433818
0.15,0.0162758173184407
0.15,0.0655144389589083
0.15,0.0667047486440452
0.15,0.0615241733294637
0.15,0.00276751598257065
0.15,0.0305976260414604
0.15,0.0379129422170171
0.15,0.100620339712356
0.15,0.0195159447807626
0.15,0.0947210731393153
0.15,0.0578107531895298
0.15,0.104594529290396
0.15,0.0388851086202783
0.15,0.0565260443913989
0.15,0.0134833936499537
0.15,0.057538849475341
0.15,0.0571884468642744
0.15,0.0513653968128265
0.15,0.0265104992477936
0.15,0.00605888662041332
0.15,0.0151536809402882
0.15,0.0468204755776234
0.15,0.0880284111901589
0.15,0.0765516877818479
0.15,0.0291154592295166
0.15,0.0559842575115845
0.15,0.0416629558984459
0.15,0.0486596397743905
0.15,0.0305456326964212
0.15,0.0500637320864695
0.15,0.0511312509655057
0.15,0.0630275655559159
0.15,-0.0179548483999602
0.15,0.0487717448879161
0.15,-0.0125096393877278
0.15,0.07899286969173
0.15,0.0721711925073204
0.15,0.0758194871651849
0.15,0.0256948163255178
0.15,0.0467395549255909
0.15,0.0483070332933166
0.15,-0.00662217069531431
0.15,0.0325442702090508
0.15,0.0724349880817345
0.15,0.0490008393723689
0.15,0.0841752420586865
0.15,0.0936059677447683
0.15,0.025228384419768
0.15,-0.0231607629891711
0.15,0.0473164558171476
0.15,0.035847443046857
0.15,0.0401588520155733
0.15,0.0155916337696999
0.15,0.0587472515716495
0.15,0.0711585719826744
0.15,0.0249346663435822
0.15,0.0565172442033855
0.15,0.0251018137618364
0.15,0.035694776146296
0.15,0.0701752530986083
0.15,0.0754894509122226
0.15,0.0389414823878088
0.15,0.0591744724207495
0.15,0.0540126010463842
0.15,0.0421569146567604
0.15,0.0106036960080317
0.15,0.0259731046627029
0.15,0.0396239299567497
0.15,0.0671573911303467
0.15,0.0396923278580467
0.15,0.0105790391219688
0.15,0.0436822185692482
0.15,0.0146901163972978
0.15,0.0371374374800592
0.15,0.0761031570835909
0.15,0.0624683737250298
0.15,0.0754450991606169
0.15,-0.0186428384792523
0.15,0.086793414580455
0.15,0.0135968629025817
0.15,0.06294358662827
0.15,0.0473516206672715
0.15,0.0591269830818755
0.15,0.0109003639531295
0.15,0.087251524853561
0.15,0.0454484845814676
0.15,0.0640447091575041
0.15,0.0382500235301482
0.15,0.0434216279049777
0.15,-0.00553534635308514
0.15,0.00339883256157357
0.15,0.00985331692522889
0.15,0.0699460476514632
0.15,0.0943136827953629
0.15,0.0434553315143477
0.15,0.073633235825837
0.15,0.0100528805699094
0.15,0.106647843051854
0.15,0.0346526891164157
0.15,0.0128636345311762
0.15,0.065674639409371
0.15,0.0760093461693629
0.15,0.0650478105098555
0.15,0.0480952229358144
0.15,0.0659638111906461
0.15,0.0316666440997993
0.15,0.0307089452432437
0.15,0.0137396348186683
0.15,0.0148332216734307
0.15,0.0109163144730021
0.15,0.0578108620475969
0.15,0.0657164959438652
0.15,0.0417615336678562
0.15,0.010857370229868
0.15,0.062126405064042
0.15,-0.016411135127626
0.15,0.0220354832353129
0.15,0.0541870378016928
0.15,0.0413853861770372
0.15,0.0718836645526096
0.15,0.0340391896688052
0.15,0.0657278013055896
0.15,0.0789793998649407
0.15,0.0721423955660008
0.15,0.0692845747145373
0.15,0.0395285054488094
0.15,0.0493720865989146
0.15,0.0549978971246761
0.15,0.0627255548946207
0.15,0.0396584826172388
0.15,0.0191479981756261
0.15,0.0736032566832272
0.15,0.0880908616671085
0.15,0.0538718872531566
0.15,0.0497203023639416
0.15,0.0636038210845249
0.15,0.0366958107202288
0.15,0.061452962003336
0.15,0.0517571631453907
0.15,0.0557647817791545
0.15,0.0734597290170306
0.15,0.0498638754858117
0.15,0.0420360938652783
0.15,0.0213264626559782
0.15,0.0662617759885345
0.15,0.0271899918420272
0.15,0.0205741219710621
0.15,0.0754823900109595
0.15,0.0375957637445673
0.15,0.0231627670250365
0.15,0.0294750935384405
0.15,0.0778918125793172
0.15,0.0253610078411726
0.15,0.006775769300686
0.15,0.0586111280566362
0.15,0.0201129082336233
0.15,0.0413339832082303
0.15,0.0502718033338379
0.15,0.073712108456708
0.15,0.0250871072847202
0.15,0.0556708150871842
0.15,0.0281324707943515
0.15,0.028075619640596
0.15,0.0492848203281741
0.15,0.0698179916763525
0.15,0.0386329853764272
0.15,0.060591585031645
0.15,-0.00875409787829649
0.15,0.0435725273488309
0.15,0.0446068404862036
0.15,0.0198679793141887
0.15,0.0887638217651581
0.15,0.0338062830407457
0.15,0.0675048618112992
0.15,0.089924721236658
0.15,0.00990436325677217
0.15,0.0527354378489768
0.15,0.0487365919543383
0.15,0.0131861836964212
0.15,0.075277016564975
0.15,0.0281000228255192
0.15,0.035569912486439
0.15,0.0260516748287452
0.15,0.0196799983603974
0.15,0.0166460203362921
0.15,0.027497745959503
0.15,0.0378687448923537
0.15,0.072937996004679
0.15,-0.00419613258835163
0.15,0.0120253198003998
0.15,0.055903694616285
0.15,0.0235663522065102
0.15,0.0696041610530708
0.15,0.0602130521729892
0.15,0.0150418360619476
0.15,0.0621667694309046
0.15,0.0482128158783512
0.15,0.013971461431958
0.15,0.0248868576308753
0.15,0.0524595739885449
0.15,0.0764236980403009
0.15,0.0600128469957458
0.15,0.0531701697132917
0.15,0.0269953690405503
0.15,0.0906127047023804
0.15,0.0427318876269261
0.15,0.0860643855425713
0.15,0.00245068571712173
0.15,0.093986385412726
0.15,0.0221758527735754
0.15,0.0887304594052722
0.15,0.0486266662743105
0.15,0.0531370429799311
0.15,0.048059050109556
0.15,0.0650331655838889
0.15,0.0446259980223078
0.15,0.0741277193603957
0.15,0.0319650904017642
0.15,0.0153729884243905
0.15,0.0516776757199025
0.15,0.0458351343627294
0.15,0.0133495434553819
0.15,0.0339845394404314
0.15,0.0691355782652888
0.15,0.029023082047168
0.15,0.0717855715265138
0.15,0.0517348630408384
0.15,0.0101190599296733
0.15,0.045933895821089
0.15,0.0219441560324431
0.15,0.0582850487383032
0.15,0.00950651508779935
0.15,0.049712558585427
0.15,0.0179784243339804
0.15,0.0553974247903071
0.15,0.0418025610926483
0.15,0.0605545321009635
0.15,0.0504396096760792
0.15,0.0678386908005092
0.15,0.00762092893486541
0.15,0.0648950935475949
0.15,0.0586339116965048
0.15,0.0448887979658419
0.15,0.0349119547901252
0.15,0.00851634142562877
0.15,0.0381841871585379
0.15,0.0413800148813706
0.15,0.0765251624181038
0.15,0.062581088065589
0.15,0.0289601088378399
0.15,0.072618320855764
0.15,0.0566009162155861
0.15,0.0461427771578864
0.15,0.056053782390145
0.15,0.0210112775471253
0.15,0.0463018011679228
0.15,0.0332085699743726
0.15,0.0463159957135086
0.15,0.00760397496616261
0.15,0.0655166151110722
0.15,0.0943471571912687
0.15,0.0281310807135621
0.15,0.0274574819901071
0.15,0.0921557215102692
0.15,0.0302261683043802
0.15,0.0255393729763964
0.15,0.0284100953591077
0.15,0.0525919524988038
0.15,0.0580673804993596
0.15,-0.00133340746278477
0.15,0.0241791572908113
0.15,0.0526046689574675
0.15,0.0235671886656708
0.15,0.0887699374803617
0.15,0.0205224970167708
0.15,0.0565731089669249
0.15,0.0559889496601691
0.15,0.0860300958999153
0.15,0.0601863895847625
0.15,-0.0149031987886682
0.15,0.0659080043399761
0.15,0.0604782841162388
0.15,0.0582766690200871
0.15,0.0532024883310096
0.15,0.014965652095461
0.15,0.0715302511526108
0.15,0.0176763325493667
0.15,0.0589058323662731
0.15,0.0528590846730825
0.15,0.0609367643537999
0.15,0.055295626953023
0.15,0.0305303136312461
0.15,0.0678526214281039
0.15,0.0496359670823927
0.15,0.0479628954239511
0.15,0.0628019945581404
0.15,0.0531036943177145
0.15,0.0872863491353744
0.15,0.0492970061018513
0.15,0.0749531093802451
0.15,0.0326156927478321
0.15,0.0832370538292498
0.15,0.0337034143418927
0.15,0.0621057864532532
0.15,0.0306894578062424
0.15,0.0112702794447979
0.15,0.0301809864451426
0.15,0.0441567188235564
0.15,0.0610981966252316
0.15,0.0169441597587882
0.15,0.0324707419178421
0.15,0.042763778802715
0.15,0.0335876455354883
0.15,0.0944591007965519
0.15,0.0338109879425524
0.15,0.059799066739557
0.15,0.0396155072086263
0.15,0.0464669410867265
0.15,0.0262493667936874
0.15,0.0718216600681608
0.15,0.0632374424621689
0.15,0.0495166442285378
0.15,0.0552058209793984
0.15,0.0650974610164057
0.15,0.00626523620246155
0.15,0.0403617950252171
0.15,0.0983922534787992
0.15,0.046422984145403
0.15,0.048240225771461
0.15,0.0195541361615043
0.15,0.0420649530802629
0.15,0.0183730918413754
0.15,-0.0113635344691828
0.15,0.0520360771142665
0.15,0.0687812147259644
0.15,0.0376438542014425
0.15,0.0292909991743361
0.15,-0.0042275829754359
0.15,0.00349234788083677
0.15,0.0333206173052799
0.15,0.0479515894530279
0.15,-0.0117153785138312
0.15,0.0150542560541575
0.15,0.0597961219826491
0.15,0.112635985620059
0.15,0.0608090100266366
0.15,0.0430096045254039
0.15,0.0459672279743249
0.15,0.0406026040424351
0.15,0.0204252508067332
0.15,0.0140065132868173
0.15,0.0261927998793259
0.15,0.0227253761013675
0.15,0.0907783129184269
0.15,-0.0163167176190565
0.15,0.059221652512706
0.15,0.0442562196124311
0.15,0.0565064147846097
0.15,0.0205595139362298
0.15,0.0805184928683133
0.15,0.0414127084427597
0.15,0.0763135269512268
0.15,0.000241059769303064
0.15,0.0483461913245503
0.15,0.0311855580918113
0.15,0.0645048786792332
0.15,0.0381076765925164
0.15,0.0274068278890712
0.15,0.0122092981994254
0.15,0.0209074698791015
0.15,0.0496587245219054
0.15,0.0493886707941077
0.15,0.0103601038744815
0.15,0.0238809152324892
0.15,0.0469080395275403
0.15,0.00396809541172273
0.15,0.043397326657527
0.15,0.00946999176103902
0.15,0.0344746436371021
0.15,0.0672859008991378
0.15,0.056563352897658
0.15,0.080208868068689
0.15,0.0241849435318915
0.15,0.0710888796106546
0.15,0.0293234209410156
0.15,-0.0100090643991784
0.15,0.096716630978452
0.15,0.0303182135923881
0.15,0.00243274532632305
0.15,0.0591345649603933
0.15,0.0180765269193655
0.15,0.0526934854475576
0.15,0.0395905632190654
0.15,0.0857439354714015
0.15,0.0299129235500888
0.15,0.04610479345246
0.15,0.0671807295249478
0.15,0.0163397882504637
0.15,0.0479253396948529
0.15,0.0813631129372448
0.15,0.0509172350387971
0.15,0.0363531993465534
0.15,0.0260585674114804
0.15,0.0680395030999001
0.15,0.0832354255865971
0.15,0.00874858288422138
0.15,0.0235080945895581
0.15,0.0338197782656561
0.15,0.085143178437358
0.15,0.0303760960303081
0.15,0.0371458777924168
0.15,0.0448121703800641
0.15,0.00898087086276057
0.15,0.0613041522034675
0.15,0.0119937343550201
0.15,0.0729586651972093
0.15,0.0281105750318024
0.15,0.0107707641967327
0.15,0.0280784521266953
0.15,0.0604228596813281
0.15,-0.0144097779793208
0.15,0.0237575216363063
0.15,0.0161290294371181
0.15,0.0865827947903675
0.15,0.0324431447888768
0.15,0.0219900920743793
0.15,0.0151898761642236
0.15,0.0221753602861321
0.15,0.0268342489769797
0.15,0.0429895169858437
0.15,0.0172038082303051
0.15,0.0285082064486982
0.15,0.019529837828231
0.15,0.0127400586504696
0.15,0.064652559443221
0.15,0.0406353013820049
0.15,0.0505309095977699
0.15,0.0374329656513923
0.15,0.065049700190104
0.15,0.0409865954741571
0.15,0.0330384948805723
0.15,0.0469574741781673
0.15,0.00549179829577359
0.15,0.103635683365755
0.15,0.0456207239890953
0.15,0.0326812926843004
0.15,0.0708678498859975
0.15,0.0465269497051513
0.15,0.0476493982942154
0.15,0.0629367641636287
0.15,0.0786327150698115
0.15,0.0731389941388907
0.15,0.033709543468116
0.15,0.0412229484653898
0.15,0.0621590749022397
0.15,0.0377350746438654
0.15,0.0547138209809986
0.15,0.060595362652558
0.15,0.0587407479896858
0.15,0.0518829099775012
0.15,0.036963098849636
0.15,0.0562047800848
0.15,0.0478312269000578
0.15,-0.00569961019194123
0.15,0.0611614723755714
0.15,0.0147941283713731
0.15,0.0454949843215066
0.15,0.0386764559388411
0.15,0.0317393380354949
0.15,0.0512631826026747
0.15,0.0552929889370216
0.15,0.0447517671417847
0.15,0.032075100896174
0.15,0.0845995027977523
0.15,0.0486678426940267
0.15,0.0514159770265062
0.15,0.056156021687296
0.15,0.0317126546869194
0.15,0.0510593443314944
0.15,0.028849317339919
0.15,0.0389681679319208
0.15,0.0481657419462795
0.15,0.052034473859215
0.15,0.053059186355581
0.15,0.061284334784467
0.15,0.0207880397912508
0.15,0.00874447459295831
0.15,0.0763488183728247
0.15,0.0403432176461594
0.15,0.051075703710831
0.15,0.0694849102022146
0.15,0.0727518949427151
0.15,0.0796831743458305
0.15,0.0224754647425994
0.15,0.0322982447135917
0.15,0.0621887819668042
0.15,-0.00509401314950162
0.15,0.0496356710033481
0.15,0.0175057084633345
0.15,0.0139041489229183
0.15,-0.0112409763803641
0.15,0.0238208669432441
0.15,-0.000588535314655419
0.15,0.0548015111765359
0.15,0.0600549499832005
0.15,0.0369160983149712
0.15,0.0436347538082705
0.15,0.0307196532472902
0.15,0.030053287769232
0.15,0.0716968623135311
0.15,-0.00541516120696462
0.15,0.00643117570544732
0.15,0.0519568958824338
0.15,0.0480600304237805
0.15,0.0484616639476295
0.15,0.0165807468277629
0.15,0.00246932141505273
0.15,0.012183405329274
0.15,0.0598926537971736
0.15,0.0520583211897561
0.15,0.0261544732803842
0.15,0.0446376702932753
0.15,-0.00436243293910223
0.15,0.0472891486324824
0.15,0.0515501571556136
0.15,0.0170339336527935
0.15,0.0434539188771363
0.15,0.0774816365051761
0.15,0.064887660120236
0.15,0.0362741251710483
0.15,0.0660621446666735
0.15,0.056554457865834
0.15,0.0539485616071042
0.15,0.0185930339689336
0.15,0.0334036253090213
0.15,0.050889123967156
0.15,0.0640846398050327
0.15,0.0366334065392631
0.15,0.0775500196064414
0.15,0.0407673161885985
0.15,0.0486707994666424
0.15,0.0380758328026034
0.15,0.0877133728578734
0.15,0.0912154771494034
0.15,0.0146721982183376
0.15,0.0884482806726853
0.15,0.0828872907501286
0.15,0.0141829184492154
0.15,-0.00728123509404881
0.15,0.0313859058687341
0.15,0.0490046323914177
0.15,0.0237909588595035
0.15,0.0325193383208188
0.15,0.0494131440352814
0.15,0.0873207645803147
0.15,0.0534839137428004
0.15,0.0704447989989587
0.15,0.0307123069458384
0.15,0.0192295101206802
0.15,0.061708563824274
0.15,0.00675525553365321
0.15,0.0329986008977443
0.15,0.046330373479108
0.15,-0.0012442295507968
0.15,0.0777674416494909
0.15,0.0408548224051931
0.15,0.0527066285622288
0.15,0.0621886669034116
0.15,0.0507629869115231
0.15,0.0132364802296382
0.15,0.0187413326187709
0.15,0.0702824734069279
0.15,0.028954208501243
0.15,0.0701847401827627
0.15,0.0379091658700873
0.15,0.0230732162402612
0.15,0.0532715253461293
0.15,0.0467309060105672
0.15,0.0639671590030588
0.15,0.0418461189054494
0.15,0.024510974801188
0.15,0.0421407384614239
0.15,0.0748015614294577
0.15,-0.011441154811105
0.15,0.0579488278459826
0.15,0.0607527576951857
0.15,0.0369346111409746
0.15,0.0532907816768368
0.15,0.0502622968339779
0.15,0.0430050032006763
0.15,0.0738289714749122
0.15,0.0380417355668114
0.15,0.054171630969562
0.15,0.0845133881045466
0.15,0.0522660089310146
0.15,0.0451364002597024
0.15,0.0343829583126346
0.15,0.0384961438558514
0.15,0.0456050775745573
0.15,0.0748807533048763
0.15,0.0626927437294055
0.15,0.0312054682558991
0.15,0.052418922557964
0.15,0.0394163332093653
0.15,0.021012420725509
0.15,0.0748695368038476
0.15,0.031808459707033
0.15,0.0427014054493056
0.15,0.0210645300541352
0.15,0.0618255514813824
0.15,0.0446468478525169
0.15,0.0485039174631775
0.15,0.0406845645275226
0.15,0.0122629520465178
0.15,0.0430207607750641
0.15,0.0500992534336508
0.15,0.00824468247018934
0.15,0.0758172163653844
0.15,0.0557640313507328
0.15,-0.00063554584610095
0.15,0.0262976498274234
0.15,0.077338091450689
0.15,0.0386265807345898
0.15,0.0068140662013144
0.15,0.0313709522507706
0.15,0.0611583988432013
0.15,0.0378884569513153
0.15,-0.0173005233777821
0.15,0.018666956650335
0.15,0.0329222566499892
0.15,0.0412077680029327
0.15,0.0423864076109886
0.15,0.0456580691367714
0.15,0.0759991927370366
0.15,0.062494878457309
0.15,0.0680418068405496
0.15,0.013265852178435
0.15,0.0430919637606277
0.15,0.03791911946819
0.15,0.0880356753757017
0.15,0.0142723129272523
0.15,0.0947269330419914
0.15,0.0300829516747387
0.15,-0.011623532730331
0.15,0.0368129012837557
0.15,0.0777536219617963
0.15,0.0363081286348387
0.15,0.0999424021208045
0.15,0.0464092623042849
0.15,0.031864666082921
0.15,0.0256465138261435
0.15,0.0238054585818613
0.15,0.0415482183354471
0.15,0.0178841212169596
0.15,0.0615419376067481
0.15,0.0587893153722855
0.15,0.0448863745432586
0.15,0.0690113595839648
0.15,0.0508410213735104
0.15,0.0449728377814567
0.15,0.0448907467580893
0.15,0.0795723963135551
0.15,0.0756489950863443
0.15,0.0412488872351582
0.15,0.0707416843875843
0.15,0.0637794203482703
0.15,0.0499393826697706
0.15,0.0482329095202047
0.15,0.0483797382683018
0.15,0.0341283054729147
0.15,0.0708135973772557
0.15,0.0265215562507247
0.15,0.0409980689641377
0.15,0.0840780639720685
0.15,0.0491835020383792
0.15,0.046991979782395
0.15,0.0539069473260724
0.15,0.0649951528475703
0.15,0.0465638227569182
0.15,0.0251882413781631
0.15,0.0540465115965116
0.15,0.0203846448620781
0.15,0.0838322078165614
0.15,-0.00429131300141674
0.15,0.0245740302202865
0.15,0.0909116289287271
0.15,0.0614037068333814
0.15,0.0346137482589079
0.15,0.0123434750067379
0.15,0.0426079272959048
0.15,-0.00472962960854621
0.15,0.0479700952974593
0.15,0.0360400477184723
0.15,0.0430909376383546
0.15,0.0147815773202501
0.15,0.0447239828464003
0.15,0.068568303623868
0.15,0.0495856388988027
0.15,0.0562912484816548
0.15,0.0683864162425536
0.15,0.0316185509241112
0.15,0.0796695029662968
0.15,0.0323566532454669
0.15,0.0954736755017227
0.15,0.0480364072911792
0.15,0.0325004318345273
0.15,0.0561798142174594
0.15,0.0490797786945898
0.15,0.0128584281805564
0.15,-0.0106774189379658
0.15,0.131528570824326
0.15,0.0729689478363534
0.15,0.0472374539166557
0.15,0.063869261407164
0.15,0.0797349804583762
0.15,0.0612516194867148
0.15,0.0236495315589675
0.15,0.0491599125330312
0.15,0.0388201048692964
0.15,0.0377658102569951
0.15,0.055043802660625
0.15,0.0740893144469334
0.15,0.0323683550967202
0.15,0.0443073284342119
0.15,0.0791738342991837
0.15,0.0545179320943773
0.15,0.0339509319457125
0.15,0.0722133140244898
0.15,0.0222688633138407
0.15,0.0215671546229882
0.15,0.0757785033822067
0.15,0.0268892895705412
0.15,0.0538275487853632
0.15,0.0690951296544773
0.15,0.0602787308463171
0.15,0.0393996979635573
0.15,0.0375582978846534
0.15,0.0552967641505242
0.15,0.0785180512758002
0.15,0.0459126668542149
0.15,0.0377725597961915
0.15,-0.00452791272402251
0.15,0.00370840803601671
0.15,0.0599103830260316
0.15,0.0343047889730503
0.15,0.055337938026517
0.15,0.0261572454627821
0.15,0.0658823810745213
0.15,0.0232061411348855
0.15,0.0119456728472241
0.15,0.0552672782331868
0.15,0.0617377545335863
0.15,0.0259878312668715
0.15,-0.00448481893900317
0.15,0.0900127091305466
0.15,0.0524991696544824
0.15,0.0509157237039424
0.15,0.0365330249083564
0.15,0.0520036210141462
0.15,0.104469287914581
0.15,0.0589062301555536
0.15,0.0662086454269304
0.15,0.0231664652237309
0.15,0.0579414819252981
0.15,0.0132473947691382
0.15,0.0594102004855672
0.15,0.0790878268284332
0.15,0.0373549886193476
0.15,0.0601138569575539
0.15,0.081679155787082
0.15,-0.000439302014304797
0.15,-0.0173485530786542
0.15,0.0550604141626093
0.15,0.0962275922210788
0.15,0.018670428888248
0.15,0.0694516266526783
0.15,0.0114881184958493
0.15,0.0694909512840992
0.15,0.0344067255306846
0.15,0.0734187994207252
0.15,0.0480708770923733
0.15,0.0704071864628838
0.15,0.0428967042459066
0.15,0.0717144579269347
0.15,0.0481332578071268
0.15,0.00800595027950384
0.15,0.0476728393027236
0.15,0.0442405704320478
0.15,0.0834633355834132
0.15,0.0251014992193044
0.15,0.0247018620921693
0.15,0.0618567818296992
0.15,0.0448815452905324
0.15,0.0587661737681227
0.15,0.067334805929329
0.15,0.0288061098132201
0.15,0.0416009038085673
0.15,0.0794855772910884
0.15,0.0651815716402385
0.15,0.0516976382758632
0.15,0.0465745264212432
0.15,0.0579791296937537
0.15,0.0333383432262201
0.15,0.0527025808307542
0.15,0.0733416563475055
0.15,0.0255468175372268
0.15,0.0411610591052969
0.15,0.0565758971155288
0.15,0.08810853906194
0.15,0.0197827565232618
0.15,0.0186473404389656
0.15,0.0720005802336924
0.15,0.0756115059759036
0.15,0.0443484739357523
0.15,0.0455819658650563
0.15,0.0190609025885542
0.15,0.00899930791510819
0.15,0.0965175658171679
0.15,0.063423088164744
0.15,0.0273177330848142
0.15,0.0180074270711393
0.15,0.0655752911280176
0.15,0.0933429216693333
0.15,0.0637959938005238
0.15,0.0317945022564036
0.15,0.0444173922504385
0.15,-0.0183945695478973
0.15,0.0579628462008875
0.15,0.0633047395836506
0.15,-0.00163762723503897
0.15,-0.0156980859760622
0.15,0.0483105804465728
0.15,0.0388246896357158
0.15,0.0782011617015272
0.15,0.0568484212543208
0.15,0.0175919546228379
0.15,0.0408756839375267
0.15,0.00266991532678826
0.15,0.0489760918909546
0.15,0.0415273373756215
0.15,0.0486127160947207
0.15,0.062816261034956
0.15,0.0559661551458003
0.15,0.0456077068789366
0.15,0.0198460474098912
0.15,0.0472678979213163
0.15,0.0345074452900447
0.15,0.0669631145846132
0.15,0.0168767785825402
0.15,0.0294664981736773
0.15,0.0184220758434491
0.15,0.0377508855881942
0.15,0.0598047991384719
0.15,0.0323694662563628
0.15,0.0484746120110604
0.15,0.05870530443862
0.15,0.059625559880577
0.15,0.0448268057888584
0.15,0.0494661094003366
0.15,0.0801247094975913
0.15,0.0390661339427104
0.15,0.0221225195331777
0.15,0.0527036645183507
0.15,0.078799561252131
0.15,0.0614529665143321
0.15,0.0518798463921605
0.15,0.0314515183602804
0.15,0.00442896716835934
0.15,0.0613526683707964
0.15,0.0340408380019761
0.15,0.0719575334836972
0.15,0.036704698304395
0.15,0.0598830132410485
0.15,0.0535902479038943
0.15,0.0441734995282157
0.15,0.0527502776712766
0.15,0.0577228390658271
0.15,0.0192950387280187
0.15,0.0101686206819185
0.15,0.0254582799761412
0.15,0.0616351426979067
0.15,0.0232421498125117
0.15,0.0520125689927283
0.15,0.0375917818746438
0.15,0.043823287539522
0.15,0.056867415787067
0.15,0.069501087575859
0.15,0.0481728799198524
0.15,0.110536364228233
0.15,0.00784895442487269
0.15,0.0483243155479557
0.15,0.0684758501896831
0.15,0.0477904666316352
0.15,0.0156359103692421
0.15,0.101175527579088
0.15,0.0338633343490393
0.15,0.0834681902554916
0.15,0.0468991728853782
0.15,0.0350657011896385
0.15,0.037866486876257
0.15,0.0208002441949925
0.15,0.054482970795388
0.15,0.0441218548261318
0.15,0.0835166089591035
0.15,0.0438535759526098
0.15,0.0375382106766134
0.15,0.0860914122460767
0.15,0.0106445980331123
0.15,0.0163088928421432
0.15,0.0133405938994078
0.15,0.0194256659934199
0.15,0.00732448893826942
0.15,0.0334305666977187
0.15,-0.00500430289261464
0.15,0.0786830368705721
0.15,0.0925331432890428
0.15,0.0580125998685159
0.15,0.0444983641807895
0.15,0.0197641050895603
0.15,0.0283415623676882
0.15,-0.0402917056615263
0.15,0.0550382317645961
0.15,0.0507805242737277
0.15,0.00345572810316719
0.15,0.0679979140163872
0.15,0.00931186028043308
0.15,0.0348264817555444
0.15,0.0261270570381154
0.15,0.0223198070037482
0.15,0.0707167931894891
0.15,0.0190866371938092
0.15,0.0497808880655071
0.15,0.0474397900683106
0.15,0.0545688859350479
0.15,0.0358767336636104
0.15,0.0133015143376599
0.15,0.0336545475294822
0.15,0.0444684820738122
0.15,0.0285215093672515
0.15,-0.00815999945653224
0.15,0.0354917990272917
0.15,0.0531383811288878
0.15,0.0494477841422528
0.15,0.0241866599351522
0.15,0.069102546629842
0.15,0.0299588494726584
0.15,0.0623960006136439
0.15,0.0361574703340986
0.15,0.083818129481704
0.15,0.0505842230936302
0.15,0.0770165690947825
0.15,0.0346905220969997
0.15,0.0443773713433204
0.15,0.0605634054016891
0.15,0.0548946765527087
0.15,0.0830046989866993
0.15,0.0530746456037535
0.15,0.0201318354206174
0.15,0.0520295645589387
0.15,-0.00108404938159643
0.15,0.107298590208367
0.15,0.0546516341226943
0.15,0.0562856243618234
0.15,0.0406673949444613
0.15,0.0170311446815975
0.15,0.0217580923443179
0.15,0.0182038733616926
0.15,0.0324394358861909
0.15,0.0143634604937342
0.15,0.0494982804146201
0.15,0.0578539620168815
0.15,0.0508744783771475
0.15,0.0303538645015782
0.15,0.0717486355142496
0.15,0.0507972205855122
0.15,0.0220205837121203
0.15,0.04418973083904
0.15,0.0367314374044356
0.15,0.0295742238801259
0.15,0.0285833360494517
0.15,0.0542501778266139
0.15,0.064441929428276
0.15,0.0868075734909782
0.15,0.0331773992646056
0.15,0.0192281070656731
0.15,0.0454214388414496
0.15,0.03938321970958
0.15,0.0599345455094219
0.15,0.0220647079574808
0.15,0.0398819734593064
0.15,0.0282757883881334
0.15,0.0297686878312799
0.15,0.0566643905304123
0.15,0.0186761377140443
0.15,0.0145090156110419
0.15,0.0476503911625018
0.15,0.0201427189127482
0.15,0.0588748418030572
0.15,0.0289046588135339
0.15,0.00357648974550639
0.15,0.0445823398496697
0.15,0.03877407699464
0.15,0.0565540414199392
0.15,0.056691662966369
0.15,0.0692657568584828
0.15,0.00803758041918966
0.15,0.0388123853169519
0.2,0.0239934962637916
0.2,0.00197181433949015
0.2,0.0438894019436519
0.2,0.0714918752622226
0.2,0.0753321104952124
0.2,0.0370584614543566
0.2,0.0855356901557572
0.2,0.0729103712352048
0.2,0.0502798558733225
0.2,0.0285210471686899
0.2,0.0104001087034495
0.2,0.00593429946384666
0.2,0.0857322987349037
0.2,0.0612355393889026
0.2,0.0530959268537147
0.2,0.073601160978606
0.2,0.05383071707802
0.2,0.0757020462571638
0.2,-0.00331292948101601
0.2,0.0282549127795257
0.2,0.0718904805825827
0.2,0.0538415749837066
0.2,0.0109147120354707
0.2,0.0510480898792556
0.2,0.0445717467041937
0.2,-0.0100042995326269
0.2,0.0283997512104283
0.2,0.0449323205314753
0.2,0.041609910227536
0.2,0.0316236974790951
0.2,0.0442420059148281
0.2,0.0167776389806411
0.2,0.0766349944222276
0.2,0.0275958450841936
0.2,0.0316278517589623
0.2,0.0393431374457637
0.2,0.0605799852457462
0.2,0.0282164447780764
0.2,0.0471288161637596
0.2,0.0234846467080543
0.2,-0.00378301349302693
0.2,0.0545280755415864
0.2,0.0415991417462996
0.2,0.0816393158296464
0.2,0.0133098746398323
0.2,0.0440436151827695
0.2,0.0544099283641719
0.2,0.104494275183772
0.2,0.0396509308900456
0.2,0.0642269556187866
0.2,0.0217142359641978
0.2,0.043202837862036
0.2,0.0308857114595499
0.2,0.0742057547454768
0.2,0.0452910810765231
0.2,0.0313674667876553
0.2,0.0805936823603709
0.2,0.0249105481546691
0.2,0.0313146402048251
0.2,0.0336263103110233
0.2,0.0642064310192442
0.2,0.063371803927964
0.2,0.0850304345301135
0.2,0.0401687054578999
0.2,0.0552270058393981
0.2,0.0169603665059494
0.2,0.028947144412553
0.2,0.0229209245901563
0.2,0.0455911419858128
0.2,0.0433800141989441
0.2,0.0754259496632275
0.2,-0.00254567107030218
0.2,0.0433871666693265
0.2,0.0633761393235587
0.2,0.0792434941025838
0.2,7.63550129170162e-05
0.2,0.0383227002611039
0.2,0.0780773426576223
0.2,0.038365961284685
0.2,0.0349532733371397
0.2,0.0424140676133434
0.2,0.052388912930044
0.2,0.0806429101226901
0.2,0.0592405778913055
0.2,0.0632498257289687
0.2,0.0394317588136197
0.2,0.059725022549295
0.2,0.0617672897811301
0.2,0.0666379107993982
0.2,0.0886344918440859
0.2,0.0298898597233099
0.2,0.0727062945713061
0.2,0.0137741123821838
0.2,2.6890511951856e-05
0.2,0.0523971049303328
0.2,0.0525605513339405
0.2,0.0715137842584452
0.2,0.10089643760914
0.2,0.0399997927719299
0.2,0.0638676833345597
0.2,0.0948375254346221
0.2,0.00413642214426961
0.2,0.0629902913292496
0.2,0.04001820308689
0.2,0.0317914061332457
0.2,0.0797399958309556
0.2,0.058470352890125
0.2,0.0651712175248681
0.2,0.00522819850133362
0.2,0.0489919791388284
0.2,0.0749709480493803
0.2,0.0450383999327451
0.2,0.0784253533406713
0.2,0.0183464763240894
0.2,0.0562296382456585
0.2,0.0725221884415308
0.2,0.0692549989175519
0.2,0.069964892783926
0.2,0.0217168175538645
0.2,0.0583516117520998
0.2,0.0370440177835759
0.2,0.084103177170055
0.2,0.0333047344062962
0.2,0.0555580024963039
0.2,-0.00389519040157468
0.2,0.0202316026407416
0.2,0.0705946791936941
0.2,0.0418959658861523
0.2,0.0343912325775361
0.2,0.0572726523761356
0.2,0.0317049994213055
0.2,0.0143840187343855
0.2,0.0328865257198227
0.2,0.0274391151780506
0.2,0.0232447360126135
0.2,0.0437309144663607
0.2,0.0362308508804835
0.2,0.0757088155303452
0.2,0.0407319632740934
0.2,0.0927211951863224
0.2,0.0170939961208831
0.2,0.0524267090384091
0.2,0.0678315218201618
0.2,0.0372147954284146
0.2,0.0612429509522393
0.2,0.0304097890048497
0.2,0.0547904210823962
0.2,0.0176958314495108
0.2,0.0425895361027904
0.2,0.0567596419936277
0.2,0.0787056353767831
0.2,0.0644778996927427
0.2,0.0538516294996217
0.2,-0.0140584464952997
0.2,0.0263862941919036
0.2,0.0472465152340077
0.2,0.0629730810071335
0.2,0.0368183267917641
0.2,0.053898583312965
0.2,0.0716668843822995
0.2,0.0320747461102126
0.2,0.0158598667653219
0.2,0.100873424503185
0.2,0.00747865456791095
0.2,0.0551822216160314
0.2,0.0351166921017044
0.2,0.0463508762866552
0.2,0.0589483707041817
0.2,0.0331855557003352
0.2,0.0432729358307827
0.2,0.0167070249305559
0.2,0.0655618028298204
0.2,0.0160531658925281
0.2,0.0314321581107221
0.2,0.0254493690551631
0.2,0.0193412910364189
0.2,-0.0205302508012441
0.2,0.0293699516816556
0.2,0.0689242713031632
0.2,0.012623338820389
0.2,0.05497432784635
0.2,0.0219442553082904
0.2,0.0447628153865666
0.2,0.0614763548888489
0.2,-0.0026018404066759
0.2,0.0444626304665661
0.2,0.0105763011348376
0.2,0.0273568973917019
0.2,0.0701576919516643
0.2,0.0748317200188609
0.2,0.0715208446546226
0.2,0.0816475040749476
0.2,0.0480297745947322
0.2,0.0231051673576238
0.2,-0.00234492920988604
0.2,0.0540756690472435
0.2,0.0137424993982816
0.2,-0.0135942877631416
0.2,0.100855224751367
0.2,0.0500914951558263
0.2,0.0482887140193625
0.2,0.0520599573155858
0.2,0.020819008040021
0.2,0.100863802498357
0.2,0.0360839502644858
0.2,0.0328307857161253
0.2,0.0264488478751172
0.2,0.0315461564146558
0.2,0.0715116015317101
0.2,0.0455269373802757
0.2,0.0412306953671346
0.2,0.0170986715350611
0.2,0.0241677253801076
0.2,0.0589840193181912
0.2,0.0160098003335118
0.2,0.0102613435616432
0.2,0.0398617809170788
0.2,0.00794828531148137
0.2,0.0328762872833828
0.2,0.0171221876744082
0.2,0.0368495532170402
0.2,0.0359214275066797
0.2,0.0353164983036977
0.2,0.061858907530901
0.2,0.0297394581691499
0.2,0.051806994844192
0.2,0.0478723482752602
0.2,0.0219101970594129
0.2,-0.00951609549690668
0.2,0.0480673072245672
0.2,0.0319868707912741
0.2,0.0538884989432237
0.2,0.0557667490784842
0.2,0.0426693751036176
0.2,0.0735692041645001
0.2,0.0362199112519917
0.2,0.0581510580001433
0.2,0.0564483601881628
0.2,0.0222005383326191
0.2,0.0533272627952525
0.2,-0.0112341949425006
0.2,0.0619926081678397
0.2,0.0344053430836793
0.2,0.00257447825599386
0.2,0.0427453010266731
0.2,0.0654281255851012
0.2,0.0377855226449245
0.2,0.0576621265873884
0.2,0.0376997014037719
0.2,0.0152385538903443
0.2,0.040025875739326
0.2,0.0643019883791207
0.2,0.118237006283007
0.2,0.00524791672980703
0.2,0.069739738734048
0.2,0.00296606937668777
0.2,0.0318597267033858
0.2,0.0377359691175936
0.2,0.00398126754346339
0.2,0.0552963853494019
0.2,0.00844701461855433
0.2,0.0195609783259783
0.2,0.0818251780788218
0.2,0.0878165454953443
0.2,0.070817537151039
0.2,0.0471754493906425
0.2,0.0613620987171417
0.2,0.0458550865690721
0.2,0.0985676490395905
0.2,0.0818115237677289
0.2,0.0104375895937922
0.2,0.0665966292941114
0.2,0.019645667670213
0.2,0.0437246018541571
0.2,0.0448717989136983
0.2,0.0651283604615494
0.2,0.0139576727071293
0.2,0.0358670028978153
0.2,0.0778250224018927
0.2,0.0712636932875186
0.2,0.0168711791169691
0.2,0.0426808364484409
0.2,0.0618860519788877
0.2,0.039168529082555
0.2,0.0603104109344206
0.2,0.00923274146462558
0.2,0.0470736206509709
0.2,0.0700283195459136
0.2,0.0751094160929918
0.2,0.0480916820521483
0.2,0.00193814557190045
0.2,0.0476510754057161
0.2,0.0410425484145029
0.2,0.0381772933220537
0.2,0.0793339308865766
0.2,0.0237126446256529
0.2,0.0512267269490352
0.2,0.018401289054089
0.2,0.0674492003548814
0.2,0.062991322679724
0.2,0.030562733146843
0.2,0.0719194101813291
0.2,0.0402014529232268
0.2,0.0530909543498102
0.2,0.0580796433929573
0.2,0.00843381897920445
0.2,0.107655631822479
0.2,0.0351705583079353
0.2,0.0330990227938139
0.2,0.048394146834163
0.2,0.0254547275584003
0.2,0.0305750003077208
0.2,0.0529110894599153
0.2,0.0193793791995134
0.2,0.0208583522183027
0.2,0.057982587451482
0.2,0.0429798818364276
0.2,0.0732634092417669
0.2,0.0447779237755669
0.2,0.042595274232943
0.2,0.0571793346704579
0.2,0.0221017021362498
0.2,-0.0195139583279079
0.2,0.0872606045932597
0.2,0.0244247032097608
0.2,0.0274555275144885
0.2,-0.00768635775830869
0.2,0.0639233227838455
0.2,0.0185787991137686
0.2,0.0432840537798447
0.2,0.0279120443972227
0.2,0.0894569633723018
0.2,0.0446411621290567
0.2,0.0350591841701075
0.2,0.0741941806812162
0.2,0.0784979770873149
0.2,0.0679233367038885
0.2,-0.0184896772698139
0.2,0.022083965762553
0.2,0.000896523202869476
0.2,0.0613469147187049
0.2,0.0688614966744196
0.2,0.0437979177970842
0.2,0.0458541082584017
0.2,0.0548291501116243
0.2,0.0108657245943471
0.2,0.0628362289763364
0.2,0.123977860214463
0.2,0.0187598003168992
0.2,0.0576492864668445
0.2,0.0371013697070821
0.2,0.0274991142877822
0.2,0.0445889712272257
0.2,0.045952484251618
0.2,0.0409975996533211
0.2,0.0698351299383635
0.2,0.0481023731105726
0.2,0.0461373828140092
0.2,0.0073148406342545
0.2,0.0549223451956777
0.2,0.00366622895103137
0.2,0.00406340679353382
0.2,-0.00322476581035722
0.2,0.0337713140703761
0.2,0.0629674522441117
0.2,0.00923783282488898
0.2,0.00271058213257801
0.2,0.010468967004874
0.2,0.0540330885142127
0.2,0.0921992233462394
0.2,0.0547163672380213
0.2,0.0046828666299149
0.2,0.0365006741769059
0.2,0.0958862587007687
0.2,0.0765670539093407
0.2,0.0287779327538661
0.2,0.0175618573025379
0.2,0.065931641600767
0.2,0.0488423148447388
0.2,0.0370456178434322
0.2,0.0602801931157803
0.2,0.0295446978477097
0.2,0.0677820778959836
0.2,0.0612710489553783
0.2,-0.0147049027828219
0.2,0.0340146465075714
0.2,0.0694750995797037
0.2,0.0803368069922493
0.2,-0.000813072143286292
0.2,0.0297270072501344
0.2,0.0389974007906616
0.2,0.0571303292795224
0.2,0.0448026129869557
0.2,0.0606696356175176
0.2,0.0664694578860919
0.2,0.0449498459314765
0.2,0.0790696578022843
0.2,0.0567928994137835
0.2,0.0224571950482019
0.2,0.0188185485605207
0.2,0.0558915235971114
0.2,0.0897713839045107
0.2,0.0326337887450132
0.2,0.0290189977969185
0.2,0.0031656975880642
0.2,0.0206286910748223
0.2,0.0252203559022289
0.2,0.0101795140054605
0.2,0.0341075137102655
0.2,0.0213670102423138
0.2,0.0403502602935681
0.2,0.0397767392770266
0.2,0.0746577009476751
0.2,0.0390618134577212
0.2,0.0137242472019984
0.2,0.0947854065870741
0.2,0.0247377295157788
0.2,0.0364223510464339
0.2,0.0348495668945549
0.2,0.0545687109654788
0.2,0.0687957163990837
0.2,-0.0113083988509667
0.2,0.0705752194163908
0.2,0.0677849855930449
0.2,-0.0084723601940824
0.2,0.0523098410700733
0.2,0.0399749883236203
0.2,0.0252208438619445
0.2,0.0309689316580816
0.2,-0.00848007493562733
0.2,0.103605603618235
0.2,0.0882625206060058
0.2,0.061419920859191
0.2,0.0202130309332114
0.2,0.0470991139522501
0.2,0.0425056253822843
0.2,-0.0135118491408396
0.2,0.0247797256366966
0.2,0.0102089119476976
0.2,0.0296987986778137
0.2,0.0571195721138606
0.2,0.0552534662466882
0.2,0.0500969025881786
0.2,0.01267076263234
0.2,0.0404379729105496
0.2,0.0545021605807075
0.2,0.0454271619276338
0.2,0.0941626393857017
0.2,0.0111565819652876
0.2,-0.010011973223622
0.2,-0.00686741984149686
0.2,0.0617424845881416
0.2,0.0270241550130116
0.2,0.0204117959198881
0.2,0.0691798135622577
0.2,0.0477586290294583
0.2,0.0605785446797146
0.2,0.0693094112697052
0.2,0.0452575398573775
0.2,0.0571039034928572
0.2,0.030903436467788
0.2,0.0148422507142187
0.2,0.0592687159763649
0.2,0.0692544012771439
0.2,0.0244424548582345
0.2,0.0774855596958481
0.2,0.0205191761547874
0.2,0.0494978499145511
0.2,0.0402197247118707
0.2,-0.0110881848467104
0.2,0.0602713046440686
0.2,0.0344154095191617
0.2,0.0178373221223978
0.2,0.0502369742144478
0.2,0.027215560203217
0.2,0.0072775587511076
0.2,0.0749881352144457
0.2,0.0341652435626051
0.2,0.0179305152756904
0.2,0.0964613996918831
0.2,0.0408361456760514
0.2,0.0782827683225573
0.2,0.0353260790326965
0.2,0.0405749018590533
0.2,0.0794455053044629
0.2,0.0623745072447106
0.2,0.024685909944864
0.2,0.0525511876450949
0.2,0.071000644907336
0.2,0.0476550418046901
0.2,0.0472522662026203
0.2,0.0627647933161017
0.2,0.0698042555831379
0.2,0.0499767067591268
0.2,0.0751134921876716
0.2,0.0322503096730081
0.2,0.116611411505564
0.2,0.0391228045366656
0.2,0.0626924453386091
0.2,0.0594311676209574
0.2,0.0862764622233811
0.2,0.0450423737422455
0.2,0.023343033407032
0.2,0.0812745363209352
0.2,0.0160323476789909
0.2,0.0411408287000518
0.2,0.0254574702501105
0.2,0.0447925124634159
0.2,0.0709370890238635
0.2,0.0631409752414532
0.2,0.0606041210188438
0.2,0.0504103197778317
0.2,0.0407616174246269
0.2,0.0214240703098907
0.2,0.0735017392648813
0.2,0.0438628650239289
0.2,0.0276276530843904
0.2,0.0615024251925265
0.2,0.0447374621874487
0.2,-0.0205285143716133
0.2,0.0234227541656936
0.2,0.0617849182496475
0.2,0.070016435269337
0.2,0.0255824748934148
0.2,0.0630613838400663
0.2,0.0120573925990712
0.2,0.020651985141642
0.2,-0.011762264428314
0.2,0.0500165907472976
0.2,0.038037863533063
0.2,0.0817591769800572
0.2,-0.0132183527811517
0.2,0.0537949149729496
0.2,0.0180535555855243
0.2,0.089804208110631
0.2,0.0523791427712792
0.2,0.081171697310222
0.2,0.0408171295703243
0.2,0.0678573950525057
0.2,0.0242876333925256
0.2,0.0559790568414773
0.2,0.0243842623900986
0.2,0.0264017053864785
0.2,0.00619808235910257
0.2,0.00878360042779775
0.2,0.0248984496287865
0.2,-0.0254798468171052
0.2,0.0719203443132819
0.2,0.0555623275837266
0.2,0.0946833707092141
0.2,0.0287616513625666
0.2,0.0542928520468024
0.2,0.0268646228628764
0.2,0.0650704547954015
0.2,0.100564605924772
0.2,0.0314336292214492
0.2,0.0475514475822255
0.2,0.043355068276804
0.2,0.0775668042044828
0.2,-0.016963367940201
0.2,0.0128315789084598
0.2,0.0203675350778241
0.2,0.0653833540302526
0.2,0.0666852366253742
0.2,0.00328581483618025
0.2,0.0521867949546365
0.2,0.0319706473807754
0.2,0.0781082039312432
0.2,0.051451644198036
0.2,-0.0159403174196634
0.2,0.0540257975824612
0.2,0.00821827656962646
0.2,-0.022769795959123
0.2,0.0540299920636375
0.2,0.0432729462736155
0.2,0.0612181311521656
0.2,0.0303179016358494
0.2,0.0328991408387797
0.2,0.0120896437997169
0.2,0.0169595131920498
0.2,0.0107611723162148
0.2,0.0319945423756138
0.2,0.0226091827243279
0.2,0.00875385394912786
0.2,0.0199932901404695
0.2,0.0325380781822802
0.2,0.00978152474982508
0.2,0.0461922896858619
0.2,0.0315514490441019
0.2,0.0365168559068286
0.2,0.0318416240411948
0.2,0.0622907721812544
0.2,0.028553567035602
0.2,0.0152032411612472
0.2,0.00839390779428728
0.2,0.0652591500950463
0.2,0.0525170183209465
0.2,0.0435331314512504
0.2,0.0375140547160943
0.2,0.013707826401386
0.2,0.0288299111076682
0.2,0.0722866665484857
0.2,0.0207777981528267
0.2,0.0455995242174274
0.2,0.0664128108975299
0.2,0.0371920970138396
0.2,0.0386898504965366
0.2,0.00628299696531077
0.2,0.0366128560223936
0.2,0.016209700147897
0.2,0.0836000271213244
0.2,0.0317138814786466
0.2,0.0602302589379989
0.2,0.0308658395407933
0.2,0.02716637014461
0.2,0.0598846895835316
0.2,0.0121639038323665
0.2,0.0748310852715394
0.2,0.0688015572164323
0.2,0.0248930822914549
0.2,0.0236898785087531
0.2,0.0443363473593265
0.2,0.00853083469857016
0.2,0.0313684589866611
0.2,-0.00550215131750277
0.2,0.0234123744493005
0.2,0.0692412399709017
0.2,3.46729546762167e-05
0.2,0.0233951113508803
0.2,0.0624664446094234
0.2,0.0431960729988811
0.2,0.0604994100597326
0.2,0.0911334266331984
0.2,0.0822979932244177
0.2,0.0301440348072036
0.2,0.0669732956505007
0.2,-0.00457194293536556
0.2,-0.0131818030550106
0.2,0.0261853274467813
0.2,0.00463110020500024
0.2,0.0331122157476064
0.2,0.0290337056552582
0.2,0.0421201929346338
0.2,0.084972049715371
0.2,0.0420319074006223
0.2,0.0395047550309448
0.2,-0.00401353504236565
0.2,0.0578222022418237
0.2,0.0249692045339633
0.2,0.0195677615015478
0.2,0.065348733584879
0.2,0.0748077538296041
0.2,0.0685872905106348
0.2,0.037587035801821
0.2,0.0649313325920721
0.2,0.0365275096526088
0.2,0.0448336892270627
0.2,0.0575693189390416
0.2,0.0129916052251352
0.2,0.0473608063783924
0.2,0.0685954634628545
0.2,0.0290586975072992
0.2,0.00222273193769965
0.2,0.028416334788834
0.2,0.00664603153689026
0.2,0.0410512187422353
0.2,0.0188101421877935
0.2,0.070871257681762
0.2,0.0479022515848114
0.2,0.0611699555139491
0.2,0.012828448150178
0.2,0.0184101457502143
0.2,0.0698993080366861
0.2,0.0437145722791677
0.2,0.0360134697159901
0.2,0.0834501608934383
0.2,0.0805868907878346
0.2,0.0476805794191092
0.2,0.0433542970496391
0.2,0.0667718308947164
0.2,0.0112263618350987
0.2,0.0246355277097213
0.2,0.0416677881906269
0.2,0.0195702605490937
0.2,0.0487934723005741
0.2,0.0196517953358102
0.2,0.087517279508089
0.2,0.0721351401476447
0.2,0.0355808733409124
0.2,0.0692362457405947
0.2,0.0292687420009012
0.2,0.0663829590949372
0.2,0.0252213909128548
0.2,0.0633407883459734
0.2,0.0331372863148356
0.2,0.0861736741146353
0.2,0.0750436044963858
0.2,0.066932946099895
0.2,0.0578748317229235
0.2,0.0309965838392064
0.2,0.0631016449660528
0.2,0.0282614714764397
0.2,0.0134741481661116
0.2,0.0365651233680842
0.2,0.0440166565880387
0.2,0.062212138562117
0.2,0.00111400451924967
0.2,0.0678061930126793
0.2,0.053443739719987
0.2,0.0327245032413748
0.2,-0.0143204053528694
0.2,0.0375486971973205
0.2,0.0605396637684327
0.2,0.0767411040747276
0.2,0.04322652086167
0.2,0.057458274644699
0.2,0.0109648004330499
0.2,0.00311880751586067
0.2,0.0584452845894688
0.2,0.0404168548224674
0.2,0.0747254704356395
0.2,0.0771862125284071
0.2,0.075891353567566
0.2,0.0619757031718371
0.2,0.0709442258452986
0.2,0.0846850448115962
0.2,0.0765883855638099
0.2,0.0351409198783632
0.2,0.0384077745868677
0.2,0.0287169966404602
0.2,0.0379986359567555
0.2,0.0159876438351574
0.2,0.0699981437710706
0.2,0.0751365392769157
0.2,0.0406184510946473
0.2,0.0400086206200523
0.2,0.075428564805044
0.2,0.013760256222678
0.2,0.0343553900623154
0.2,0.0493785328998154
0.2,0.0484950017805944
0.2,0.00421802635666615
0.2,0.0703596959277749
0.2,0.0474208958203737
0.2,0.0407306146360442
0.2,0.0576309515686582
0.2,0.029223985070377
0.2,0.0301194303968896
0.2,0.0363914389018062
0.2,0.0159881480437155
0.2,0.101929165590623
0.2,0.0403681285144446
0.2,0.0792761750412373
0.2,0.0250813923194146
0.2,0.048362692403576
0.2,0.0646275873727724
0.2,0.0315184547518961
0.2,0.0732092738285372
0.2,0.0580302499556268
0.2,0.0315835623159942
0.2,-0.00796691781008782
0.2,0.0111004915317488
0.2,0.0419630372133701
0.2,0.0925681397469626
0.2,0.0249258508544729
0.2,0.0267147190075037
0.2,0.00428132971837607
0.2,0.0619683842123971
0.2,0.0759989483869276
0.2,0.0206309737027139
0.2,0.0517248173440126
0.2,0.0866066889061005
0.2,0.0780526797078618
0.2,0.0553230950445914
0.2,0.0557040926172076
0.2,0.0244693636109503
0.2,-0.00334120196695897
0.2,0.0284681876140192
0.2,0.0192448305303381
0.2,0.00615624221092328
0.2,0.0541582805357188
0.2,0.0390806534155717
0.2,0.0450535672970589
0.2,0.0266495086669108
0.2,0.0252110475909127
0.2,0.0474304963081642
0.2,0.027997381740479
0.2,0.0575973850219524
0.2,0.0192407413545884
0.2,0.0653342246240237
0.2,0.0795991540152346
0.2,0.0502710537481003
0.2,0.00881559205949306
0.2,0.0334035879047124
0.2,0.0900633514213814
0.2,0.0452067425276055
0.2,-0.00330425921465842
0.2,0.0337785050440252
0.2,0.0371897975839031
0.2,0.0938514236116689
0.2,0.0740209831004965
0.2,0.0843252834288139
0.2,0.0535702372877838
0.2,0.0629494041887376
0.2,0.0155510557590673
0.2,0.0303116211707733
0.2,0.0338834527902606
0.2,0.0614141963362891
0.2,0.0190239810068524
0.2,0.0544130675634486
0.2,0.0401693310366989
0.2,0.0926061852970146
0.2,0.0857640394480266
0.2,0.0826219448349741
0.2,0.0407658514215236
0.2,0.032193168388099
0.2,0.0445180891577861
0.2,0.0154562423486759
0.2,0.0321502658159976
0.2,0.0198069565740103
0.2,0.0319460957399715
0.2,0.0364231222247341
0.2,0.0513189519801307
0.2,-0.0059544173877971
0.2,0.0867005378445143
0.2,0.0454549957475257
0.2,0.0552472786363661
0.2,0.0345780061185697
0.2,0.0275528048952321
0.2,0.0118476460381725
0.2,0.00560484850650177
0.2,0.0640346721332402
0.2,0.0630545845641148
0.2,0.0561559860137601
0.2,0.0230552618738698
0.2,0.0685888025908049
0.2,0.00591812679293309
0.2,0.0499277407350988
0.2,0.00841651974838568
0.2,-0.0160810339070019
0.2,0.0777640907960577
0.2,0.0586957769889101
0.2,0.0426172350705093
0.2,0.0450965119458122
0.2,0.0406281694352793
0.2,0.0617482552709911
0.2,0.053145149997762
0.2,0.032813324983702
0.2,-0.0141628336690559
0.2,0.0403039407948484
0.2,0.0376512380957801
0.2,0.0119681705069345
0.2,0.0594726035711532
0.2,0.0706734515562274
0.2,0.0524751115694017
0.2,0.0596922748683845
0.2,0.0592820816478801
0.2,0.056375927436686
0.2,0.0201334091200622
0.2,0.0931213943635107
0.2,0.0315611042640592
0.2,0.0351324449646508
0.2,0.0843927802644851
0.2,0.0167997475341537
0.2,0.049995278019845
0.2,-0.0201586436120763
0.2,0.0166976015010735
0.2,0.0381178550244989
0.2,0.0176433447917807
0.2,0.0590496625971976
0.2,0.0610995739190353
0.2,0.040429319715733
0.2,0.00590373191308821
0.2,0.0754504529090555
0.2,0.0489552932714391
0.2,0.0786537416033565
0.2,0.0807274326696097
0.2,0.0317104836729664
0.2,0.0346731648920525
0.2,0.00549838143659798
0.2,0.0137519318964675
0.2,0.0930428456867912
0.2,0.0473350800376332
0.2,0.0667269681469198
0.2,0.0520683127693651
0.2,0.0277050197195934
0.2,0.057431290149295
0.2,0.0340534486851889
0.2,0.0458767825560649
0.2,0.0515817931446529
0.2,0.0431170171500024
0.2,0.0606654944992379
0.2,0.0437279150528381
0.2,0.0198854657826052
0.2,0.0823329029435587
0.2,0.0430149177752672
0.2,0.020354232214856
0.2,0.0111064312775749
0.2,0.0592491574331587
0.2,0.0288978794711241
0.2,0.0571802965820835
0.2,0.00689688940486986
0.2,0.0814178932466281
0.2,0.0604991280916165
0.2,0.0528706171049067
0.2,0.0402489170143832
0.2,0.0410356586995027
0.2,0.0255094049038638
0.2,0.0610941614832637
0.2,0.0171978253938589
0.2,0.0134353677013523
0.2,0.0417299771105801
0.2,0.0704372668905939
0.2,0.0619596743340781
0.2,0.0826279001110949
0.2,-0.00260808582035918
0.2,0.0887608983701676
0.2,0.0246503586454819
0.2,0.03893068135022
0.2,0.0287470160286356
0.2,0.048708154441331
0.2,0.0587615737719473
0.2,0.0428406376995298
0.2,0.033270411495542
0.2,0.0392611835295585
0.2,0.0625598833738018
0.2,0.0271684005989829
0.2,0.0994956506457823
0.2,0.0475371476943487
0.2,0.0329501128847287
0.2,0.0493117645501018
0.2,-0.0271370148957453
0.2,0.0628851836783146
0.2,0.0735985797972762
0.2,0.0376340808612092
0.2,0.0395477677645928
0.2,0.0332518388738485
0.2,0.0636543921159716
0.2,0.0782603153255083
0.2,0.0220297835756519
0.2,0.0601653098010335
0.2,0.0372198934438099
0.2,0.0185233466256129
0.2,0.0352657828121822
0.2,0.0619153102189248
0.2,-0.0135264753874866
0.2,0.052143513642008
0.2,0.0643571404123869
0.2,0.0443751721590075
0.2,0.0263134456006786
0.2,0.0122434402714138
0.2,0.0426612027366095
0.2,0.0718867419533763
0.2,0.0459704592003889
0.2,0.0512054588744321
0.2,0.0231323987404042
0.2,0.0364759074128431
0.2,0.0474812524119229
0.2,0.0500525325714535
0.2,0.0565531343431821
0.2,0.033399993757275
0.2,0.0513574752709467
0.2,0.0309654709717682
0.2,0.0598022703563037
0.2,0.0164721627853121
0.2,0.0210147864360706
0.2,0.0680071140645382
0.2,0.0485297569749855
0.2,-0.00347027186783599
0.2,0.0529268702669301
0.2,0.0564606282851981
0.2,-0.0124704879252968
0.2,0.0298188563214573
0.2,0.0478016263299555
0.2,0.0808347826299643
0.2,0.034835131999905
0.2,0.0555580666977083
0.2,0.0606047865662961
0.2,0.0577169298414397
0.2,0.00781985447630038
0.2,0.00497295181191233
0.2,0.0419863770773314
0.2,0.056320519286842
0.2,0.0461274623842995
0.2,0.0254590933049507
0.2,0.0117927493197142
0.2,0.0504627966840863
0.2,0.0409092015921607
0.2,0.0638220418814672
0.2,0.0652243458903096
0.2,0.0380093420770323
0.2,-0.011318484801818
0.2,0.0671362348490499
0.2,0.0167999984984114
0.2,0.0660304652480081
0.2,0.0665541985148094
0.2,0.0613447699962494
0.2,0.00469869456257232
0.2,0.0311443612059854
0.2,0.0385910368621349
0.2,0.101022523247873
0.2,0.0236478120748462
0.2,0.0937268989764994
0.2,0.0579750235789739
0.2,0.104531787853194
0.2,0.0389540384423206
0.2,0.0567562377388388
0.2,0.0152305679843405
0.2,0.0579397942170761
0.2,0.0573510918880731
0.2,0.0513296421839225
0.2,0.0271937553147719
0.2,0.00746006819200836
0.2,0.0154377361486513
0.2,0.0473593064870318
0.2,0.0881535309696829
0.2,0.0769629269441778
0.2,0.0298527256866139
0.2,0.056749599182288
0.2,0.0429279449279672
0.2,0.0487430423148893
0.2,0.0310872760839044
0.2,0.0508587933911014
0.2,0.0483953284594256
0.2,0.063191445296551
0.2,-0.017456621264337
0.2,0.0481981345792711
0.2,-0.00616811347884831
0.2,0.0782822571995528
0.2,0.0721732528039819
0.2,0.0756769877552495
0.2,0.0248986973948521
0.2,0.0467999765257363
0.2,0.0479718661292788
0.2,-0.00560417251424238
0.2,0.0309950231919527
0.2,0.0728172323970573
0.2,0.0487319768076775
0.2,0.0848870165934282
0.2,0.0938062902413958
0.2,0.0257021701546397
0.2,-0.0232556543908494
0.2,0.048123902007905
0.2,0.0358184394702732
0.2,0.0406826850040422
0.2,0.0171507754826858
0.2,0.0577300605207693
0.2,0.0714657824574453
0.2,0.0254786677988824
0.2,0.0562513595358659
0.2,0.0260413489092963
0.2,0.0364089246978071
0.2,0.0711473865251954
0.2,0.075913849771672
0.2,0.0395237144861754
0.2,0.0614102316831102
0.2,0.054391658422728
0.2,0.0428303142973239
0.2,0.0115556378103618
0.2,0.0277005222385824
0.2,0.0400600039346078
0.2,0.0679048778037717
0.2,0.0397285439321879
0.2,0.0116870248888167
0.2,0.0433511773770005
0.2,0.014868514776164
0.2,0.0374896680365492
0.2,0.0774021873309387
0.2,0.0622943103830121
0.2,0.0760502444170634
0.2,-0.0185819908687047
0.2,0.0866951864965651
0.2,0.0142333334726044
0.2,0.0628606022181196
0.2,0.0478217452458124
0.2,0.0592184196853369
0.2,0.01130708748081
0.2,0.0871131680155889
0.2,0.0465240241597948
0.2,0.0653785347555046
0.2,0.041113550497588
0.2,0.043874005735047
0.2,-0.000788195638283376
0.2,0.00358725036113396
0.2,0.0103948970605562
0.2,0.0702761516021072
0.2,0.094705217757542
0.2,0.0443493600176323
0.2,0.0751184931953868
0.2,0.0109888680998086
0.2,0.106876647593086
0.2,0.0349821164557744
0.2,0.0135213184199914
0.2,0.0658440109762405
0.2,0.0761623013491555
0.2,0.0649333229545664
0.2,0.0480758368491524
0.2,0.0669165437404733
0.2,0.0326030704725475
0.2,0.0308682280177024
0.2,0.0149790508132802
0.2,0.0159480468756945
0.2,0.0120259428744066
0.2,0.0582630594326813
0.2,0.0660636324981003
0.2,0.0368410881432896
0.2,0.0124466784903414
0.2,0.0619017161881854
0.2,-0.0163186532734964
0.2,0.0233934275384493
0.2,0.054784091345238
0.2,0.0421594467519142
0.2,0.0730894212056946
0.2,0.0343097086074864
0.2,0.0663409699637145
0.2,0.0796362031600142
0.2,0.0723566474353408
0.2,0.0690274313611179
0.2,0.0394100892445205
0.2,0.0497963822657743
0.2,0.0550582395620259
0.2,0.0628576370326381
0.2,0.039996511918289
0.2,0.0196044776641985
0.2,0.0738720482388712
0.2,0.0878702138617314
0.2,0.0545712464646921
0.2,0.0499425841299363
0.2,0.0631013873761364
0.2,0.0374785147828298
0.2,0.0636093321531687
0.2,0.0531119698249294
0.2,0.0553809602675209
0.2,0.0741490810425934
0.2,0.0498936869555701
0.2,0.0427684342000696
0.2,0.0214759660641724
0.2,0.065010251801394
0.2,0.0280010072658575
0.2,0.0214940911495479
0.2,0.0755747756588875
0.2,0.0383112334730513
0.2,0.0236871469955495
0.2,0.0294590707281214
0.2,0.078100271969192
0.2,0.025852148099577
0.2,0.00734230128916773
0.2,0.0590543000979919
0.2,0.0205549950305631
0.2,0.0424078139490821
0.2,0.0507457275726874
0.2,0.0740953368442422
0.2,0.0260688995341186
0.2,0.0536950684230653
0.2,0.0283856953121611
0.2,0.0323293579439896
0.2,0.0505612225984453
0.2,0.0701498484747419
0.2,0.0386371801360067
0.2,0.0607343155981088
0.2,-0.0099857318420536
0.2,0.0455487561448553
0.2,0.0457397124652396
0.2,0.0201833284929891
0.2,0.088730145768115
0.2,0.0335207580769926
0.2,0.067986514555447
0.2,0.0881639242856934
0.2,0.010545786950322
0.2,0.0527669361543089
0.2,0.0488738745519445
0.2,0.0141302090092438
0.2,0.0763294543828475
0.2,0.0290995583287673
0.2,0.0372279047245268
0.2,0.027026133817834
0.2,0.0180478936895843
0.2,0.0171148180096607
0.2,0.0277594797645106
0.2,0.0383530524663911
0.2,0.0731456239444249
0.2,-0.0031372086073038
0.2,0.0129508426451041
0.2,0.0560516155006832
0.2,0.0232798795641937
0.2,0.0693919820556814
0.2,0.0603863234088688
0.2,0.0158662000431747
0.2,0.0622416957769714
0.2,0.04783662001573
0.2,0.0147118039107312
0.2,0.0252550683359833
0.2,0.0540576882727775
0.2,0.0763717196488225
0.2,0.0617169722818824
0.2,0.0536268253353319
0.2,0.0270821461626037
0.2,0.0909880608769588
0.2,0.0430171676479172
0.2,0.08640780162449
0.2,0.00329615294304775
0.2,0.0954990935761189
0.2,0.0229466103315281
0.2,0.089399141047398
0.2,0.0482663809400882
0.2,0.0533516124691276
0.2,0.0492914184931794
0.2,0.0655803021749092
0.2,0.0453015919800128
0.2,0.0740733464677206
0.2,0.0324072765058081
0.2,0.0165036951516062
0.2,0.0520987286772456
0.2,0.0476039952141167
0.2,0.0140554075219739
0.2,0.0340829016774381
0.2,0.0696226403935972
0.2,0.0297462324774423
0.2,0.0718490367372897
0.2,0.051994035285241
0.2,0.0110943867449983
0.2,0.0469766779104736
0.2,0.0235949413586063
0.2,0.0591140709597112
0.2,0.00983769739310917
0.2,0.0513211867373056
0.2,0.0184843008822718
0.2,0.0553555420870891
0.2,0.0420788342929151
0.2,0.0609826896747706
0.2,0.0490653850394199
0.2,0.0684548019356781
0.2,0.00822430170577907
0.2,0.0662955453283954
0.2,0.0584370456086509
0.2,0.0454215384202085
0.2,0.0357830761288286
0.2,0.00915732391872308
0.2,0.0394583160447586
0.2,0.0416185936667695
0.2,0.0765757143218624
0.2,0.0630376481326581
0.2,0.0292214859204835
0.2,0.0732681827580519
0.2,0.0596186292618709
0.2,0.0469423668198253
0.2,0.0560506457768352
0.2,0.0212148788690949
0.2,0.044454757347959
0.2,0.0338066662016368
0.2,0.0464732646027215
0.2,0.00789851776340961
0.2,0.0655776113100779
0.2,0.0946263855743775
0.2,0.0289960439479269
0.2,0.0264405235787261
0.2,0.0921713747346458
0.2,0.0306876100741068
0.2,0.026139041534081
0.2,0.0289868686145983
0.2,0.0531637007076262
0.2,0.0581114730247732
0.2,0.0192661310617903
0.2,0.0249338240186976
0.2,0.0525274819005098
0.2,0.0241787096998363
0.2,0.0884686515022713
0.2,0.0213718319050377
0.2,0.0570110770486701
0.2,0.0572090814457768
0.2,0.0862806665943534
0.2,0.0604553709734385
0.2,-0.0146052656813611
0.2,0.0665310604188033
0.2,0.0607192504626677
0.2,0.0593147340353065
0.2,0.0533101196141598
0.2,0.0141446324289097
0.2,0.0704064053610484
0.2,0.018565763186637
0.2,0.0588755189623146
0.2,0.053540809650704
0.2,0.0611595447256023
0.2,0.0556486830501596
0.2,0.0315103625602709
0.2,0.0685837428294653
0.2,0.0494080188081531
0.2,0.0478657524920506
0.2,0.0622109992154979
0.2,0.0525517896749433
0.2,0.0872078200176201
0.2,0.0494242819344441
0.2,0.0755141824544271
0.2,0.0328817425090997
0.2,0.0860586392182681
0.2,0.0346368966600219
0.2,0.0623006001400715
0.2,0.0311842707750982
0.2,0.012782874220673
0.2,0.0328841705661551
0.2,0.0449421735116682
0.2,0.0610864458702597
0.2,0.0172029678364751
0.2,0.0329388130132905
0.2,0.0376495842595624
0.2,0.0338833909899655
0.2,0.0917283006434286
0.2,0.0332688338190092
0.2,0.0601324701109153
0.2,0.040622156014275
0.2,0.0470645150621319
0.2,0.0265727221071828
0.2,0.0709079715715503
0.2,0.06242251276643
0.2,0.0501084804680093
0.2,0.0538048297351747
0.2,0.0643629788307173
0.2,0.00726419559327375
0.2,0.0406083297099197
0.2,0.098367377676622
0.2,0.0471016851085238
0.2,0.0487563048692105
0.2,0.0255298202337848
0.2,0.0431880299412842
0.2,0.0180383692502943
0.2,-0.011367394575185
0.2,0.0521752093391571
0.2,0.0694361136243892
0.2,0.0380462110874682
0.2,0.0288959339056926
0.2,-0.00211009807798178
0.2,0.00392034123073328
0.2,0.0340105736593965
0.2,0.0482874607326076
0.2,-0.0128079546489523
0.2,0.015575626501166
0.2,0.0602287456363343
0.2,0.112793478348646
0.2,0.060553149222439
0.2,0.0438713840971678
0.2,0.0470964093998766
0.2,0.0414139400135726
0.2,0.0206763265832299
0.2,0.0150925768455213
0.2,0.0265495823637378
0.2,0.0233187811552411
0.2,0.0913221257589284
0.2,-0.015655115736539
0.2,0.0597358176713301
0.2,0.0449424234036794
0.2,0.0562706933695426
0.2,0.0215284178016438
0.2,0.0801797516750696
0.2,0.0414596297817654
0.2,0.077805840295479
0.2,0.000403313258729188
0.2,0.047807326867198
0.2,0.0346001290608528
0.2,0.0645809771984967
0.2,0.0384886209205295
0.2,0.0270779477029843
0.2,0.0132688835533818
0.2,0.0225796011866563
0.2,0.0499372174904051
0.2,0.0553478057113421
0.2,0.0109211174428847
0.2,0.0244866927461067
0.2,0.0474059991395336
0.2,0.00526188822656913
0.2,0.0440015349260457
0.2,0.0105167495795261
0.2,0.0366504297265178
0.2,0.0678985135474403
0.2,0.0563031005961387
0.2,0.0800081069227008
0.2,0.0250986604605473
0.2,0.07178345965337
0.2,0.0297316595540807
0.2,-0.00975420681130255
0.2,0.0966323913792831
0.2,0.0299553959255152
0.2,0.00269475308503114
0.2,0.059403302821658
0.2,0.0189805281031958
0.2,0.0536828770187523
0.2,0.0397244117354368
0.2,0.0856709899832324
0.2,0.0299091664928406
0.2,0.0480171263287946
0.2,0.066715221339105
0.2,0.0168421385714016
0.2,0.0486119830830984
0.2,0.0823105744229018
0.2,0.0512244774828197
0.2,0.0367978226202426
0.2,0.0263347961380472
0.2,0.068459683322852
0.2,0.0822683304237464
0.2,0.00911215964013059
0.2,0.0239088799758663
0.2,0.0343527871495303
0.2,0.0855582125558554
0.2,0.0325809946866968
0.2,0.0372709805621806
0.2,0.044845402280397
0.2,0.00925720380068893
0.2,0.0606608797632077
0.2,0.0123647877523009
0.2,0.0733655926108105
0.2,0.0289663643449035
0.2,0.0111591881457887
0.2,0.0290193580622829
0.2,0.0603962515532844
0.2,-0.00760775658981778
0.2,0.0236969547087285
0.2,0.0171454828466722
0.2,0.0868835553355084
0.2,0.0339771462060513
0.2,0.0227963012614575
0.2,0.0157881396955758
0.2,0.0240184845307498
0.2,0.0277836716678376
0.2,0.0430022576092501
0.2,0.0178005980750494
0.2,0.0293163370072117
0.2,0.0199935315483112
0.2,0.013181691929813
0.2,0.0651465074570385
0.2,0.0410729405446718
0.2,0.049905774975266
0.2,0.0389018132955167
0.2,0.0655039798116537
0.2,0.0385108940580457
0.2,0.0321138183923829
0.2,0.0471606303424351
0.2,0.00639922383053924
0.2,0.104083871234757
0.2,0.0460165989425357
0.2,0.0340383912531382
0.2,0.0707697868085113
0.2,0.0472552069827074
0.2,0.0477517177049788
0.2,0.0635793729012843
0.2,0.0789745795393922
0.2,0.0734563949143657
0.2,0.0342366836461984
0.2,0.0405705173235106
0.2,0.0622957971067974
0.2,0.0382486550085267
0.2,0.0553013627328355
0.2,0.0607208390482908
0.2,0.0583925678308464
0.2,0.0515231801423899
0.2,0.0382869961289924
0.2,0.0566162989344141
0.2,0.0501378736521973
0.2,-0.0048862331345458
0.2,0.0612589602369835
0.2,0.0146043170288618
0.2,0.0459066391774342
0.2,0.0406026249743941
0.2,0.0327205365162494
0.2,0.0513249099735639
0.2,0.055387261276565
0.2,0.0447666207610949
0.2,0.0326319873033009
0.2,0.0862988655948751
0.2,0.0478849477735467
0.2,0.0520396184488634
0.2,0.0576007229166016
0.2,0.0321464277820499
0.2,0.0512771178677358
0.2,0.029662989948265
0.2,0.03989035221163
0.2,0.0495021201345049
0.2,0.0525104627666158
0.2,0.0536569729653415
0.2,0.0612886536294971
0.2,0.0218610655877117
0.2,0.0103901212571595
0.2,0.0768788985530671
0.2,0.0408549666714247
0.2,0.050905652596326
0.2,0.0706609567417884
0.2,0.0735138844404826
0.2,0.0802895527956159
0.2,0.0231024555244871
0.2,0.032901131439009
0.2,0.0620125807534956
0.2,-0.00132095991430647
0.2,0.0491586415175806
0.2,0.018597525014343
0.2,0.0150214443217699
0.2,-0.0113410773581178
0.2,0.0246557962581769
0.2,0.00263118364793378
0.2,0.0555885503773476
0.2,0.0601226890839677
0.2,0.0368667729412747
0.2,0.0445744391335028
0.2,0.0312801208765919
0.2,0.0298133379262033
0.2,0.0722214360718377
0.2,-0.00426304534161904
0.2,0.0068009878320351
0.2,0.0513124938285525
0.2,0.0486096669654405
0.2,0.0492280810610685
0.2,0.0171461186760036
0.2,0.00267139233153987
0.2,0.0146751219587222
0.2,0.0598476508479932
0.2,0.051356102745507
0.2,0.0269110329810184
0.2,0.0453132109146026
0.2,-0.00227067838978791
0.2,0.0488985548927723
0.2,0.0517001826498256
0.2,0.0182181468339508
0.2,0.0426602281829115
0.2,0.0760730776623971
0.2,0.0653406169357221
0.2,0.037276445692685
0.2,0.0672335083354408
0.2,0.0568586077618427
0.2,0.0516586018638902
0.2,0.018842277905862
0.2,0.0339607298403732
0.2,0.0515634620589032
0.2,0.0646517125332055
0.2,0.0367190430901508
0.2,0.0780722908870912
0.2,0.0407358887039665
0.2,0.0488066062054341
0.2,0.0393156898519153
0.2,0.0880573108664228
0.2,0.09159506463789
0.2,0.0156445896341979
0.2,0.0881131801102174
0.2,0.0836613658886219
0.2,0.0151212110059471
0.2,-0.00545623400364563
0.2,0.0324208360342457
0.2,0.049022388992061
0.2,0.0264738705504366
0.2,0.033515622601735
0.2,0.0500896606365279
0.2,0.086669887323501
0.2,0.0505825986289351
0.2,0.0709182677453946
0.2,0.031344601013426
0.2,0.0194997237623145
0.2,0.062125819527504
0.2,0.0075542136445763
0.2,0.0333416778095876
0.2,0.0469688919694939
0.2,1.80774055953192e-05
0.2,0.0777362151730312
0.2,0.0409642950994277
0.2,0.053140824577654
0.2,0.0640297328111254
0.2,0.0512875824135085
0.2,0.0139327151685287
0.2,0.0204543844969256
0.2,0.0703391292653608
0.2,0.030528333194991
0.2,0.0700046302577906
0.2,0.0380285289020297
0.2,0.0243986399933596
0.2,0.05424277746729
0.2,0.045353072165055
0.2,0.0644784520702104
0.2,0.0424160465929883
0.2,0.0243507764044001
0.2,0.043162372214529
0.2,0.0745215817308484
0.2,-0.0111053820514843
0.2,0.0582966132226503
0.2,0.0617307654946629
0.2,0.0376373591493639
0.2,0.0518515709820982
0.2,0.0509258537653597
0.2,0.0433161700479536
0.2,0.0743749227093818
0.2,0.0401466575472647
0.2,0.0537536484723284
0.2,0.0844915884874628
0.2,0.052206438653745
0.2,0.0454413606002051
0.2,0.0356076982360818
0.2,0.0392039064373478
0.2,0.0453832922176822
0.2,0.0751509666626589
0.2,0.0629980004659044
0.2,0.0314973101482153
0.2,0.053818303550088
0.2,0.039275629610175
0.2,0.0220842683203394
0.2,0.0729786091337175
0.2,0.03270099926661
0.2,0.043235789804767
0.2,0.0230703345277894
0.2,0.0621735166478247
0.2,0.0440694730329263
0.2,0.0486707524357629
0.2,0.0422170272313937
0.2,0.0157648790492939
0.2,0.0439824507294927
0.2,0.0492044070516249
0.2,0.00921239068558537
0.2,0.0747584324032278
0.2,0.0565483426957063
0.2,0.00111906702794334
0.2,0.026791585143387
0.2,0.0778519122472213
0.2,0.0395186880647048
0.2,0.00571752737840843
0.2,0.0316809569688895
0.2,0.0614584547648473
0.2,0.037852377095318
0.2,-0.0170481627324783
0.2,0.0199248625337553
0.2,0.0298593102961964
0.2,0.0413871962483289
0.2,0.0428087358251294
0.2,0.046609803070644
0.2,0.0766208216423044
0.2,0.0624000541658856
0.2,0.0679162281838959
0.2,0.0139066438392409
0.2,0.043652173402329
0.2,0.0380860520012521
0.2,0.0880381031682929
0.2,0.0148828525406627
0.2,0.0970247744503561
0.2,0.0316214697182235
0.2,-0.00489642548817882
0.2,0.0380292517541203
0.2,0.0790494857065284
0.2,0.036457362395231
0.2,0.0991806125942841
0.2,0.0505492868713386
0.2,0.0320411288235337
0.2,0.0260045107135781
0.2,0.0257374549833179
0.2,0.0496079528959357
0.2,0.018207010225623
0.2,0.0618065785350256
0.2,0.0600315388278607
0.2,0.0447504760172659
0.2,0.0694941403167015
0.2,0.0511145875500539
0.2,0.0454335373281787
0.2,0.0456886649496858
0.2,0.0801888722063409
0.2,0.0756782298727442
0.2,0.0410374266341292
0.2,0.0716938908687076
0.2,0.061935653718675
0.2,0.0491613467223768
0.2,0.0485531284946757
0.2,0.0485113588881613
0.2,0.0359886513165772
0.2,0.0707861666908589
0.2,0.0269704176243521
0.2,0.0413779991363347
0.2,0.0844814132126017
0.2,0.0471311545316844
0.2,0.0465102858744817
0.2,0.0543485596759595
0.2,0.0644244945143561
0.2,0.0470167570613622
0.2,0.0253247014186349
0.2,0.0543305121746498
0.2,0.0198198450325766
0.2,0.0833414860023712
0.2,-0.000171301612309817
0.2,0.02684859014555
0.2,0.0910470088163197
0.2,0.0614275511335724
0.2,0.0354205574386306
0.2,0.0129901201919915
0.2,0.0427069778506307
0.2,-0.00428158847723755
0.2,0.0492467486947438
0.2,0.0364625639796502
0.2,0.0432773629869572
0.2,0.0160283973203468
0.2,0.0448140999303686
0.2,0.068889013055277
0.2,0.048013896367727
0.2,0.0561513652010762
0.2,0.0689247675284283
0.2,0.0321786585979519
0.2,0.0775405852996317
0.2,0.0323817975288091
0.2,0.095580389703836
0.2,0.0467364947019971
0.2,0.0334509011620285
0.2,0.0558973834183549
0.2,0.0495206441679115
0.2,0.0137593435862245
0.2,-0.0102939185170994
0.2,0.131276451541847
0.2,0.0732550055746279
0.2,0.0477799918653609
0.2,0.0653354853712193
0.2,0.0799638940368565
0.2,0.0612969488808545
0.2,0.0240924506747628
0.2,0.0504685496860723
0.2,0.0391285836196216
0.2,0.0381784303493125
0.2,0.0550482699190758
0.2,0.0746379733515471
0.2,0.0327238989804658
0.2,0.0449592680201988
0.2,0.0796118598736652
0.2,0.0551728102576415
0.2,0.0361352522961698
0.2,0.0713017410924119
0.2,0.0226023904829177
0.2,0.0222311340200017
0.2,0.0758795702745073
0.2,0.0276132224793213
0.2,0.0545153295460195
0.2,0.0691133896350443
0.2,0.0601753030436478
0.2,0.0399426536121117
0.2,0.0380796691244688
0.2,0.0547355168117874
0.2,0.0786299325156033
0.2,0.0464248261062766
0.2,0.0377404959666853
0.2,-0.00397649557934095
0.2,0.00489368502555847
0.2,0.0595659952337292
0.2,0.0352556048172545
0.2,0.0560781434982844
0.2,0.0270356467558591
0.2,0.0658390317882581
0.2,0.0251645144624356
0.2,0.0129273240023555
0.2,0.0554827091322612
0.2,0.0621362160733313
0.2,0.0270959856602624
0.2,-0.00266055246735316
0.2,0.0895450656361858
0.2,0.0531380697521451
0.2,0.0518456771907155
0.2,0.037014446526833
0.2,0.0524972619013217
0.2,0.10460428484251
0.2,0.059066524335975
0.2,0.0680140819268967
0.2,0.0230475358455849
0.2,0.058167940967488
0.2,0.013656856930579
0.2,0.0594160748485585
0.2,0.0797305540236594
0.2,0.0378445531933983
0.2,0.0598546716735875
0.2,0.0812778277785907
0.2,-0.000153174976414452
0.2,-0.0171751727343756
0.2,0.0556401315042933
0.2,0.0957797258235128
0.2,0.0190363226769955
0.2,0.0686070566597967
0.2,0.0124919789973771
0.2,0.0691430599083705
0.2,0.0351741291346115
0.2,0.0736269590720438
0.2,0.0499843457972884
0.2,0.0706485815091286
0.2,0.0427709630064226
0.2,0.0718613623514704
0.2,0.0480891045247289
0.2,0.0082619363994815
0.2,0.0479670246529191
0.2,0.0448697257351224
0.2,0.0870450738880073
0.2,0.0255609277357545
0.2,0.0254838344609356
0.2,0.0618367967548877
0.2,0.0450816879284185
0.2,0.058985675412511
0.2,0.0683003886985276
0.2,0.0295961194174028
0.2,0.0411212228526654
0.2,0.078594699485879
0.2,0.0650898369336575
0.2,0.0521690376695677
0.2,0.0469888198794767
0.2,0.0581774479409818
0.2,0.0339752530155961
0.2,0.0532154940462368
0.2,0.072384703454425
0.2,0.0266294197638117
0.2,0.0419673486358512
0.2,0.0572002233425401
0.2,0.0876082457231199
0.2,0.0203726960537258
0.2,0.0174735819454833
0.2,0.0729285709370143
0.2,0.0755813033854489
0.2,0.0446596245674165
0.2,0.045339725612667
0.2,0.0197708760873363
0.2,0.00995542497064613
0.2,0.0964128383054456
0.2,0.063148098255713
0.2,0.0274129980429644
0.2,0.0184646062918278
0.2,0.0650646471230111
0.2,0.0938534417044959
0.2,0.0644697565028503
0.2,0.0326437219041795
0.2,0.0445501099701415
0.2,-0.0177797171599833
0.2,0.0584183987406468
0.2,0.0635834714692296
0.2,0.000830536600862513
0.2,-0.0159591064084175
0.2,0.0486481061094838
0.2,0.0384738356858722
0.2,0.0780910203299318
0.2,0.0574114659466036
0.2,0.0174939488547427
0.2,0.0414835679601241
0.2,0.00295364830728238
0.2,0.0488479923998978
0.2,0.0420235237705948
0.2,0.0489426473466027
0.2,0.062917265601274
0.2,0.0557286371050877
0.2,0.0457915370013414
0.2,0.0170246137506209
0.2,0.0476779744063734
0.2,0.0351049734611453
0.2,0.0673502321392442
0.2,0.0177953833138977
0.2,0.0280310217396973
0.2,0.0190245775536954
0.2,0.0378986547965396
0.2,0.0596737932893882
0.2,0.0324847749325978
0.2,0.0483514215951481
0.2,0.0574892978457798
0.2,0.0602840304770791
0.2,0.0454765502577778
0.2,0.0497243822291142
0.2,0.080217218980918
0.2,0.0396655180232505
0.2,0.0222842975059799
0.2,0.0519497284475878
0.2,0.0788774925583863
0.2,0.0622878942807681
0.2,0.0523447284881361
0.2,0.031870252164464
0.2,0.00454525177445238
0.2,0.0617289368642105
0.2,0.0341692239121673
0.2,0.0716293707394666
0.2,0.0371691639850753
0.2,0.0601580790634525
0.2,0.0537096131453
0.2,0.0443304359045849
0.2,0.0530833006620275
0.2,0.0581566223249287
0.2,0.0199017797253711
0.2,0.0103209286603418
0.2,0.0262427941184236
0.2,0.0615773236528967
0.2,0.023437109026824
0.2,0.0515491993657788
0.2,0.0375954208906775
0.2,0.0413269324760827
0.2,0.0568687177445539
0.2,0.0692848739975519
0.2,0.048292607653144
0.2,0.1106504633599
0.2,0.0089932275711544
0.2,0.0481819468148489
0.2,0.0686937563343407
0.2,0.0480328613564159
0.2,0.0161699722588389
0.2,0.101753820330215
0.2,0.0343090639719516
0.2,0.0825808932139765
0.2,0.04742913220563
0.2,0.0340769702460448
0.2,0.0392195852662449
0.2,0.0215003997635904
0.2,0.0547750071984736
0.2,0.0440172372226582
0.2,0.084458524467504
0.2,0.0444551473664792
0.2,0.0381402932416453
0.2,0.0863106009092285
0.2,0.0111714376084971
0.2,0.016425862993804
0.2,0.01388475965432
0.2,0.0196493138401327
0.2,0.00791388174412713
0.2,0.0332214034302175
0.2,0.00226807895461683
0.2,0.0800799410281729
0.2,0.0904724124232029
0.2,0.0579326172884749
0.2,0.0448269170256159
0.2,0.0203848033360377
0.2,0.0288715391528438
0.2,-0.0407230138535571
0.2,0.0547725206406343
0.2,0.0495400346147393
0.2,0.00441478954174474
0.2,0.0682667362928872
0.2,0.00958359580645747
0.2,0.0349286479673377
0.2,0.0270359927549212
0.2,0.0230179094000866
0.2,0.0750569698945655
0.2,0.0194020741097712
0.2,0.052419605585022
0.2,0.0472845276809202
0.2,0.0553788992966919
0.2,0.0360453825388963
0.2,0.0124848982466303
0.2,0.0350828428208064
0.2,0.0446619459592332
0.2,0.0295792684355968
0.2,-0.0077452362092027
0.2,0.0359878930683009
0.2,0.0535286192115105
0.2,0.0492682345516896
0.2,0.0246493309776896
0.2,0.0690093075175526
0.2,0.0307803233193238
0.2,0.062577015580602
0.2,0.0366436266000184
0.2,0.0848738843662434
0.2,0.0513430641790002
0.2,0.0783022892639334
0.2,0.0348503217337634
0.2,0.047692768921136
0.2,0.0534666273590171
0.2,0.0554915185468366
0.2,0.0834174154955862
0.2,0.0537083608504621
0.2,0.0207749659264394
0.2,0.0493510178297043
0.2,-0.000453106432894901
0.2,0.107505944506778
0.2,0.0551802351988676
0.2,0.0565146824448381
0.2,0.0413441226699707
0.2,0.0176504540417504
0.2,0.0222009128689941
0.2,0.0190269367048074
0.2,0.0326171266307496
0.2,0.0146606950750622
0.2,0.049687113894773
0.2,0.0587657362653485
0.2,0.0503065538515607
0.2,0.0307472092649709
0.2,0.0717774787298519
0.2,0.05079473131512
0.2,0.022884500296099
0.2,0.0448006443337234
0.2,0.0371443590728597
0.2,0.0298855995201093
0.2,0.0289673337955067
0.2,0.0532259042136675
0.2,0.0642856639575183
0.2,0.0868278406668329
0.2,0.0335762173900729
0.2,0.022074387400085
0.2,0.0459515867852903
0.2,0.0397662507437213
0.2,0.0601565590481907
0.2,0.023882521019416
0.2,0.0391139700360644
0.2,0.0289852614327175
0.2,0.0311830405767711
0.2,0.0570465088026337
0.2,0.0193120467335398
0.2,0.0151878563570004
0.2,0.0484828892476352
0.2,0.0208924776219284
0.2,0.0596693598462491
0.2,0.029071731098937
0.2,0.00388463514006779
0.2,0.045112125761702
0.2,0.038783467880478
0.2,0.0567823560404243
0.2,0.0559132656258248
0.2,0.0690702073607637
0.2,0.00854851065568
0.2,0.0392721695602618
0.25,0.0247329974723238
0.25,0.0025322572904977
0.25,0.0441232004338664
0.25,0.071862079056832
0.25,0.0757220439827559
0.25,0.0374203625947826
0.25,0.0859757465581789
0.25,0.0741671354454019
0.25,0.0513901274317743
0.25,0.0294392223857026
0.25,0.0112933410612653
0.25,0.00679217557151919
0.25,0.0838166230755673
0.25,0.0609504724595574
0.25,0.0543120238508305
0.25,0.0735869616779808
0.25,0.0546334716194989
0.25,0.0761774987240127
0.25,-0.00321425648098696
0.25,0.0290509870924143
0.25,0.0721863134418828
0.25,0.0546576854148014
0.25,0.0110821261840568
0.25,0.0514655168479731
0.25,0.0450239177321858
0.25,-0.00998036195167447
0.25,0.0284739870700388
0.25,0.045494276799102
0.25,0.0423536353414474
0.25,0.0319278065410056
0.25,0.0448436122625914
0.25,0.0170662590878728
0.25,0.0767451406965389
0.25,0.0294432665835084
0.25,0.031861186617954
0.25,0.0398077061829991
0.25,0.06071022472196
0.25,0.0286675325479091
0.25,0.0476763244060826
0.25,0.0239568446245066
0.25,-8.08167328463043e-05
0.25,0.0540613091687692
0.25,0.0418362544583627
0.25,0.0824381024634521
0.25,0.0132578342825179
0.25,0.0444820132569467
0.25,0.0549198910879027
0.25,0.104819979233099
0.25,0.039613628686932
0.25,0.0649274880759307
0.25,0.0220373200014739
0.25,0.0438986837667016
0.25,0.0315248689365472
0.25,0.0742403874994488
0.25,0.0462149305863928
0.25,0.0317415170608646
0.25,0.0812905808511773
0.25,0.0256379064139471
0.25,0.0319133838961641
0.25,0.034991321239816
0.25,0.0644513538247345
0.25,0.0649184918032084
0.25,0.0861517500320936
0.25,0.040853438479099
0.25,0.0563492490039028
0.25,0.0179193504302661
0.25,0.0300514665248468
0.25,0.0242798053645104
0.25,0.0461251445307954
0.25,0.04357245184299
0.25,0.0753564257160215
0.25,-0.00122869388947965
0.25,0.0426620588072832
0.25,0.0641871544468697
0.25,0.0788471169011116
0.25,0.00202020331201367
0.25,0.0405353905003809
0.25,0.0771854240138202
0.25,0.0393888856046346
0.25,0.0361579845365606
0.25,0.046503473568068
0.25,0.0527410965487772
0.25,0.0804997897653094
0.25,0.0593406949839192
0.25,0.0632618228482758
0.25,0.0398857392518094
0.25,0.0601506566154348
0.25,0.0622184463692939
0.25,0.066587542693654
0.25,0.08872477647108
0.25,0.0313556525373655
0.25,0.0733306373762817
0.25,0.0143078284125945
0.25,0.000280750782205887
0.25,0.0527499349396856
0.25,0.0526956137007343
0.25,0.0721125206688166
0.25,0.100857935457031
0.25,0.0392162092155181
0.25,0.064562993277168
0.25,0.0917788416503776
0.25,0.00536958210247553
0.25,0.0636424293983132
0.25,0.0410896426802483
0.25,0.032313305899919
0.25,0.0803355538361503
0.25,0.0587024341744661
0.25,0.0651844489260976
0.25,0.00614554256024633
0.25,0.0495023817642791
0.25,0.0755655807618503
0.25,0.0458337556123063
0.25,0.079036432100207
0.25,0.0234362620803496
0.25,0.0572499481676632
0.25,0.0733787561065946
0.25,0.068496360202435
0.25,0.0705210889565566
0.25,0.0223816557599223
0.25,0.0590974611912258
0.25,0.0372541757741191
0.25,0.084251613167016
0.25,0.0342677301222161
0.25,0.0560268635791653
0.25,-0.00264943197704275
0.25,0.0220830264047319
0.25,0.0704175913538292
0.25,0.0427632876102717
0.25,0.034287134180478
0.25,0.0571116499984709
0.25,0.0319858409368965
0.25,0.0156650431888722
0.25,0.0334552570184946
0.25,0.0281079196071278
0.25,0.0247237235699352
0.25,0.0454443799887148
0.25,0.0366266812697661
0.25,0.0757828024979203
0.25,0.0418126222150261
0.25,0.0944357741526071
0.25,0.0183121894452763
0.25,0.052904072267414
0.25,0.0680718446136951
0.25,0.0378184984457874
0.25,0.0617511081793479
0.25,0.0309860799213984
0.25,0.0553871807086284
0.25,0.016581744654897
0.25,0.0426102089577458
0.25,0.0569045026224874
0.25,0.0781670720691717
0.25,0.0649970581146737
0.25,0.0544124113633058
0.25,-0.0141093452476412
0.25,0.0265967220857523
0.25,0.0477652746929973
0.25,0.0626580348139037
0.25,0.0370749276296284
0.25,0.0544461426979839
0.25,0.072400685202399
0.25,0.034469397998919
0.25,0.0166622434233848
0.25,0.100843025842445
0.25,0.00798612427648443
0.25,0.0555510704261574
0.25,0.0361291571072169
0.25,0.0471702461246391
0.25,0.0592450342349268
0.25,0.0345452270929476
0.25,0.0439668321377199
0.25,0.0173364108466474
0.25,0.0658339776777777
0.25,0.0168068860279349
0.25,0.0321080304620493
0.25,0.0266097151174343
0.25,0.0201287180812049
0.25,-0.0206646691197943
0.25,0.0298041266919282
0.25,0.071234207730733
0.25,0.0134933333696409
0.25,0.0552639411974964
0.25,0.0227838431896657
0.25,0.0452929086374093
0.25,0.0614131963093347
0.25,0.000112817913407507
0.25,0.0448986841023464
0.25,0.0113687613973555
0.25,0.0285674420553005
0.25,0.0695843001323744
0.25,0.0749397518684428
0.25,0.0715703950007966
0.25,0.0819885227044337
0.25,0.0484033914647491
0.25,0.0234714332568904
0.25,-0.00201602513058619
0.25,0.0525855608975317
0.25,0.0172491690736853
0.25,-0.0145652582927431
0.25,0.101585299942848
0.25,0.0508628056376668
0.25,0.0523319822672163
0.25,0.0527139661722222
0.25,0.0213164481520422
0.25,0.101362691820737
0.25,0.0364866097964312
0.25,0.0334350083496208
0.25,0.0279714009398452
0.25,0.0323832298081935
0.25,0.0717268110398576
0.25,0.0458126130283602
0.25,0.0408694780779773
0.25,0.0176569895279531
0.25,0.0242411018510229
0.25,0.0590342280330682
0.25,0.0175758710542286
0.25,0.0107049053616249
0.25,0.0403064116444883
0.25,0.00843312931361202
0.25,0.0330930760199619
0.25,0.0174126175298533
0.25,0.0434122307731965
0.25,0.0372119531615825
0.25,0.0359427224868765
0.25,0.0619847851844356
0.25,0.0300135604548432
0.25,0.0535122339923414
0.25,0.0481645066426621
0.25,0.0226218470077078
0.25,-0.0042607920929077
0.25,0.048448223839165
0.25,0.0323780422493263
0.25,0.0563844633828766
0.25,0.0565691119318778
0.25,0.0429419679355912
0.25,0.0740958427180267
0.25,0.0384211788119281
0.25,0.0576115916079117
0.25,0.0569266748430175
0.25,0.0229020806676674
0.25,0.0529899846727787
0.25,-0.0113987781240097
0.25,0.062387846736048
0.25,0.0347907945412014
0.25,0.00319732366590098
0.25,0.043160790936132
0.25,0.0658261776402892
0.25,0.0381149383651194
0.25,0.0574603266188727
0.25,0.0383601323524577
0.25,0.0161309681615632
0.25,0.0404192003308604
0.25,0.0645590107797915
0.25,0.118104058153318
0.25,0.00601159206655553
0.25,0.0702981859595943
0.25,0.00407479653500501
0.25,0.0326330725327927
0.25,0.0380321242051389
0.25,0.00447016875318388
0.25,0.0556249182431265
0.25,0.0093966632649883
0.25,0.0161674708941783
0.25,0.0824344997190248
0.25,0.0898594010308599
0.25,0.0711981345179753
0.25,0.0477085976850016
0.25,0.0618046990797859
0.25,0.0458638404407317
0.25,0.0984809738679778
0.25,0.0816470000923489
0.25,0.0112980276676457
0.25,0.0671750388438471
0.25,0.0219818312666666
0.25,0.0441506418800903
0.25,0.0465781094464756
0.25,0.0651914194578423
0.25,0.0148876698727255
0.25,0.036211067623598
0.25,0.0786073406221506
0.25,0.0719448687349606
0.25,0.0173968052270047
0.25,0.0436828034711709
0.25,0.0616866205672146
0.25,0.03947122076431
0.25,0.0622797420926593
0.25,0.0102945359544835
0.25,0.0474397539067838
0.25,0.0703855298651662
0.25,0.0751169354121476
0.25,0.0475944701916289
0.25,0.0026412883237249
0.25,0.0477383219912132
0.25,0.0430559619174286
0.25,0.038603806203402
0.25,0.0794222690596991
0.25,0.0248086758550631
0.25,0.0517138982052905
0.25,0.0187122692770901
0.25,0.067566240371811
0.25,0.0638136696844047
0.25,0.031611754964232
0.25,0.0718513767188128
0.25,0.0405444465696434
0.25,0.0534447471701429
0.25,0.0586500746120645
0.25,0.0096361105227793
0.25,0.107891397871364
0.25,0.0357491224724365
0.25,0.0334658292175715
0.25,0.0476092559407893
0.25,0.0271207945536157
0.25,0.0314948050488114
0.25,0.0534524256684242
0.25,0.0201323982563823
0.25,0.0217454968655531
0.25,0.0576541677344978
0.25,0.043577654657432
0.25,0.0731108316378416
0.25,0.0456217059558651
0.25,0.0425933262573175
0.25,0.0580513578897376
0.25,0.022936737893821
0.25,-0.0193490671794743
0.25,0.0879202807775715
0.25,0.0254287735673022
0.25,0.0286881526777127
0.25,-0.00770026666004583
0.25,0.0640208418291648
0.25,0.0187940264754691
0.25,0.0439203043534853
0.25,0.0278343070881367
0.25,0.0906475842931736
0.25,0.0453072128494501
0.25,0.0351265074069008
0.25,0.0743450587312089
0.25,0.0786604704795492
0.25,0.0680591048019057
0.25,-0.0189148294907334
0.25,0.0220263382029931
0.25,0.00326630896698831
0.25,0.0615687725288126
0.25,0.0690697587141845
0.25,0.0443657761023585
0.25,0.0459643493989963
0.25,0.0555514488108384
0.25,0.0115692622780573
0.25,0.062505256494254
0.25,0.123483250609069
0.25,0.0197770474137771
0.25,0.0578376506574629
0.25,0.0380385319537939
0.25,0.0266228811531422
0.25,0.0447906637128694
0.25,0.0465781610431814
0.25,0.0418111428378954
0.25,0.070194568578256
0.25,0.047298960111819
0.25,0.0465902103443055
0.25,0.00756363049631448
0.25,0.0557081368463606
0.25,0.00554908726062508
0.25,0.00423815459874998
0.25,-0.00234058421289967
0.25,0.0340841204556061
0.25,0.063644614237441
0.25,0.0101517419201943
0.25,0.00359329936255454
0.25,0.0116630124115893
0.25,0.0547017876341863
0.25,0.0923186342466522
0.25,0.054939400341317
0.25,0.00575577450617323
0.25,0.0370768978950253
0.25,0.0962405007998127
0.25,0.0765167831162384
0.25,0.0284701566823377
0.25,0.0186711828140463
0.25,0.0656329755783618
0.25,0.0490484289584975
0.25,0.0378886184458042
0.25,0.0599148279151433
0.25,0.0294632330304163
0.25,0.0673608433123384
0.25,0.0613767372006607
0.25,-0.0118458057050909
0.25,0.0341106384296332
0.25,0.0698787283970954
0.25,0.0823375819922767
0.25,-0.000357256377203441
0.25,0.030263739088369
0.25,0.0411263629604927
0.25,0.057141456108894
0.25,0.0450537061512619
0.25,0.061183520842697
0.25,0.0664836832892076
0.25,0.045436462406943
0.25,0.0793465868412709
0.25,0.0562234886082807
0.25,0.0225878480869642
0.25,0.0195583227749273
0.25,0.0561576530143976
0.25,0.0895172510558373
0.25,0.0335416618108097
0.25,0.0290554721876769
0.25,0.00382835561422404
0.25,0.0210863005914448
0.25,0.0257413712270968
0.25,0.0110696947102918
0.25,0.0339208111192023
0.25,0.021930169610039
0.25,0.0408721321428361
0.25,0.0406338008939638
0.25,0.0752676766461209
0.25,0.0398534332518327
0.25,0.0142933231372443
0.25,0.0947447233947014
0.25,0.0251824474367858
0.25,0.0369511392577877
0.25,0.0352251757087055
0.25,0.0549152154070309
0.25,0.0678686521142279
0.25,-0.00707441747164611
0.25,0.0709871459629945
0.25,0.0680045142591453
0.25,-0.00741003284326897
0.25,0.0536274752047607
0.25,0.0408023863456258
0.25,0.0260290960459567
0.25,0.0317037295993962
0.25,-0.00586184722349993
0.25,0.103697285223281
0.25,0.0888319612985541
0.25,0.061445068103179
0.25,0.0215092862792305
0.25,0.0479430675255455
0.25,0.0431036740778677
0.25,-0.0120469281208802
0.25,0.0251703018590524
0.25,0.01156829179703
0.25,0.0312690179557591
0.25,0.0575470048843345
0.25,0.0561333997707221
0.25,0.0506636239542307
0.25,0.013384261531367
0.25,0.0404207223740372
0.25,0.0548891144618899
0.25,0.0461924158351511
0.25,0.0939774768567475
0.25,0.0125936752551212
0.25,-0.00547693327392739
0.25,-0.00580740541687762
0.25,0.0617544735956413
0.25,0.0275646063649685
0.25,0.022017374830632
0.25,0.0692196374477592
0.25,0.0479630609827155
0.25,0.0606300671970744
0.25,0.0689657703572021
0.25,0.0464298197445882
0.25,0.0575370141422796
0.25,0.0316895100829902
0.25,0.0155275175138198
0.25,0.0592087690554084
0.25,0.0689818828433959
0.25,0.0251311624713719
0.25,0.0767212453101786
0.25,0.0217556831762314
0.25,0.0499525867621758
0.25,0.0400527294829326
0.25,-0.012542095333325
0.25,0.063863160315898
0.25,0.0343854363135038
0.25,0.0186749945027669
0.25,0.0504153863719652
0.25,0.0278365133854315
0.25,0.00858756813796252
0.25,0.0752891517078585
0.25,0.0353790150888539
0.25,0.0184252383696836
0.25,0.0967365376332722
0.25,0.041458903838614
0.25,0.0768059971179377
0.25,0.0359347104427144
0.25,0.0425975534189934
0.25,0.0798075991184978
0.25,0.062365766999675
0.25,0.0257123191973374
0.25,0.0530804832741021
0.25,0.0715568092886412
0.25,0.0476230308864164
0.25,0.0480881325805699
0.25,0.0639997835900002
0.25,0.0707494131923572
0.25,0.0505710617302708
0.25,0.0761378982988865
0.25,0.0311277551472459
0.25,0.116012527654603
0.25,0.0399747205907089
0.25,0.0659744463959125
0.25,0.0587396365022018
0.25,0.0862670810382535
0.25,0.0455807740991076
0.25,0.0244332845183098
0.25,0.0817419920120295
0.25,0.0168489472762065
0.25,0.0411627562689014
0.25,0.0250825575470376
0.25,0.0449751178933754
0.25,0.0712897695504868
0.25,0.0635468657355684
0.25,0.0615200570425651
0.25,0.0505841795500151
0.25,0.0406503907567694
0.25,0.0213574823785649
0.25,0.0732280670252635
0.25,0.0443425765732005
0.25,0.0275831327215576
0.25,0.0614199141082853
0.25,0.045332688524877
0.25,-0.0208817136821257
0.25,0.0239821209266823
0.25,0.0630856846837779
0.25,0.0703890054987675
0.25,0.026622475577074
0.25,0.0636867435498394
0.25,0.0128860285858446
0.25,0.0216133826035333
0.25,-0.0128173480472535
0.25,0.0500141174755628
0.25,0.0384494101584518
0.25,0.081991470190729
0.25,-0.0138879783706713
0.25,0.0542495030744263
0.25,0.0185788662639004
0.25,0.09153337647459
0.25,0.0526301956751604
0.25,0.0813821525098923
0.25,0.0415598321570066
0.25,0.0683743815365253
0.25,0.0248079828771389
0.25,0.0562540663535608
0.25,0.0248673537713572
0.25,0.0294609284211682
0.25,0.00693992014497235
0.25,0.00977086160725366
0.25,0.0259770128594267
0.25,-0.0255740600947996
0.25,0.0722960040782564
0.25,0.0551843936111588
0.25,0.0952161765718192
0.25,0.0291809078168689
0.25,0.0539301566323514
0.25,0.0275653445945775
0.25,0.0650980963134736
0.25,0.100584183876217
0.25,0.0318150645346461
0.25,0.0485085908270082
0.25,0.0443839771977373
0.25,0.0783008724712912
0.25,-0.016024455390924
0.25,0.0131281455795501
0.25,0.0209564747069453
0.25,0.0661261108876032
0.25,0.0664901760019534
0.25,0.00442280970102516
0.25,0.0529818766543117
0.25,0.0362378312946144
0.25,0.0784078086756674
0.25,0.0492443999821714
0.25,-0.0133519162599654
0.25,0.0542192802508292
0.25,0.00886585443916393
0.25,-0.0233072024011592
0.25,0.0546548573690896
0.25,0.0442062873462203
0.25,0.0613315857793924
0.25,0.0316900660220301
0.25,0.0333316797448638
0.25,0.0128263604430131
0.25,0.0177309224152723
0.25,0.0114533215457404
0.25,0.0327736059604712
0.25,0.0236069992419213
0.25,0.00694725664054625
0.25,0.0204265529366785
0.25,0.0331131070182897
0.25,0.0104100399502758
0.25,0.0460139423918978
0.25,0.0322657485740396
0.25,0.0369960206901082
0.25,0.0326369859633826
0.25,0.062671961468893
0.25,0.0294381575963523
0.25,0.0159258101412803
0.25,0.00915169648304935
0.25,0.0660399803779139
0.25,0.052537037455417
0.25,0.0440957396855437
0.25,0.0379670779090198
0.25,0.0139671865887696
0.25,0.0290580334262065
0.25,0.0720266078689839
0.25,0.0211202496871641
0.25,0.0457822638061776
0.25,0.0669565632596589
0.25,0.0380082086115929
0.25,0.0396300458839527
0.25,0.00690692349004728
0.25,0.036714579419297
0.25,0.0162194463992586
0.25,0.0835259184222336
0.25,0.0319311656218123
0.25,0.0606367331979689
0.25,0.0319277876129567
0.25,0.0276410684078774
0.25,0.0595915404446717
0.25,0.0123582129981647
0.25,0.0748514177318962
0.25,0.0686015578120592
0.25,0.0247569382734656
0.25,0.024646221922841
0.25,0.044756584255989
0.25,0.00937996660383941
0.25,0.0318896134863191
0.25,-0.00504087679204116
0.25,0.0242929024056981
0.25,0.0695218324956891
0.25,0.000593638091823003
0.25,0.0242943040834113
0.25,0.062493017634034
0.25,0.0434699239430735
0.25,0.060584844425961
0.25,0.0912821314488565
0.25,0.0826588128538334
0.25,0.0303887032014409
0.25,0.0652756157074045
0.25,-0.00402863857131963
0.25,-0.0149505307975484
0.25,0.0266700904219256
0.25,0.00669105684586554
0.25,0.0341270447887586
0.25,0.0298194121672353
0.25,0.0428688704478041
0.25,0.0859442278807249
0.25,0.0423940553073606
0.25,0.0400665569260563
0.25,-0.00400334355906803
0.25,0.0582116536781094
0.25,0.0257444899810079
0.25,0.019306171167559
0.25,0.0652252785492281
0.25,0.0740176096180716
0.25,0.0679169540521762
0.25,0.0379109838617347
0.25,0.0655238321837273
0.25,0.0373924872267012
0.25,0.0452170080141743
0.25,0.0578288778354421
0.25,0.0134918761856094
0.25,0.0470964806014715
0.25,0.0688632220304193
0.25,0.0299086350272102
0.25,0.00259183829224373
0.25,0.0300126719756269
0.25,0.00835109325892281
0.25,0.0414068715882945
0.25,0.0198803771967097
0.25,0.0716469380284701
0.25,0.049794400423222
0.25,0.0613979244352969
0.25,0.0135737293351812
0.25,0.0193961667489107
0.25,0.0692241784393142
0.25,0.0437627938269499
0.25,0.0362600788978141
0.25,0.0842360006714834
0.25,0.0812284112700642
0.25,0.0487984585990788
0.25,0.0437855341450601
0.25,0.0675519475505586
0.25,0.0115915626568603
0.25,0.0252128956285118
0.25,0.0421587591621368
0.25,0.0203007201335195
0.25,0.0492146865801329
0.25,0.0200757731177744
0.25,0.0881705543439775
0.25,0.0723265528775318
0.25,0.0359175012915829
0.25,0.0700527519167803
0.25,0.0297563705082055
0.25,0.0669432794731626
0.25,0.0263707608348548
0.25,0.0641847053107858
0.25,0.0338695506551873
0.25,0.0860551287181237
0.25,0.0755416087244491
0.25,0.0672464077866581
0.25,0.0584923330048636
0.25,0.0318071629961988
0.25,0.0637427796335089
0.25,0.0285679215299586
0.25,0.0142355095097578
0.25,0.0364467297395932
0.25,0.0442414846425268
0.25,0.0622027216951609
0.25,0.00177442496945207
0.25,0.0687192954081781
0.25,0.0531656221481157
0.25,0.0336005776531776
0.25,-0.0165538730746
0.25,0.0382154376742726
0.25,0.0602342723136821
0.25,0.0761943222812845
0.25,0.044024165202421
0.25,0.0576933792557544
0.25,0.0118171151245103
0.25,0.00446477837743939
0.25,0.0588895913046128
0.25,0.0409217036231023
0.25,0.0755375887492599
0.25,0.078274070570233
0.25,0.0757599002553594
0.25,0.0609298142382103
0.25,0.0706936554364293
0.25,0.0853451628670631
0.25,0.0764387142324416
0.25,0.0360380616009285
0.25,0.0390765909571225
0.25,0.0293224259065143
0.25,0.0379871031397351
0.25,0.0162254325208866
0.25,0.0705738944150942
0.25,0.0755250932069924
0.25,0.0415181204855093
0.25,0.0404953674618622
0.25,0.075691141070257
0.25,0.0144666229756816
0.25,0.0332194531738466
0.25,0.0497456107351106
0.25,0.0489435434581957
0.25,0.00523894547339564
0.25,0.0716599801740003
0.25,0.0478864014831383
0.25,0.0409804721710772
0.25,0.0582264791606215
0.25,0.0298200090967547
0.25,0.0305206372114202
0.25,0.0369482884142483
0.25,0.017674721297296
0.25,0.102131270534072
0.25,0.040932007105025
0.25,0.0809387611135288
0.25,0.0251636371886676
0.25,0.049430713765992
0.25,0.0652629118567052
0.25,0.0325045905837591
0.25,0.0731562241021214
0.25,0.058014435176452
0.25,0.032299120646644
0.25,-0.00740536627677581
0.25,0.0120802422668151
0.25,0.0429518966015731
0.25,0.0927323084931285
0.25,0.0254068985365854
0.25,0.0266153417730104
0.25,0.00494505898976682
0.25,0.0621732947594137
0.25,0.0765601327843108
0.25,0.0216311346558682
0.25,0.0520379112823029
0.25,0.0867119017286916
0.25,0.0797829557105106
0.25,0.0552258828085113
0.25,0.0558033143925835
0.25,0.0252741682406037
0.25,-0.0011340628658563
0.25,0.0292860700730336
0.25,0.0190259600266059
0.25,0.00771089588652656
0.25,0.0543469629188843
0.25,0.0394253246157399
0.25,0.0400522612261498
0.25,0.027413676064984
0.25,0.0258697742118486
0.25,0.0482307042300071
0.25,0.0284601532148499
0.25,0.0583685650912117
0.25,0.0203069963327392
0.25,0.0668053860640061
0.25,0.0802342705336584
0.25,0.0436075278379237
0.25,0.0101987170812089
0.25,0.0339986127616834
0.25,0.0902896221470087
0.25,0.0455650186137556
0.25,-0.00265536329864429
0.25,0.0342637596914293
0.25,0.0375267403935079
0.25,0.094095285205204
0.25,0.0739783290588319
0.25,0.0844594877955406
0.25,0.0546703742585625
0.25,0.0629505533467968
0.25,0.0160978786956576
0.25,0.0310784674798389
0.25,0.0334056717301125
0.25,0.0612954083597407
0.25,0.019569228049319
0.25,0.0544700091728394
0.25,0.0409574973526244
0.25,0.0928840077429844
0.25,0.0859081979095519
0.25,0.0829863695363237
0.25,0.0412482249318685
0.25,0.0326378445500835
0.25,0.0448944449855879
0.25,0.0158368970779394
0.25,0.0327580719040393
0.25,0.020512255338535
0.25,0.0291813897275633
0.25,0.0365482041255806
0.25,0.0518254185766979
0.25,-0.00585351965397014
0.25,0.0863855973473555
0.25,0.046010069437535
0.25,0.0559912102012614
0.25,0.0354256010286439
0.25,0.0279331364832103
0.25,0.0122396065575108
0.25,0.00638846120179982
0.25,0.0646292944228801
0.25,0.062753941675033
0.25,0.0559846443067875
0.25,0.02344979070694
0.25,0.0684399129712982
0.25,0.00714451527778653
0.25,0.0514133348976452
0.25,0.00936288318423233
0.25,-0.0122956867427222
0.25,0.0779990605185429
0.25,0.0587859061148448
0.25,0.0430172329130156
0.25,0.0448549123270771
0.25,0.0409724927718707
0.25,0.0628446492216982
0.25,0.0533780567406047
0.25,0.0341439267641411
0.25,-0.0132869546259971
0.25,0.0408939171972416
0.25,0.0369092731541183
0.25,0.012120215426284
0.25,0.0594408040085995
0.25,0.0708316607435789
0.25,0.0542871996838739
0.25,0.0604980045739426
0.25,0.059891469642756
0.25,0.0556078351783978
0.25,0.0207752590135076
0.25,0.0924195706004446
0.25,0.0320519911109123
0.25,0.0355186448550872
0.25,0.0845859182521293
0.25,0.0173497905109639
0.25,0.050966880655327
0.25,-0.0201897623485935
0.25,0.0171739030432099
0.25,0.0387499264951958
0.25,0.0178935100495383
0.25,0.0587090220894486
0.25,0.061204737824879
0.25,0.041524160120463
0.25,0.0074201537327749
0.25,0.0778824651887184
0.25,0.0498169843534051
0.25,0.0789362156488953
0.25,0.0813069803292984
0.25,0.0321783117606159
0.25,0.0351576263562193
0.25,0.0062445426370997
0.25,0.0140421163809531
0.25,0.0927279856319359
0.25,0.0479582203544916
0.25,0.0672164729824965
0.25,0.0521237895420864
0.25,0.0283775555999206
0.25,0.0574951474574462
0.25,0.0336227642325485
0.25,0.0467262634845122
0.25,0.0521570579058379
0.25,0.0432178647319821
0.25,0.0604925857557156
0.25,0.0445672067559007
0.25,0.0196219430014527
0.25,0.0827927311930907
0.25,0.0425341451372316
0.25,0.0204411908892937
0.25,0.0121532652805713
0.25,0.0594990621077391
0.25,0.0300791766553247
0.25,0.0571891920554724
0.25,0.00776563951845793
0.25,0.0811543255465555
0.25,0.0579381885882843
0.25,0.0533645490458206
0.25,0.0407593945342405
0.25,0.0427676576582256
0.25,0.0270832271337931
0.25,0.0604224280771945
0.25,0.017502360006287
0.25,0.0138100536952391
0.25,0.0437096471863292
0.25,0.0701036875672551
0.25,0.0617180397401238
0.25,0.0827727020163607
0.25,-0.00199467008840893
0.25,0.0900265499197229
0.25,0.0251455915622813
0.25,0.040248249443105
0.25,0.029294292280325
0.25,0.0492122620890804
0.25,0.0594576447669449
0.25,0.042925735286495
0.25,0.0338765007642382
0.25,0.0401767416462987
0.25,0.0624181862805984
0.25,0.0282198208450233
0.25,0.100439674019836
0.25,0.0481167104178733
0.25,0.0366893512276357
0.25,0.0503079817124869
0.25,-0.0276700322755396
0.25,0.0628675694110436
0.25,0.0735958003984396
0.25,0.0380764024232434
0.25,0.0401909137790515
0.25,0.0332682735938669
0.25,0.0638677465341157
0.25,0.0786062398250814
0.25,0.0243385787711785
0.25,0.0603394176484849
0.25,0.037309701846036
0.25,0.01917615304092
0.25,0.0363121441438089
0.25,0.0623573375757939
0.25,-0.0140439766831223
0.25,0.0529125107259731
0.25,0.0648059630240867
0.25,0.045298157498833
0.25,0.0271143954087275
0.25,0.0164665041720651
0.25,0.0431616451353739
0.25,0.0722587659331321
0.25,0.0460650855359247
0.25,0.0511063386757841
0.25,0.0242864499065196
0.25,0.036476918565562
0.25,0.0476534056206023
0.25,0.0500280927727782
0.25,0.0581068790702547
0.25,0.034162259200719
0.25,0.0516335383254642
0.25,0.0313844574916367
0.25,0.060318688747225
0.25,0.0172618786436157
0.25,0.0216439401499604
0.25,0.0680464035619138
0.25,0.0490020365048052
0.25,-0.00289305823427818
0.25,0.053514913953523
0.25,0.0575320842690049
0.25,-0.0116850355856898
0.25,0.0306713005596514
0.25,0.0475411371221853
0.25,0.0821310251007329
0.25,0.036076388694229
0.25,0.0563343492612721
0.25,0.0601235101443911
0.25,0.0581570152961849
0.25,0.00940668289952235
0.25,0.00607593244131153
0.25,0.0416787256323008
0.25,0.0562645722835485
0.25,0.0463866322130382
0.25,0.0259289910970468
0.25,0.0121872020712892
0.25,0.0500170939859288
0.25,0.0442631799671021
0.25,0.0639412972209618
0.25,0.0654085401564209
0.25,0.0388016943157587
0.25,-0.012740890701111
0.25,0.0674407590460879
0.25,0.0172690959998289
0.25,0.0665709996615793
0.25,0.0664813752674319
0.25,0.0613642538265502
0.25,0.00721731859866292
0.25,0.0315799350463921
0.25,0.0389203726024605
0.25,0.101420190182725
0.25,0.0247750703959796
0.25,0.0929980580278521
0.25,0.0581493629993165
0.25,0.104479115982841
0.25,0.0385488097277771
0.25,0.0569774886185696
0.25,0.017938281571852
0.25,0.0583295699033585
0.25,0.0576095824992709
0.25,0.0513837942482532
0.25,0.0279165675618427
0.25,0.00881795900702615
0.25,0.0159862958901805
0.25,0.0479826643911603
0.25,0.0882506401321904
0.25,0.0770448177619584
0.25,0.0307101310240181
0.25,0.0575338511486439
0.25,0.0437050093285806
0.25,0.0488441333387308
0.25,0.0316878185815493
0.25,0.0516049595952653
0.25,0.0471022492950023
0.25,0.0633215821972298
0.25,-0.016878740901824
0.25,0.0485770823656078
0.25,-0.00404819713047431
0.25,0.0784559841818284
0.25,0.0721920981623105
0.25,0.0758960522932652
0.25,0.0257423519477489
0.25,0.0472813383410539
0.25,0.0486503145856818
0.25,-0.00469280132069918
0.25,0.0312568845302025
0.25,0.07324170893503
0.25,0.0486091602765557
0.25,0.0856945362048797
0.25,0.0939565542421177
0.25,0.0265757660103998
0.25,-0.0232506027201273
0.25,0.0489271318107963
0.25,0.0358138959199552
0.25,0.0411819523073357
0.25,0.0185529903670558
0.25,0.0598968165820742
0.25,0.0719045892005399
0.25,0.0260080888646167
0.25,0.0562354881610006
0.25,0.0267729158176991
0.25,0.0351569652096398
0.25,0.0714083756941821
0.25,0.076414754401513
0.25,0.0401753521745996
0.25,0.0629310977487769
0.25,0.0548243867763341
0.25,0.0434917460729957
0.25,0.0117966608376209
0.25,0.0285882754629567
0.25,0.0404800867810608
0.25,0.0686450500335664
0.25,0.0400279858329751
0.25,0.0127965634558935
0.25,0.0434365745329457
0.25,0.0157707700984058
0.25,0.0379175065931717
0.25,0.0783260296472333
0.25,0.0622029103350879
0.25,0.0768032784680533
0.25,-0.0184222638466092
0.25,0.0866397355385212
0.25,0.015660214691767
0.25,0.062810771854854
0.25,0.0483858358856125
0.25,0.0594067480327559
0.25,0.0116475197230945
0.25,0.0870084562991861
0.25,0.0473511736533366
0.25,0.0656159010642066
0.25,0.0402800916060894
0.25,0.0446333397551847
0.25,0.00185519971655264
0.25,0.00382701234235466
0.25,0.0109585271650603
0.25,0.0706566731574344
0.25,0.0951946889062653
0.25,0.0463938296769683
0.25,0.0754548808337546
0.25,0.0117912040087165
0.25,0.107878432341219
0.25,0.0352487166316764
0.25,0.0148569187729571
0.25,0.0660864330175101
0.25,0.0763957184061708
0.25,0.064845148023417
0.25,0.0479363498920893
0.25,0.0668953467801041
0.25,0.0339522412684622
0.25,0.0310253461125726
0.25,0.016351251062627
0.25,0.0166897853895955
0.25,0.0126736858175658
0.25,0.0587228583683496
0.25,0.0665080474362783
0.25,0.0434729855023061
0.25,0.0135956637006087
0.25,0.0618197935306012
0.25,-0.0173902950582724
0.25,0.0255523787050971
0.25,0.0553595204778008
0.25,0.0430150153140132
0.25,0.0735144085038716
0.25,0.0345873007509462
0.25,0.0668489826135201
0.25,0.0778656627314976
0.25,0.0725933923184262
0.25,0.0688498604006867
0.25,0.0394011664846339
0.25,0.0506252252005561
0.25,0.0552229314932665
0.25,0.0630457101121581
0.25,0.0403759817978076
0.25,0.0200938092964509
0.25,0.0741520193432532
0.25,0.087784750524251
0.25,0.0551582415555724
0.25,0.0507971224471051
0.25,0.0627892063974261
0.25,0.0390166548961281
0.25,0.0634981854900158
0.25,0.0528233886122498
0.25,0.0550900292914483
0.25,0.0748505521157062
0.25,0.0495182554115467
0.25,0.0431360182245641
0.25,0.0218033672312625
0.25,0.0625478653707892
0.25,0.0287274354670318
0.25,0.0223539332761951
0.25,0.075717059062771
0.25,0.0390875215467551
0.25,0.0243420262943451
0.25,0.0294404291664946
0.25,0.0783015730295702
0.25,0.0263698847704737
0.25,0.0080773228637632
0.25,0.0595270984440804
0.25,0.0210240939986279
0.25,0.0439409207809659
0.25,0.0511403760842764
0.25,0.074573796355877
0.25,0.0273208702214025
0.25,0.0546147770300945
0.25,0.0286360039774532
0.25,0.0363993722387379
0.25,0.0511517558393652
0.25,0.0705892605059627
0.25,0.0388257850155469
0.25,0.0609749577682425
0.25,-0.0110549917214851
0.25,0.046126238603141
0.25,0.0468204784975009
0.25,0.0217512452659409
0.25,0.0886637693161732
0.25,0.0332782988006579
0.25,0.0685664236756443
0.25,0.0899011308563028
0.25,0.0116391287516912
0.25,0.0528922519279146
0.25,0.0488944331359246
0.25,0.0143317694162664
0.25,0.0782332606873872
0.25,0.0300931365007965
0.25,0.0384552432566318
0.25,0.0280643694236324
0.25,0.0207601757342719
0.25,0.0175362396803669
0.25,0.0280225735136711
0.25,0.0389064352905276
0.25,0.0733999469186275
0.25,-0.00286989876079675
0.25,0.0138208388098544
0.25,0.0562578756485287
0.25,0.0239640424737078
0.25,0.0693138464404734
0.25,0.060523819826383
0.25,0.0166873950325995
0.25,0.0623494789719965
0.25,0.0475499113209328
0.25,0.0156133457785018
0.25,0.0257036476320685
0.25,0.0538558085159762
0.25,0.0763912174642117
0.25,0.0624361104167928
0.25,0.0541500468331345
0.25,0.0294245948890594
0.25,0.091402554011687
0.25,0.0436764980547033
0.25,0.0868787667907194
0.25,0.00405445332507928
0.25,0.0966232092434549
0.25,0.0236386826470332
0.25,0.0901348920906016
0.25,0.0490000282007609
0.25,0.0535716103137562
0.25,0.0516332356319601
0.25,0.0659915878389346
0.25,0.0458762613476416
0.25,0.0741265842102313
0.25,0.032906088875922
0.25,0.0176584573749818
0.25,0.0527320234799511
0.25,0.0495896690079619
0.25,0.0147620296545393
0.25,0.0350290124911689
0.25,0.0702603214751718
0.25,0.0301967092978993
0.25,0.0719856225293266
0.25,0.0529225967932368
0.25,0.0121923184737473
0.25,0.0478701024427829
0.25,0.0245265893625167
0.25,0.0599505897311462
0.25,0.0102135859081653
0.25,0.0525355557604117
0.25,0.0190209415725799
0.25,0.0554181303248598
0.25,0.0421532547614834
0.25,0.0615270043239255
0.25,0.0494445589355535
0.25,0.0688740578286175
0.25,0.00874451376240392
0.25,0.0681672362430914
0.25,0.0583235051192302
0.25,0.0459253543687672
0.25,0.0364337512717299
0.25,0.00975300573276179
0.25,0.0396117949884776
0.25,0.0419593592497398
0.25,0.0766588523739982
0.25,0.0634413884949354
0.25,0.0294305644917759
0.25,0.0737029289724647
0.25,0.0574517840758759
0.25,0.0478419299249726
0.25,0.0560511657278694
0.25,0.0212999002796958
0.25,0.045119322361624
0.25,0.0344289211168061
0.25,0.0472880250317767
0.25,0.00812275843446439
0.25,0.0656990740662727
0.25,0.0948358984774715
0.25,0.0299387293495483
0.25,0.0264114523596399
0.25,0.0922293761691307
0.25,0.0311990262413251
0.25,0.0264203713637299
0.25,0.0296757658573667
0.25,0.0538531898676085
0.25,0.058278848784568
0.25,0.0213290687690178
0.25,0.0256703687083482
0.25,0.0526124064911512
0.25,0.0241249931621333
0.25,0.0887294098803584
0.25,0.0223824941186759
0.25,0.0575522127656366
0.25,0.0585691358757319
0.25,0.0865845135207673
0.25,0.0607290885208043
0.25,-0.0142340201381705
0.25,0.0671958983323505
0.25,0.0611603527366218
0.25,0.0604627378167146
0.25,0.0534360746734453
0.25,0.0140251849895194
0.25,0.0695597611391779
0.25,0.0195381933533951
0.25,0.0589683913846623
0.25,0.0540570228712741
0.25,0.0614520358423175
0.25,0.0560814093402771
0.25,0.0320159551139825
0.25,0.0695560652899074
0.25,0.0505755898427798
0.25,0.0478060629879369
0.25,0.0633554492896715
0.25,0.0526333027416608
0.25,0.0871524891241086
0.25,0.0496065094181187
0.25,0.0754261203728445
0.25,0.0332599900942827
0.25,0.08637621109868
0.25,0.0357833862304568
0.25,0.0625419880455358
0.25,0.0315867229387282
0.25,0.0137385677325856
0.25,0.0339297585564541
0.25,0.0458710261449915
0.25,0.0610943405400488
0.25,0.0174553862773982
0.25,0.0334851698445271
0.25,0.0439097249139571
0.25,0.034578351200433
0.25,0.0934079501476327
0.25,0.0341165145256219
0.25,0.0605743924372821
0.25,0.0408070432381054
0.25,0.0477259938364873
0.25,0.026941006414571
0.25,0.0706621362170139
0.25,0.0616593564061382
0.25,0.0506872312582154
0.25,0.0530984953837166
0.25,0.063816434091218
0.25,0.00837001014975883
0.25,0.0408272166805098
0.25,0.098324976752544
0.25,0.047787188487661
0.25,0.049297864290801
0.25,0.0245193901332276
0.25,0.0439827572732618
0.25,0.0178074239657742
0.25,-0.0114067981710417
0.25,0.0524193206675439
0.25,0.0700468542937321
0.25,0.0383435080653807
0.25,0.0288366741849004
0.25,-0.000636747464142546
0.25,0.00433596600269019
0.25,0.035229531650438
0.25,0.0486686326976428
0.25,-0.0142986772049834
0.25,0.0160493033868101
0.25,0.0607389994676947
0.25,0.1129849775632
0.25,0.0604114174863035
0.25,0.0445330752827851
0.25,0.0460216657532866
0.25,0.0421913391270523
0.25,0.0211306150878146
0.25,0.0162178678035184
0.25,0.0269432976269715
0.25,0.0241118704918613
0.25,0.0918841128540346
0.25,-0.0125681604564931
0.25,0.060309332292732
0.25,0.0457335287135053
0.25,0.0561406647399755
0.25,0.022163607059556
0.25,0.0802930828620124
0.25,0.0414219889772298
0.25,0.0787130616012264
0.25,0.000994959394107551
0.25,0.0473340407893582
0.25,0.0353398581009664
0.25,0.0645968705966917
0.25,0.0390097066049704
0.25,0.026771170870326
0.25,0.0138498275201982
0.25,0.0237267688479968
0.25,0.0502174847159037
0.25,0.0559869809921111
0.25,0.0114937907507513
0.25,0.0250144812076493
0.25,0.0479218580844849
0.25,0.00444918002215857
0.25,0.044581776177704
0.25,0.0115358824302859
0.25,0.0376890294535074
0.25,0.0685971885028785
0.25,0.0560881398695261
0.25,0.0799102698076818
0.25,0.0271601728994119
0.25,0.0726045110079134
0.25,0.0301373370284093
0.25,-0.00957433537638707
0.25,0.0965859345951822
0.25,0.0303426167116502
0.25,0.00273769068039375
0.25,0.059745680221425
0.25,0.020385121809564
0.25,0.054947131617849
0.25,0.04035128528099
0.25,0.0856748141243166
0.25,0.0301106082042666
0.25,0.0480833539320874
0.25,0.066527416215357
0.25,0.0173968210657026
0.25,0.049616882910892
0.25,0.0811497350812647
0.25,0.0515100858602312
0.25,0.0372983364087202
0.25,0.0266330512932474
0.25,0.0689189555446954
0.25,0.0816522384796593
0.25,0.00944262566755338
0.25,0.0242703301649313
0.25,0.0347491616167884
0.25,0.0859895449780472
0.25,0.034475803911235
0.25,0.0373880991729577
0.25,0.0449277581473845
0.25,0.00954135101318337
0.25,0.060117901689755
0.25,0.0127601803127265
0.25,0.0738204931064186
0.25,0.0299063468747786
0.25,0.0115420124136697
0.25,0.0301538322353988
0.25,0.0604605084527116
0.25,-0.00536410018941811
0.25,0.0236002846560026
0.25,0.0181622228978636
0.25,0.087223920572218
0.25,0.0350640078688673
0.25,0.0234986824713472
0.25,0.0162646266299355
0.25,0.0244887701288656
0.25,0.0288318425100286
0.25,0.0435594575869755
0.25,0.0184966034426633
0.25,0.0294780198867576
0.25,0.0209637587840804
0.25,0.0136260381121246
0.25,0.0653712950084984
0.25,0.0415994320845419
0.25,0.0506115418785566
0.25,0.039059557258696
0.25,0.0656263415974073
0.25,0.0400605192902938
0.25,0.0338227405203798
0.25,0.0473785489585295
0.25,0.00730684179072087
0.25,0.104643343444318
0.25,0.0464170357204425
0.25,0.0341376472607724
0.25,0.0707292065682698
0.25,0.0480649469410567
0.25,0.0506053064932142
0.25,0.0643147920445648
0.25,0.0793634630281276
0.25,0.0738231727217339
0.25,0.0351944440054043
0.25,0.0407236662811905
0.25,0.0624484290472558
0.25,0.0388230286461906
0.25,0.0553303673644728
0.25,0.0609407204329441
0.25,0.058190893270681
0.25,0.0513389764108729
0.25,0.0397703371976163
0.25,0.0570828109239342
0.25,0.0508507605737623
0.25,-0.00418754583430661
0.25,0.061401948608008
0.25,0.0156406554691245
0.25,0.0462518520210624
0.25,0.0431267314008451
0.25,0.0338771016530548
0.25,0.0513822790106712
0.25,0.0555885702760744
0.25,0.0448594369881961
0.25,0.0332403324723981
0.25,0.0858425104464007
0.25,0.0472150588584133
0.25,0.0524725553774008
0.25,0.0578145000212235
0.25,0.032597198927526
0.25,0.0515179613603994
0.25,0.0309260944183503
0.25,0.0409667629475257
0.25,0.0492598635398557
0.25,0.0530234717472285
0.25,0.0543417173539389
0.25,0.0613975850673811
0.25,0.0229730967491207
0.25,0.0121507217303292
0.25,0.0773985614672614
0.25,0.0413264561372598
0.25,0.0506333794676726
0.25,0.0705389128872086
0.25,0.0741585714032196
0.25,0.0810075798182455
0.25,0.0235501318923965
0.25,0.0330842953105001
0.25,0.0625393220960542
0.25,-0.00207407547542146
0.25,0.0482525960493801
0.25,0.0197208096925708
0.25,0.016087765085335
0.25,-0.0109391379917001
0.25,0.025415408946471
0.25,0.00437148171328607
0.25,0.0565821961980381
0.25,0.0602426646673651
0.25,0.0368225552827252
0.25,0.0450591519243523
0.25,0.0317704004596995
0.25,0.0304694106279855
0.25,0.072726750354333
0.25,-0.00217581789218224
0.25,0.009994601578238
0.25,0.0507393451486499
0.25,0.0491944521560299
0.25,0.0498194009363362
0.25,0.0177672275607975
0.25,0.00301764984361239
0.25,0.0160071134030509
0.25,0.0600198172975477
0.25,0.0512022755757608
0.25,0.0273006067245262
0.25,0.0462463808986486
0.25,-0.00102066700361514
0.25,0.0519625524909554
0.25,0.0518025404935089
0.25,0.0198346082405637
0.25,0.0455721141276473
0.25,0.077997145726411
0.25,0.0666657729457752
0.25,0.0382180351143611
0.25,0.0671602289103804
0.25,0.0572608727353573
0.25,0.0542076318602768
0.25,0.0190733229404624
0.25,0.0345583783137717
0.25,0.0514154089463949
0.25,0.0646267433178129
0.25,0.0374898130376468
0.25,0.0784208988465044
0.25,0.040722648703076
0.25,0.0490135079329418
0.25,0.0401692825661701
0.25,0.0885515612879161
0.25,0.091939373180095
0.25,0.0165918105560438
0.25,0.0903368259967115
0.25,0.0845963559538727
0.25,0.0173103640256965
0.25,-0.0039533118506423
0.25,0.0333011965475284
0.25,0.0491746632474694
0.25,0.0280739474122021
0.25,0.0340037944108903
0.25,0.0507332183369944
0.25,0.0857732543095391
0.25,0.0513395155333393
0.25,0.0716236189998733
0.25,0.0319165228609022
0.25,0.0201738144360873
0.25,0.0620009334450595
0.25,0.0083604210280795
0.25,0.0338209387817682
0.25,0.0476858525808598
0.25,0.00104221113035557
0.25,0.0776070188592196
0.25,0.0409754022370368
0.25,0.0539482693962419
0.25,0.0643404727773879
0.25,0.0527100804299229
0.25,0.01462631275755
0.25,0.0215571625748226
0.25,0.0702557699473813
0.25,0.031703272194735
0.25,0.0697685633066319
0.25,0.0381608208875961
0.25,0.0252811242455031
0.25,0.0549215473089069
0.25,0.0451083398727716
0.25,0.0648017287828891
0.25,0.0430170745010215
0.25,0.0257699369961576
0.25,0.0438715945173504
0.25,0.074333919955829
0.25,-0.010621363320931
0.25,0.0587638946341703
0.25,0.0627415080170457
0.25,0.0384176097467655
0.25,0.0518830334230363
0.25,0.0515587674113269
0.25,0.0437393423321418
0.25,0.0749897900643802
0.25,0.0412342646205466
0.25,0.0536642725022203
0.25,0.0848518858300656
0.25,0.0518786128654084
0.25,0.0458159450947748
0.25,0.036381216399931
0.25,0.0397706756744851
0.25,0.0452907254561785
0.25,0.0755027607466848
0.25,0.0630311144565793
0.25,0.0318426235714615
0.25,0.0546177182909628
0.25,0.0391690759787271
0.25,0.0232030286142181
0.25,0.0716188903889153
0.25,0.0331502319430472
0.25,0.0445687968449425
0.25,0.0233661685159692
0.25,0.0626383955658095
0.25,0.0437065520621924
0.25,0.048869585467237
0.25,0.041101142336328
0.25,0.0173111862032567
0.25,0.0448193729894125
0.25,0.0504072307102226
0.25,0.0101809430858117
0.25,0.0737380404197806
0.25,0.0574078833767155
0.25,0.00296874872037477
0.25,0.0279665882456985
0.25,0.0778913570701229
0.25,0.0395672473505585
0.25,0.00524477920755956
0.25,0.0320262570235343
0.25,0.0617446955590262
0.25,0.0379424711325456
0.25,-0.0168168536395003
0.25,0.0211823969483398
0.25,0.0348950630209062
0.25,0.0414281616906392
0.25,0.04416560450475
0.25,0.0478098673313619
0.25,0.0766936794172429
0.25,0.0622616948832127
0.25,0.0678350418597244
0.25,0.0144982507993553
0.25,0.0437115450002592
0.25,0.0383102280335841
0.25,0.0880133472606172
0.25,0.0154793132442661
0.25,0.0964752163419069
0.25,0.0325507328141818
0.25,-0.00273115344791894
0.25,0.0396875778356188
0.25,0.0793968617433067
0.25,0.0366383135608515
0.25,0.0984035568596778
0.25,0.0513216085022913
0.25,0.0321696548642275
0.25,0.0261010242294104
0.25,0.0263186046169577
0.25,0.048943565114414
0.25,0.0186845973403759
0.25,0.0623064864377365
0.25,0.0626627286447278
0.25,0.0452095554953499
0.25,0.0700934561270719
0.25,0.0513234498378083
0.25,0.0459185175957225
0.25,0.0464507525590027
0.25,0.0810580378165969
0.25,0.0757521585293882
0.25,0.040919574129183
0.25,0.0728161070849184
0.25,0.0629092996477627
0.25,0.0442907254010368
0.25,0.0489528433075517
0.25,0.0486227260308081
0.25,0.0351431715602608
0.25,0.0710860882275914
0.25,0.0275961527933043
0.25,0.0416435004275
0.25,0.084809858216876
0.25,0.0472698419128965
0.25,0.0461103812674677
0.25,0.0548321677660724
0.25,0.0642842049215506
0.25,0.0474965630032346
0.25,0.0255151891818852
0.25,0.0546282157836403
0.25,0.0194722474130025
0.25,0.0843535268155828
0.25,0.00177890847800898
0.25,0.027698316736946
0.25,0.0916360865369898
0.25,0.061496973582742
0.25,0.0357806211647957
0.25,0.0136366581308893
0.25,0.043241991599948
0.25,-0.00484559401420039
0.25,0.04984592746654
0.25,0.0368793853904395
0.25,0.0435900335230363
0.25,0.0169746184942525
0.25,0.0442505985500485
0.25,0.0692411423337354
0.25,0.0508246225240038
0.25,0.0561054049561299
0.25,0.0695297851917825
0.25,0.0327174801589192
0.25,0.0784688376401153
0.25,0.0324771828140839
0.25,0.0957640694044313
0.25,0.0472641346052574
0.25,0.0339830118655269
0.25,0.0556862306919147
0.25,0.0497651709017019
0.25,0.0146296158770125
0.25,-0.00934186164193102
0.25,0.131014570448439
0.25,0.073565198450618
0.25,0.0483438566095774
0.25,0.0660073942309451
0.25,0.0802259740081559
0.25,0.0614292032916236
0.25,0.0244017057654323
0.25,0.050998725664753
0.25,0.0403905425072967
0.25,0.0385824085441219
0.25,0.0551132405507887
0.25,0.0752917901779651
0.25,0.0331086319161848
0.25,0.0455819555143012
0.25,0.0801991426266011
0.25,0.0558837337841031
0.25,0.0353834130482298
0.25,0.0728019082219378
0.25,0.0229539798737853
0.25,0.0229024116548871
0.25,0.0760766764405838
0.25,0.0284982825312646
0.25,0.0552336046264088
0.25,0.0693619792151664
0.25,0.0601444498626862
0.25,0.040568358989892
0.25,0.0385979824143901
0.25,0.0543329342272491
0.25,0.0786380626648671
0.25,0.0470259230524457
0.25,0.0377146017963796
0.25,-0.00347626382214037
0.25,0.00655399102703302
0.25,0.059344195209417
0.25,0.0362814584140005
0.25,0.0565196481630497
0.25,0.0279306703722698
0.25,0.0658442057948688
0.25,0.0257512819239279
0.25,0.0139164457709791
0.25,0.0556531408649363
0.25,0.0626116956669121
0.25,0.0282254256948437
0.25,-0.00165343954060953
0.25,0.0893573155351485
0.25,0.0539986695280484
0.25,0.0521930142588826
0.25,0.0375227902427589
0.25,0.0528877394957243
0.25,0.104747160117509
0.25,0.0602474745200141
0.25,0.068404710129882
0.25,0.0234967244907262
0.25,0.0584250813399159
0.25,0.0140920292619713
0.25,0.0595277743890885
0.25,0.080323099482631
0.25,0.038337055350146
0.25,0.0596425756516134
0.25,0.0810465207930412
0.25,2.11802739780911e-05
0.25,-0.0168762320978662
0.25,0.0562527709943045
0.25,0.0961669671265421
0.25,0.0192118478758599
0.25,0.0677417489697832
0.25,0.0133445795068526
0.25,0.0689636122256661
0.25,0.0359485656434877
0.25,0.073891680742962
0.25,0.0503287410761152
0.25,0.0709150220675495
0.25,0.0428397921084135
0.25,0.072124167266893
0.25,0.0480971096259746
0.25,0.00845431226315423
0.25,0.0484018643654843
0.25,0.0455664817849924
0.25,0.0865171082129735
0.25,0.0267010021729517
0.25,0.026276157087341
0.25,0.0619489040870704
0.25,0.0456652338720505
0.25,0.0592587842585163
0.25,0.0680357382775755
0.25,0.030439713081206
0.25,0.0397567584588239
0.25,0.0790707259563217
0.25,0.0651783896774006
0.25,0.053295963370729
0.25,0.0474751814433383
0.25,0.0584741146902013
0.25,0.0344569349134591
0.25,0.0537542537180633
0.25,0.0715350540589205
0.25,0.0275397657690901
0.25,0.0426633069852
0.25,0.0578841214516926
0.25,0.0872072397556876
0.25,0.0210489891873931
0.25,0.0201859665235321
0.25,0.0735604925947945
0.25,0.0755539004078288
0.25,0.0493254761713508
0.25,0.0452038332281712
0.25,0.0205550223158615
0.25,0.010821450238184
0.25,0.0960387800269165
0.25,0.0639469671770453
0.25,0.0277490898043497
0.25,0.0190041033354958
0.25,0.0674492009280455
0.25,0.094453393795877
0.25,0.065269324444649
0.25,0.0335607821249203
0.25,0.0447362184285145
0.25,-0.0172560998899977
0.25,0.0589595460247952
0.25,0.0638983767242529
0.25,0.00263308280915766
0.25,-0.0164874008897984
0.25,0.0490971624827838
0.25,0.0383482289442164
0.25,0.0789133632686332
0.25,0.0580118568242361
0.25,0.0174007657446984
0.25,0.0419341768915843
0.25,0.00336505325338399
0.25,0.048728612152247
0.25,0.0425975979943186
0.25,0.0493312299261231
0.25,0.064227712530664
0.25,0.0555562453991128
0.25,0.04613373711937
0.25,0.0205987874345651
0.25,0.0481542393949736
0.25,0.0357628181081981
0.25,0.0677104125227946
0.25,0.0186792824569953
0.25,0.0294379990638384
0.25,0.0197774878955226
0.25,0.0382302159589866
0.25,0.0596402592750019
0.25,0.0326288103163278
0.25,0.0482395813428827
0.25,0.0565295573003169
0.25,0.060997193879589
0.25,0.0460287503884045
0.25,0.0498224416001381
0.25,0.0803663269882322
0.25,0.0405492220825051
0.25,0.0222969872858671
0.25,0.0513985357382674
0.25,0.078975049105168
0.25,0.0631819198203609
0.25,0.0527923537041532
0.25,0.032332761461703
0.25,0.00456168299618311
0.25,0.062324735377227
0.25,0.0362270095073865
0.25,0.0714944645287692
0.25,0.0376608748852388
0.25,0.0604524420215761
0.25,0.0539935480828178
0.25,0.0445246369465796
0.25,0.0538774614190837
0.25,0.0587364510889134
0.25,0.0201331137386024
0.25,0.0120305267445117
0.25,0.0274715930947539
0.25,0.0615957069375001
0.25,0.0235808105669645
0.25,0.0518035265415275
0.25,0.0377870283193345
0.25,0.0424727434054371
0.25,0.0568607254628607
0.25,0.0691434345522504
0.25,0.0484430713276348
0.25,0.11075326582514
0.25,0.0102799631925346
0.25,0.047910874861568
0.25,0.0689438524574497
0.25,0.0483837777267244
0.25,0.0166875141766924
0.25,0.102132557779452
0.25,0.0350762394123085
0.25,0.0817809491471239
0.25,0.047974340582805
0.25,0.0343253776793514
0.25,0.0399016069940168
0.25,0.0223068180046293
0.25,0.0550393169814645
0.25,0.0439589321417985
0.25,0.0854735158699874
0.25,0.0445166323297578
0.25,0.0387304406613146
0.25,0.0865546501895927
0.25,0.011672692611231
0.25,0.0165960402136942
0.25,0.0142401490313528
0.25,0.0196030795767788
0.25,0.00846302323414071
0.25,0.0340496336582414
0.25,0.00378253564569987
0.25,0.080814400275273
0.25,0.0902878069267787
0.25,0.0578598164200669
0.25,0.0462146149972162
0.25,0.0211414504029659
0.25,0.0290758966098727
0.25,-0.0410052242645433
0.25,0.0546640926261114
0.25,0.0492664869990327
0.25,0.00476564074638036
0.25,0.068621254206533
0.25,0.0109414614337859
0.25,0.034384285053827
0.25,0.0276801015113998
0.25,0.0243584406183841
0.25,0.0756039508543808
0.25,0.0192029920825708
0.25,0.0511953243786197
0.25,0.0473605540495404
0.25,0.0561918859548465
0.25,0.0361737751431966
0.25,0.0154930424662699
0.25,0.0363181359018648
0.25,0.0449076284567167
0.25,0.0306487625140354
0.25,-0.00739064010811461
0.25,0.0363417643697838
0.25,0.0540094028238434
0.25,0.0491533088029815
0.25,0.0251140160943108
0.25,0.068966549888226
0.25,0.0315009291878408
0.25,0.0628611769086947
0.25,0.037203464394625
0.25,0.0855305239413969
0.25,0.0521706035889434
0.25,0.0792753550705495
0.25,0.0349548130738054
0.25,0.0480489561783493
0.25,0.0612065772829752
0.25,0.0560883363935955
0.25,0.0838831132158068
0.25,0.0543861914828882
0.25,0.0214438494558766
0.25,0.0527160757263494
0.25,0.000122245537707833
0.25,0.106938094363492
0.25,0.0557027239488631
0.25,0.0568686666331427
0.25,0.0421477692013754
0.25,0.0182586742562789
0.25,0.0231977915069353
0.25,0.019892686511735
0.25,0.0328280040778913
0.25,0.0149651576545671
0.25,0.0500145597478955
0.25,0.0596230908349226
0.25,0.0493165608342589
0.25,0.0312284742835105
0.25,0.0728736971653201
0.25,0.051358003878931
0.25,0.0237530034635973
0.25,0.045451237188633
0.25,0.0376275076598693
0.25,0.0303404113185635
0.25,0.029414954469253
0.25,0.05372302477574
0.25,0.063151224548265
0.25,0.0868704753634659
0.25,0.0339412400492615
0.25,0.0228486769055281
0.25,0.0465334845653765
0.25,0.0401722763563536
0.25,0.0603890683124959
0.25,0.0245712309752478
0.25,0.0384747379223696
0.25,0.0297284006930711
0.25,0.0321212977689999
0.25,0.0575290157173094
0.25,0.0199117415087224
0.25,0.0160865455542795
0.25,0.0494009278116786
0.25,0.0215607577386591
0.25,0.0605928861872272
0.25,0.0292637479531363
0.25,0.00417459849604667
0.25,0.0456555615234596
0.25,0.0388020370138586
0.25,0.0570017904649676
0.25,0.0579841224716747
0.25,0.0689623947639524
0.25,0.00906438674482915
0.25,0.0398026948359159
0.3,0.0254314027383659
0.3,0.00302549086633856
0.3,0.0442893792327874
0.3,0.0722664225604218
0.3,0.0759520395695489
0.3,0.0378202205948319
0.3,0.086444779073556
0.3,0.0754998977684325
0.3,0.0483724531461517
0.3,0.0304319867637348
0.3,0.011973467840621
0.3,0.00761024704243337
0.3,0.0852498704351667
0.3,0.0607671001498791
0.3,0.0544548392678858
0.3,0.0737346357349575
0.3,0.0546778394756729
0.3,0.0767023525305035
0.3,-0.0031405658583759
0.3,0.0298322270342888
0.3,0.0723666130956512
0.3,0.0553294714912927
0.3,0.0112041244303695
0.3,0.0521668536382763
0.3,0.0454508461144288
0.3,-0.0100269477710849
0.3,0.0285036625604694
0.3,0.0461410948124053
0.3,0.0431025973703345
0.3,0.0323557241756855
0.3,0.0455737906375734
0.3,0.0173575909773595
0.3,0.0767363090296751
0.3,0.0296275000471531
0.3,0.032186095325025
0.3,0.040280357376311
0.3,0.0609663702998516
0.3,0.0291391244178671
0.3,0.048217155427295
0.3,0.0244112978468606
0.3,0.00181455991545274
0.3,0.0537568786482494
0.3,0.0420433998989571
0.3,0.0829443914901448
0.3,0.0130293161333026
0.3,0.0452378704462168
0.3,0.0556545431041907
0.3,0.105213003216041
0.3,0.0404825503570519
0.3,0.0655428148989359
0.3,0.0231355882387835
0.3,0.0446048227878411
0.3,0.0321372617064542
0.3,0.0743946339517502
0.3,0.0471812534095719
0.3,0.0321745157317359
0.3,0.0820987011526345
0.3,0.026330720799962
0.3,0.0325748549969697
0.3,0.0358746680448934
0.3,0.0647530351932937
0.3,0.0650283181051258
0.3,0.087416941346231
0.3,0.0414574481083129
0.3,0.0574896500981954
0.3,0.0188606811996099
0.3,0.030994180663216
0.3,0.0254307550379336
0.3,0.0466779373627441
0.3,0.0437985075458336
0.3,0.0752334431601824
0.3,-6.27968886444727e-05
0.3,0.0420660039726947
0.3,0.0650732426870316
0.3,0.0784562309111299
0.3,0.00285118598555347
0.3,0.0416731038621682
0.3,0.0768879862536966
0.3,0.0401172195499661
0.3,0.037007401767983
0.3,0.0478432899626256
0.3,0.0531093948855584
0.3,0.0804518907724643
0.3,0.0594852600489689
0.3,0.064133701522218
0.3,0.0405604714625465
0.3,0.0605396239261333
0.3,0.0626884590197172
0.3,0.0668595210823604
0.3,0.088862031625585
0.3,0.0327839597363483
0.3,0.0737917577273285
0.3,0.0155222496383964
0.3,0.000486004662617273
0.3,0.0529328599967963
0.3,0.0528872409138247
0.3,0.0723565905393826
0.3,0.100956859413515
0.3,0.0394858564727794
0.3,0.0652018049290101
0.3,0.0964893062856788
0.3,0.00687934719046721
0.3,0.0642219529896854
0.3,0.0421762103976161
0.3,0.0328504207244586
0.3,0.0809442900908866
0.3,0.0590081425247175
0.3,0.0657202279719451
0.3,0.0072133579965398
0.3,0.0500869728907373
0.3,0.0756881384029255
0.3,0.0462387814962757
0.3,0.0796662385985576
0.3,0.0244646412210157
0.3,0.0577258052596832
0.3,0.0743262854322074
0.3,0.0677273886519661
0.3,0.0711812016407076
0.3,0.0234309021508541
0.3,0.0598472839557323
0.3,0.0375703068473274
0.3,0.0844426785149341
0.3,0.0340192108050131
0.3,0.0572915412145742
0.3,-0.0016543238396297
0.3,0.0217987996753639
0.3,0.0705414755847492
0.3,0.0438509695372821
0.3,0.034425201358911
0.3,0.0570472346405048
0.3,0.0322746066934707
0.3,0.0161145559880219
0.3,0.0341995821826433
0.3,0.028576752338603
0.3,0.0259171823031546
0.3,0.0465162298123279
0.3,0.0374373327599689
0.3,0.0758735020953241
0.3,0.0425696670266365
0.3,0.0960733749142225
0.3,0.0182930346140431
0.3,0.0535146614995858
0.3,0.0682996044032731
0.3,0.038402304044926
0.3,0.0623887730022203
0.3,0.0314364141811219
0.3,0.0559446572882802
0.3,0.0197349329841699
0.3,0.0426749294570384
0.3,0.0570396762604492
0.3,0.0774691793971102
0.3,0.0655582678078616
0.3,0.0550269317555512
0.3,-0.013989588285289
0.3,0.0267551202484839
0.3,0.0482883897932781
0.3,0.0624303168304683
0.3,0.0372935262579027
0.3,0.0550083284783461
0.3,0.0728455768926934
0.3,0.036041065452148
0.3,0.017357843347876
0.3,0.100874016445631
0.3,0.00834728183450678
0.3,0.0559329868959272
0.3,0.0376462487543629
0.3,0.0481076966213972
0.3,0.0596461659336196
0.3,0.036453279210349
0.3,0.0447232376883088
0.3,0.0178988724879411
0.3,0.0661589926512961
0.3,0.0174985341300719
0.3,0.032799175333031
0.3,0.0275704078595833
0.3,0.0209575641245135
0.3,-0.0206700116382993
0.3,0.0301886950327512
0.3,0.0722220019667153
0.3,0.0143125198448654
0.3,0.0556407013725169
0.3,0.0233873460118671
0.3,0.0457848336177907
0.3,0.061448762294414
0.3,0.00163746920922286
0.3,0.04544150992049
0.3,0.012060982248799
0.3,0.02979239135368
0.3,0.0691567867681506
0.3,0.0750966550355129
0.3,0.0716178593789348
0.3,0.0823694933547734
0.3,0.0487779912747334
0.3,0.0238399999498726
0.3,-0.00174896674186661
0.3,0.0528128859250578
0.3,0.0161754569392228
0.3,-0.0158281599176582
0.3,0.102552672777818
0.3,0.0521724120740246
0.3,0.0531452937636028
0.3,0.0534714867822414
0.3,0.0217628977827267
0.3,0.101851783585497
0.3,0.0368593583603068
0.3,0.03364772405032
0.3,0.0288084536553999
0.3,0.0339435653315833
0.3,0.0719434971196515
0.3,0.0459944197250092
0.3,0.0424132124167963
0.3,0.0181978985299981
0.3,0.0242725429713535
0.3,0.0590474102069765
0.3,0.0190838009462344
0.3,0.0113076492813263
0.3,0.0406898076571123
0.3,0.00885381367210353
0.3,0.0333082387469853
0.3,0.0177018520977691
0.3,0.0453524747082374
0.3,0.038580741979875
0.3,0.0365329451248715
0.3,0.0620781098956369
0.3,0.0303408092533803
0.3,0.0548075668285189
0.3,0.0485048888916322
0.3,0.0235415848645033
0.3,-0.00119236550512514
0.3,0.0488678271081629
0.3,0.0327790788507516
0.3,0.0564613224063706
0.3,0.0574480162960649
0.3,0.0431683605768234
0.3,0.0746190206926559
0.3,0.0386999605386072
0.3,0.0571185386814541
0.3,0.0575333939088721
0.3,0.0236770600621073
0.3,0.053466293266139
0.3,-0.0116482038667333
0.3,0.0634269315450813
0.3,0.0351808862087793
0.3,0.00377146154824555
0.3,0.0435689341723228
0.3,0.0662313659816824
0.3,0.0384448620382575
0.3,0.0573517512790592
0.3,0.0390442702040921
0.3,0.0167867633845498
0.3,0.0407290648183221
0.3,0.0648203643163346
0.3,0.117959429904579
0.3,0.00670547532303089
0.3,0.0708353847325999
0.3,0.00505496612839442
0.3,0.0333238167997658
0.3,0.0375934259915626
0.3,0.00493766423548885
0.3,0.055967463887366
0.3,0.0107562186306535
0.3,0.0221858471444735
0.3,0.083064393124679
0.3,0.0905219937597385
0.3,0.0713833921260176
0.3,0.0482693683175774
0.3,0.0623297099690192
0.3,0.0459001275899008
0.3,0.0983492329101023
0.3,0.0816401346728924
0.3,0.0120982031012011
0.3,0.0677397504756066
0.3,0.0236069363702108
0.3,0.0445191801833324
0.3,0.0477171708555778
0.3,0.065222703412532
0.3,0.0158858190200021
0.3,0.036665288304989
0.3,0.0793329209060899
0.3,0.0728862500668432
0.3,0.017901355535068
0.3,0.0444990431456808
0.3,0.0615339107721982
0.3,0.0398454341125754
0.3,0.0622630391635361
0.3,0.0113551897779169
0.3,0.0478278711859431
0.3,0.070768073353475
0.3,0.0751690180621949
0.3,0.047325948743382
0.3,0.0033372296293151
0.3,0.0478848810931336
0.3,0.0442539857418549
0.3,0.0390582333056644
0.3,0.0797796459773158
0.3,0.0257277406714558
0.3,0.0522518780093883
0.3,0.0191398787321311
0.3,0.067681863457077
0.3,0.0647039646109926
0.3,0.032683600216195
0.3,0.0717531110377429
0.3,0.040535909514837
0.3,0.0535781173652679
0.3,0.0592951929632815
0.3,0.0106408073154134
0.3,0.108153879727797
0.3,0.0362847940312608
0.3,0.0336973540139344
0.3,0.0466590614286382
0.3,0.0279499656701286
0.3,0.0324431137064586
0.3,0.0539900269384762
0.3,0.0205188310861719
0.3,0.0225624046596247
0.3,0.0569175646650662
0.3,0.0441856554708568
0.3,0.072987062873369
0.3,0.0464047510615639
0.3,0.0428183330256647
0.3,0.0589220328511416
0.3,0.0237430705898658
0.3,-0.0201760701490524
0.3,0.0886451575124937
0.3,0.0264491395479146
0.3,0.029727393794799
0.3,-0.00783064370674277
0.3,0.0641498508355097
0.3,0.0189412294186717
0.3,0.0445854735818738
0.3,0.0277055717458989
0.3,0.0912731043165578
0.3,0.0455982680625446
0.3,0.0351474462692733
0.3,0.0744281891702212
0.3,0.0787829701930903
0.3,0.0682415864027158
0.3,-0.0192938504359007
0.3,0.0219522586643003
0.3,0.00508163494586676
0.3,0.0618105533999259
0.3,0.0691911951095684
0.3,0.0449727924585748
0.3,0.0461566599327089
0.3,0.0563203134890656
0.3,0.0122115960552181
0.3,0.0622674750087144
0.3,0.123154049189437
0.3,0.0226854036526831
0.3,0.0580340921315738
0.3,0.0388849840000065
0.3,0.0285181211991572
0.3,0.0453568118175676
0.3,0.0473207441347747
0.3,0.042801748067961
0.3,0.0706718169984852
0.3,0.0466741343860109
0.3,0.0470915874720786
0.3,0.00776521683977735
0.3,0.0564323914513568
0.3,0.00728502948555064
0.3,0.00587804134805951
0.3,-0.00153210000466442
0.3,0.0344861221908688
0.3,0.0642663286362376
0.3,0.0112816312800471
0.3,0.00439174350544803
0.3,0.0127392817785769
0.3,0.0553775215118154
0.3,0.0924708493646998
0.3,0.0550936983004885
0.3,0.00808778104016055
0.3,0.0377738671399048
0.3,0.0965831650940644
0.3,0.0764920759212397
0.3,0.0280761855230561
0.3,0.0196719528785029
0.3,0.0654072903802723
0.3,0.0492727609690075
0.3,0.0387335399884061
0.3,0.0596934711523335
0.3,0.0287541424020905
0.3,0.0670775353920717
0.3,0.0613765163661252
0.3,-0.00967588938384618
0.3,0.0340629580091533
0.3,0.0701249467785933
0.3,0.0833810097181699
0.3,-9.85942451754186e-05
0.3,0.0310735887513757
0.3,0.0403747447294861
0.3,0.0574433063632329
0.3,0.0453317027082197
0.3,0.0616820442990392
0.3,0.066489538355999
0.3,0.0460476868149704
0.3,0.0795373322662997
0.3,0.0553445172056137
0.3,0.0228272060749078
0.3,0.0203667030415282
0.3,0.0564560052454174
0.3,0.0892364918124396
0.3,0.0342806609986176
0.3,0.030823291977661
0.3,0.00445774736690828
0.3,0.0215038906380937
0.3,0.0260430912090442
0.3,0.0120091262699255
0.3,0.0337082515843576
0.3,0.0224826607103816
0.3,0.0419563075484821
0.3,0.041543483230457
0.3,0.0759434528342802
0.3,0.0407015963400347
0.3,0.0148705048442244
0.3,0.096334037154097
0.3,0.0260710568796026
0.3,0.0375630683761791
0.3,0.0355951817652245
0.3,0.0553021411545305
0.3,0.068224108999943
0.3,-0.00406973476539677
0.3,0.0715849289565646
0.3,0.0680926435127623
0.3,-0.0063035893197658
0.3,0.0547614187312399
0.3,0.0416370784772193
0.3,0.0269566071672504
0.3,0.0322749197729884
0.3,-0.00398688525848984
0.3,0.10298132361746
0.3,0.0894419198506926
0.3,0.0615385492256827
0.3,0.0223703231860557
0.3,0.0488489120147235
0.3,0.0437201907011633
0.3,-0.00907798023012576
0.3,0.0273881642265288
0.3,0.0128307494348398
0.3,0.0313988698684307
0.3,0.0576961394339438
0.3,0.0574167937054407
0.3,0.0511120853472327
0.3,0.0140685709096111
0.3,0.0403934780442759
0.3,0.0552462274383612
0.3,0.0471357403984419
0.3,0.0938802615191246
0.3,0.0139252008765312
0.3,-0.00378739462662938
0.3,-0.00488658266672375
0.3,0.061723495989085
0.3,0.0280361826027178
0.3,0.0238140007632347
0.3,0.069320069759314
0.3,0.0482956045158745
0.3,0.0607797750924097
0.3,0.0685540298443507
0.3,0.0469019044475418
0.3,0.0580748579238386
0.3,0.0324458163819855
0.3,0.0161460007790483
0.3,0.0592518007283684
0.3,0.0688904956151432
0.3,0.0261584453964886
0.3,0.0773072877711934
0.3,0.0225716446364888
0.3,0.0505333016354166
0.3,0.0400554090806694
0.3,-0.0137718205574119
0.3,0.0622506720831085
0.3,0.035289196614477
0.3,0.0195807104140848
0.3,0.0507173031842068
0.3,0.0282702403439275
0.3,0.00965951033231992
0.3,0.0756774372601662
0.3,0.0363907316282395
0.3,0.0189787948398847
0.3,0.0977514392414305
0.3,0.0422175196290789
0.3,0.0754429324740109
0.3,0.0363728570475187
0.3,0.0430639499969042
0.3,0.0801896451602133
0.3,0.0622693055896836
0.3,0.0265836090339362
0.3,0.0535902746432671
0.3,0.0720783286912733
0.3,0.0477242587191289
0.3,0.0489389681270382
0.3,0.0646290500482514
0.3,0.0713653936261809
0.3,0.0512677164872928
0.3,0.078069118214036
0.3,0.0336418710176716
0.3,0.115329881759017
0.3,0.0418130198611148
0.3,0.0664348938877002
0.3,0.0581516469160044
0.3,0.0863729581376832
0.3,0.0460976798899533
0.3,0.02556630101829
0.3,0.0827914837549657
0.3,0.0176851558172869
0.3,0.041277893511269
0.3,0.0248221627065125
0.3,0.0452996378896435
0.3,0.0698581070550299
0.3,0.0639824667627867
0.3,0.062641733924166
0.3,0.0507108039181482
0.3,0.0406857619787279
0.3,0.0231147237546994
0.3,0.073023641911262
0.3,0.0448187202338014
0.3,0.0276920516428083
0.3,0.0614403090362394
0.3,0.0461029370312295
0.3,-0.021341076920296
0.3,0.0242895967868694
0.3,0.0635820623291512
0.3,0.0694456291739403
0.3,0.0276099909689042
0.3,0.0643525509846563
0.3,0.0137508612260805
0.3,0.0219669027000104
0.3,-0.0151916128924149
0.3,0.0504061945503887
0.3,0.0388442481258798
0.3,0.0822607258570112
0.3,-0.0146349115557135
0.3,0.0547586658817161
0.3,0.0190900691527482
0.3,0.0921797540586631
0.3,0.0533619826047103
0.3,0.0816209145906528
0.3,0.0421051215029892
0.3,0.0689083489164026
0.3,0.0253569933006564
0.3,0.0566763193817948
0.3,0.0253286189588839
0.3,0.030494797165406
0.3,0.00758386459712108
0.3,0.0109214340960341
0.3,0.0267348994594734
0.3,-0.0257847797173407
0.3,0.0727198342130176
0.3,0.054845036814495
0.3,0.095498749141441
0.3,0.0295583192033919
0.3,0.0537888609376647
0.3,0.0283037137601675
0.3,0.0651014975024551
0.3,0.100481107377071
0.3,0.0321755763357802
0.3,0.0497487315588553
0.3,0.0450014464861041
0.3,0.0794943052966855
0.3,-0.0161437566307547
0.3,0.0133956465717709
0.3,0.0213661771588296
0.3,0.066936121872718
0.3,0.0664549244339177
0.3,0.00553258331160436
0.3,0.0537384118228099
0.3,0.0375249507193521
0.3,0.0787260642632652
0.3,0.0507947293156214
0.3,-0.00980649773741031
0.3,0.0544199887438229
0.3,0.008991573345436
0.3,-0.0237831140423549
0.3,0.0552974182300504
0.3,0.0449411820859653
0.3,0.0614789601617406
0.3,0.0325957706277321
0.3,0.0336351764435506
0.3,0.0134745973841446
0.3,0.0184846740030799
0.3,0.0121811873406514
0.3,0.0336737233445561
0.3,0.0251914150612007
0.3,0.0104397440294343
0.3,0.021359055166116
0.3,0.03377013641104
0.3,0.0110951408671727
0.3,0.0458886312361753
0.3,0.0329828648910401
0.3,0.0374857973441865
0.3,0.0336281948799246
0.3,0.0632399988553779
0.3,0.0294873879864238
0.3,0.0167433344459796
0.3,0.0098645958747577
0.3,0.0669350119603266
0.3,0.0536798398293094
0.3,0.0446398617440665
0.3,0.0384157111120399
0.3,0.0149137109587135
0.3,0.0292962426175682
0.3,0.0718041625726275
0.3,0.0215489953581856
0.3,0.0459782078549499
0.3,0.0675630773765687
0.3,0.0388637929031631
0.3,0.0402633244313936
0.3,0.00766774734572183
0.3,0.0369037545690451
0.3,0.0167196182783447
0.3,0.0833920326868796
0.3,0.0321968416802059
0.3,0.0611845430206054
0.3,0.0329153591761007
0.3,0.027632298109698
0.3,0.0594563557232045
0.3,0.0125349440940244
0.3,0.0749212201176041
0.3,0.0685655789534793
0.3,0.0246384361643153
0.3,0.025366805112196
0.3,0.0452440794887878
0.3,0.0102617578913942
0.3,0.0324152892259479
0.3,-0.00461842353187477
0.3,0.0251738504036754
0.3,0.0698332047168822
0.3,0.00135066594884253
0.3,0.0251989064265035
0.3,0.0629802069641823
0.3,0.0439663913005086
0.3,0.0609048994609396
0.3,0.091461186650301
0.3,0.0829984595539468
0.3,0.0306823676952135
0.3,0.0654582856058844
0.3,-0.00334248849055601
0.3,-0.0115162810389574
0.3,0.0271765398682022
0.3,0.00774648148539981
0.3,0.0351203403344297
0.3,0.031026786119394
0.3,0.0433505786730039
0.3,0.086968619965645
0.3,0.0431919475183156
0.3,0.0402107084327396
0.3,-0.00412881009123286
0.3,0.0586395845461365
0.3,0.026498517834591
0.3,0.0192333433613592
0.3,0.0651894579385833
0.3,0.0732625126552214
0.3,0.067217086219622
0.3,0.038234147163723
0.3,0.066186125082092
0.3,0.0384604182436653
0.3,0.0456016181689999
0.3,0.0581047949980056
0.3,0.0140024126552113
0.3,0.0468127138454936
0.3,0.0691749460834572
0.3,0.0305580024274692
0.3,0.00289867538553128
0.3,0.0319251076130367
0.3,0.00954272587778744
0.3,0.0412260986869468
0.3,0.0206039421905125
0.3,0.0727106662182273
0.3,0.0501144725891348
0.3,0.0616008775338022
0.3,0.0142271061183907
0.3,0.0204087070691309
0.3,0.0686064725289542
0.3,0.0438356645648353
0.3,0.0364603949162172
0.3,0.085111175497303
0.3,0.0817477554184428
0.3,0.0500841682974943
0.3,0.0442107697367564
0.3,0.0680151206091518
0.3,0.0120223561966558
0.3,0.025770571223563
0.3,0.0426404779571272
0.3,0.0209634385983079
0.3,0.0497028139971637
0.3,0.0207108758467308
0.3,0.0886812050832084
0.3,0.0729195492456245
0.3,0.0362511142853172
0.3,0.0713872727180189
0.3,0.0304374510694245
0.3,0.067643579693824
0.3,0.0276791122847525
0.3,0.0649911615585893
0.3,0.0345190815946197
0.3,0.0859737682176276
0.3,0.0761097532919707
0.3,0.0676832912329404
0.3,0.059060858262947
0.3,0.0326072663148925
0.3,0.0639496174958316
0.3,0.0289405862455195
0.3,0.0146041006931593
0.3,0.0373315091865294
0.3,0.0445629533408285
0.3,0.0620130380132001
0.3,0.00272367071439755
0.3,0.0697090638484476
0.3,0.0530067431699784
0.3,0.0352835069718187
0.3,-0.018439387361304
0.3,0.0388819501885632
0.3,0.0600267535685825
0.3,0.0758321226307909
0.3,0.0445221152253133
0.3,0.0581210715275242
0.3,0.0126339566860234
0.3,0.00453826444456132
0.3,0.0593400021981077
0.3,0.0414120852213145
0.3,0.0764574230230011
0.3,0.0788409830785077
0.3,0.0757364604941556
0.3,0.0618708013000274
0.3,0.0705350971351695
0.3,0.0860834880065996
0.3,0.0764394808915175
0.3,0.0369414699198028
0.3,0.0395852356695728
0.3,0.0299074860199252
0.3,0.0378395156242225
0.3,0.0164068799601879
0.3,0.0713582612420463
0.3,0.0759349406333858
0.3,0.0428303480270266
0.3,0.040998427794985
0.3,0.0760389041887962
0.3,0.015161618927946
0.3,0.0360654828157843
0.3,0.0503280106022074
0.3,0.0494577090224037
0.3,0.006147765591562
0.3,0.072652128514664
0.3,0.0482873103477052
0.3,0.0413052473573419
0.3,0.0588762296376612
0.3,0.0306218124532338
0.3,0.0314709838500216
0.3,0.0375075660057202
0.3,0.0192213462825948
0.3,0.102519530650383
0.3,0.0411526341330329
0.3,0.0818562121208951
0.3,0.0253131408979909
0.3,0.0505426877955156
0.3,0.0660031884150492
0.3,0.0336574623409622
0.3,0.0732729304178975
0.3,0.0584084641383002
0.3,0.0331118967422799
0.3,-0.0049039221700228
0.3,0.0130489044487346
0.3,0.0435633210800635
0.3,0.0928734749202942
0.3,0.0258902288869231
0.3,0.0266584328334228
0.3,0.00557215761131423
0.3,0.0632663693233974
0.3,0.0771673154508046
0.3,0.0218704686571613
0.3,0.0522631988988158
0.3,0.086846229835503
0.3,0.0779640841608237
0.3,0.0552519175624829
0.3,0.055925480892276
0.3,0.0260222349319828
0.3,0.000914441368492145
0.3,0.0315431962972676
0.3,0.0188618042828003
0.3,0.00915590729221166
0.3,0.0545785051351398
0.3,0.0396958019944376
0.3,0.0448256183304061
0.3,0.0281881034814937
0.3,0.0264877490217305
0.3,0.0490810607686741
0.3,0.0289304799641393
0.3,0.0590896725323708
0.3,0.0213614562342356
0.3,0.0662868580665177
0.3,0.0809718883702392
0.3,0.0479921695567827
0.3,0.0113912492854691
0.3,0.0346660538712287
0.3,0.0904911340006985
0.3,0.0462750288480516
0.3,-0.00204571625738463
0.3,0.0348297978194598
0.3,0.0378919968212701
0.3,0.094405639382371
0.3,0.07405554239985
0.3,0.0846154690284484
0.3,0.0558266890205246
0.3,0.062917986605026
0.3,0.0167365293975966
0.3,0.0316531708906777
0.3,0.0347239314341804
0.3,0.0613853256702888
0.3,0.0202791506980252
0.3,0.0546328006771556
0.3,0.041621311356872
0.3,0.0931813531729711
0.3,0.0860821847778913
0.3,0.0833336118777503
0.3,0.0418963270271069
0.3,0.0330699747322093
0.3,0.0459384344419605
0.3,0.0161819502274445
0.3,0.0331247563337644
0.3,0.0215315703761952
0.3,0.0300732788097156
0.3,0.0368204807013254
0.3,0.0522584513515281
0.3,-0.00586352680906522
0.3,0.0861445530457399
0.3,0.0464795821933791
0.3,0.0567701499849191
0.3,0.0362975845309637
0.3,0.0283331141982658
0.3,0.0125699787782475
0.3,0.00716200206799928
0.3,0.0649525867860308
0.3,0.0654733992609226
0.3,0.0558015262710327
0.3,0.0239788733225479
0.3,0.0683913687251535
0.3,0.00824911196384755
0.3,0.0507826788044409
0.3,0.0113158711320618
0.3,-0.00974632565997714
0.3,0.077810733137569
0.3,0.0589107102320516
0.3,0.043592217029878
0.3,0.0447575160884054
0.3,0.0412536344749087
0.3,0.0632098031065373
0.3,0.0536184006099909
0.3,0.035030910831357
0.3,-0.0111977176095032
0.3,0.0415263653579077
0.3,0.038378381265594
0.3,0.0124566191044659
0.3,0.0595392819499869
0.3,0.0712561595111105
0.3,0.0548005374078013
0.3,0.0613739038105222
0.3,0.0605941873353236
0.3,0.0549508418972933
0.3,0.0213854485279126
0.3,0.0919702491300498
0.3,0.0325282156514038
0.3,0.0359488669075026
0.3,0.0850584417071936
0.3,0.0178739295634166
0.3,0.0518488805445792
0.3,-0.0203324873866898
0.3,0.017695255323823
0.3,0.039355796507305
0.3,0.0180095078101821
0.3,0.0584346809897113
0.3,0.0612905299656493
0.3,0.0427619460396536
0.3,0.00869876796677933
0.3,0.0774545015466622
0.3,0.0507271351619546
0.3,0.0792005451583811
0.3,0.0817361414891331
0.3,0.0326863843462581
0.3,0.0355753642854485
0.3,0.00694742205304966
0.3,0.0142577769236995
0.3,0.0923861678692614
0.3,0.048541521396745
0.3,0.0678459721276586
0.3,0.0521489324165773
0.3,0.0290599501273645
0.3,0.0577774863969681
0.3,0.0345576818437064
0.3,0.0475902729768944
0.3,0.052724828475959
0.3,0.0433546134121174
0.3,0.0604061074701453
0.3,0.0452039314178262
0.3,0.0197178485108666
0.3,0.0832130478538346
0.3,0.0420348040334848
0.3,0.0206421879174089
0.3,0.013028726031723
0.3,0.0598250529608957
0.3,0.0310246735692051
0.3,0.0572179556857625
0.3,0.00871549490602248
0.3,0.0809090036036263
0.3,0.061052068925255
0.3,0.0538997822994295
0.3,0.041221242151108
0.3,0.044702542076152
0.3,0.0283367313960866
0.3,0.0599509926758161
0.3,0.0177638328802147
0.3,0.0141601605631013
0.3,0.0440860527765867
0.3,0.069719187009256
0.3,0.061651651110155
0.3,0.0830612288299288
0.3,-0.00142088890115118
0.3,0.0896560991567242
0.3,0.0261825645301157
0.3,0.0408655265914114
0.3,0.029525620329083
0.3,0.0496577710557435
0.3,0.0602622888502909
0.3,0.0430558432567239
0.3,0.0345690324044436
0.3,0.0408733451717707
0.3,0.0622502050319231
0.3,0.0297181582030918
0.3,0.100296681055634
0.3,0.0487062074606068
0.3,0.0380460257340742
0.3,0.0510311229620322
0.3,-0.0281554833892034
0.3,0.063012168446697
0.3,0.0736428965185116
0.3,0.0385359357401166
0.3,0.0416627741861899
0.3,0.0343213863258807
0.3,0.0640154176389041
0.3,0.078950602078487
0.3,0.0249367428895682
0.3,0.0605986078175694
0.3,0.037777737364068
0.3,0.0197200946978179
0.3,0.037004532621052
0.3,0.062452884743811
0.3,-0.0104902972398888
0.3,0.0535416369148974
0.3,0.0648969680234457
0.3,0.0458773252313799
0.3,0.0275564730278249
0.3,0.0174451584895719
0.3,0.0437016709291958
0.3,0.0726357724102888
0.3,0.0465880093732154
0.3,0.0510171636715144
0.3,0.0241163239427413
0.3,0.03666807183116
0.3,0.0479393757177815
0.3,0.0497287807560679
0.3,0.0581104024147086
0.3,0.034749762672093
0.3,0.0519266701951225
0.3,0.0317758650803276
0.3,0.0609259800648063
0.3,0.0180109990719878
0.3,0.0222524561178018
0.3,0.0680321542198895
0.3,0.0495325626874939
0.3,-0.0023807098253893
0.3,0.0541747053046844
0.3,0.0587032870312226
0.3,-0.0117304800435432
0.3,0.0315168375057345
0.3,0.0473485644503482
0.3,0.0829825427921916
0.3,0.0370203336983409
0.3,0.0571417146475279
0.3,0.0599322505097185
0.3,0.0586052227189422
0.3,0.0107315882717917
0.3,0.00875045350238064
0.3,0.0414519071254929
0.3,0.0562996363906206
0.3,0.0466175981201106
0.3,0.026314192160363
0.3,0.0125657781583807
0.3,0.0499325209622577
0.3,0.0445483217026185
0.3,0.0641503527947923
0.3,0.0656019991348313
0.3,0.0400360338567816
0.3,-0.0144426516231672
0.3,0.0679558203063942
0.3,0.017652345065283
0.3,0.0671296387395687
0.3,0.0664909607692799
0.3,0.0615178721060926
0.3,0.00863063276300241
0.3,0.0319852619540302
0.3,0.0405515712157204
0.3,0.101644357509637
0.3,0.025605029628139
0.3,0.0925937282210523
0.3,0.0583297886807992
0.3,0.104379519828787
0.3,0.0397299285890796
0.3,0.0571684339684688
0.3,0.0184717407039352
0.3,0.0587542938786526
0.3,0.0579387813774869
0.3,0.051540082251934
0.3,0.0284304096636509
0.3,0.0118403340809168
0.3,0.0163760550931513
0.3,0.0486878773265257
0.3,0.0883069564500642
0.3,0.0774419021755707
0.3,0.0317047416090211
0.3,0.0582310709031436
0.3,0.0445588575505478
0.3,0.0489497651491899
0.3,0.0323005008491779
0.3,0.0523300088832296
0.3,0.047623896629304
0.3,0.0634315891739087
0.3,-0.0162380734291722
0.3,0.0485251806160954
0.3,-0.000221198898750336
0.3,0.0787549962604652
0.3,0.0722165635591049
0.3,0.0771597555644748
0.3,0.0275668852234761
0.3,0.0479011482993952
0.3,0.0491800972736884
0.3,-0.00385766061796001
0.3,0.0325810920278286
0.3,0.0736922626109936
0.3,0.0486054815387241
0.3,0.0865490162662431
0.3,0.0941057403616261
0.3,0.0261962942650249
0.3,-0.0232564505974419
0.3,0.0497142538948342
0.3,0.0358154815780207
0.3,0.0417252053036395
0.3,0.0199901220564106
0.3,0.0600346791856619
0.3,0.0724747510975404
0.3,0.0266494312918547
0.3,0.0564342144841796
0.3,0.0275192986490796
0.3,0.0367292836411667
0.3,0.0715796706672333
0.3,0.0769259853389347
0.3,0.0408181641337708
0.3,0.063676540497987
0.3,0.0552898236663237
0.3,0.0441507263634696
0.3,0.0122789447148413
0.3,0.0296564441543697
0.3,0.0408857448476221
0.3,0.0693364577547007
0.3,0.0404518301661457
0.3,0.0138959296992116
0.3,0.0438214047796643
0.3,0.0162398469808166
0.3,0.0383560565493521
0.3,0.0784220278302352
0.3,0.0616942869508873
0.3,0.0775959806935416
0.3,-0.0182127734027335
0.3,0.0866161213746393
0.3,0.0167841309932327
0.3,0.0627892887490354
0.3,0.0490220399134707
0.3,0.0596858631832141
0.3,0.0119638844799498
0.3,0.086934801849527
0.3,0.0481203383261518
0.3,0.0664096110515441
0.3,0.0415382059012244
0.3,0.0454399187993342
0.3,0.00397424473058331
0.3,0.00408229860363601
0.3,0.0114741091226255
0.3,0.0714523231612726
0.3,0.0955961277598895
0.3,0.0475040058710198
0.3,0.0756263883210242
0.3,0.0125286539609673
0.3,0.107762917340413
0.3,0.0354124426208122
0.3,0.0153622766406065
0.3,0.0664020220955322
0.3,0.07669478884099
0.3,0.0647585638875407
0.3,0.0479156829102883
0.3,0.0672280574758712
0.3,0.0345993196131454
0.3,0.0311544387262158
0.3,0.017683605092699
0.3,0.0173618118534433
0.3,0.0132539594425921
0.3,0.0591649882285342
0.3,0.0670390069618862
0.3,0.0444905972976077
0.3,0.014632876038439
0.3,0.06185406110538
0.3,-0.0158370455350003
0.3,0.0278440875651912
0.3,0.0559429518867177
0.3,0.044015845173314
0.3,0.0741444194440135
0.3,0.0347533665965712
0.3,0.0672606637785371
0.3,0.075208491233025
0.3,0.0728374753325871
0.3,0.0687569134362711
0.3,0.0393208731382662
0.3,0.0512680803271475
0.3,0.0554750867502159
0.3,0.0632806744495828
0.3,0.0407908022170846
0.3,0.0206815192213887
0.3,0.0744296956980214
0.3,0.0878546847166759
0.3,0.0557045292122206
0.3,0.051348218281088
0.3,0.0627186584158837
0.3,0.0400596675763651
0.3,0.0634944264640324
0.3,0.0525926085538709
0.3,0.0549024620891707
0.3,0.0754874396800789
0.3,0.0492929134741401
0.3,0.0441222606263252
0.3,0.0221633640407726
0.3,0.0640822730128321
0.3,0.02938188416697
0.3,0.0232321542293105
0.3,0.0759031976427983
0.3,0.0399200267720041
0.3,0.0247612405121435
0.3,0.029401677064986
0.3,0.0784855402453167
0.3,0.0268860186393116
0.3,0.00821493169725412
0.3,0.060002424358664
0.3,0.0214937317602364
0.3,0.0447039756185058
0.3,0.0521575299391591
0.3,0.0751374193269549
0.3,0.0280956431522286
0.3,0.0547640833907202
0.3,0.028865302273976
0.3,0.0378324318746868
0.3,0.0517026816444119
0.3,0.0711183732469211
0.3,0.0390963394685502
0.3,0.0613041974173405
0.3,-0.00860223954834539
0.3,0.0466199371855264
0.3,0.0479935696589035
0.3,0.0225110502401725
0.3,0.0885563852309595
0.3,0.0331176944458908
0.3,0.0692238755807409
0.3,0.0910789273310546
0.3,0.0126320951128661
0.3,0.0530905287482565
0.3,0.0492833829018009
0.3,0.0162219245357857
0.3,0.0782159099478788
0.3,0.0313220492733189
0.3,0.0401926767554963
0.3,0.0291614030708683
0.3,0.0218202726062787
0.3,0.0178790502268626
0.3,0.0282442462597218
0.3,0.0395072280495211
0.3,0.0737021379722168
0.3,-0.00153229030251346
0.3,0.0146498261954889
0.3,0.0565420213607804
0.3,0.0242180540852822
0.3,0.0693742112864612
0.3,0.0606107670733798
0.3,0.0175004633099854
0.3,0.0621980466575622
0.3,0.047371663292596
0.3,0.0166352163920242
0.3,0.026219021562688
0.3,0.055753502953614
0.3,0.0764998120850689
0.3,0.0629557008301156
0.3,0.054723442314903
0.3,0.029980117219689
0.3,0.0918070890149587
0.3,0.0443097181529604
0.3,0.0874632988324208
0.3,0.00474059099954324
0.3,0.0970248821493238
0.3,0.0243019285609638
0.3,0.0908520028202647
0.3,0.0501500286112038
0.3,0.0537852565069113
0.3,0.051145257551962
0.3,0.0665759613261698
0.3,0.046315553950964
0.3,0.0742837436653679
0.3,0.0334226869462016
0.3,0.018900983687063
0.3,0.0533895659012911
0.3,0.053455001608417
0.3,0.0154672901522489
0.3,0.0356711872968155
0.3,0.0710286597190086
0.3,0.0298187501531044
0.3,0.0721944844371788
0.3,0.0540791914196722
0.3,0.0132061929131809
0.3,0.0488316032534803
0.3,0.0239342411103358
0.3,0.0608498017604847
0.3,0.0123431058936658
0.3,0.0536042634306231
0.3,0.0194549890243073
0.3,0.0555727762965305
0.3,0.0429180726497223
0.3,0.0621621827888876
0.3,0.049166962369261
0.3,0.0693447876789361
0.3,0.00918150770001386
0.3,0.0706192765571211
0.3,0.0583111197167461
0.3,0.0464277352626208
0.3,0.0370540732771061
0.3,0.0102852653756183
0.3,0.038280449930166
0.3,0.0423204161819497
0.3,0.0767706046238462
0.3,0.0639140935980716
0.3,0.0295705216369406
0.3,0.0740908885064055
0.3,0.0576738478005732
0.3,0.0488128673025996
0.3,0.056045816911068
0.3,0.021180665864923
0.3,0.0461368470099369
0.3,0.0350634779619619
0.3,0.0482106937642459
0.3,0.00801738413535657
0.3,0.0658717217545911
0.3,0.095127605976596
0.3,0.0308396547318826
0.3,0.0265584758663307
0.3,0.0923242845138349
0.3,0.0316268509402946
0.3,0.0276140229704226
0.3,0.0303615274638151
0.3,0.0546157827384864
0.3,0.058545943854277
0.3,0.0226075552716323
0.3,0.0264314012550263
0.3,0.0528366533746714
0.3,0.024326439550301
0.3,0.0889934742483485
0.3,0.0231846213535313
0.3,0.0581273534520449
0.3,0.0599735226166614
0.3,0.0869334390246081
0.3,0.0609878683795908
0.3,-0.0138522750612462
0.3,0.0678848252456898
0.3,0.0617768966385331
0.3,0.0617152824847425
0.3,0.0535577003889926
0.3,0.0138347906963536
0.3,0.0690707362418774
0.3,0.0205574711360922
0.3,0.0591500784494772
0.3,0.0545920594942919
0.3,0.0618028288431898
0.3,0.0565766524280528
0.3,0.0327513793665772
0.3,0.0706733930692779
0.3,0.0511793776600717
0.3,0.0477828045517626
0.3,0.0647662406161618
0.3,0.0531047782284428
0.3,0.0871116378296767
0.3,0.0498314180103025
0.3,0.0754560165119022
0.3,0.0337236167589524
0.3,0.0866234878181861
0.3,0.0366655912644244
0.3,0.0627313390396442
0.3,0.0319459799959816
0.3,0.0147178948186766
0.3,0.0353266628034369
0.3,0.0468702008335262
0.3,0.0611157141372107
0.3,0.017689437108591
0.3,0.0338227644481686
0.3,0.044795451631759
0.3,0.0351747253485912
0.3,0.092819815219339
0.3,0.0350019960527892
0.3,0.0611036139896703
0.3,0.0415091447051323
0.3,0.0484194762401804
0.3,0.027290345257512
0.3,0.0704511232613732
0.3,0.061034218609037
0.3,0.0513522644828287
0.3,0.0526460411863849
0.3,0.0636741804025394
0.3,0.00941543438962419
0.3,0.0414956554744572
0.3,0.0990704710111831
0.3,0.0484629399260023
0.3,0.0498556292409974
0.3,0.0272470300105778
0.3,0.0447368457798695
0.3,0.017664902779829
0.3,-0.0114899576181221
0.3,0.0527539232774362
0.3,0.0705751843747675
0.3,0.0386198182154276
0.3,0.029066992309254
0.3,0.00179130652270076
0.3,0.00472509980518066
0.3,0.0353365930449972
0.3,0.0490785847716762
0.3,-0.0136055786272161
0.3,0.0165158324547276
0.3,0.061309521700292
0.3,0.113206834090285
0.3,0.0603611143391521
0.3,0.045571431482017
0.3,0.0457470085281015
0.3,0.0432022925270508
0.3,0.0213398899402287
0.3,0.0172510289464443
0.3,0.0272774319590174
0.3,0.0250709854733775
0.3,0.092360051681936
0.3,-0.0102891545071745
0.3,0.0609345022247946
0.3,0.046477199181404
0.3,0.0560967415048592
0.3,0.0229557788786388
0.3,0.0803607221630221
0.3,0.0413206486322562
0.3,0.0797998745665622
0.3,0.00106708560439843
0.3,0.0468978740605089
0.3,0.037134098796376
0.3,0.0651336183947168
0.3,0.0396096451671676
0.3,0.0264906648791007
0.3,0.0153854241117809
0.3,0.0249072920555797
0.3,0.0503337798063537
0.3,0.0562264295393372
0.3,0.0120364169273301
0.3,0.0255138137477326
0.3,0.0484287864067895
0.3,0.00908192426305134
0.3,0.0451824331985057
0.3,0.0126112731770751
0.3,0.0385913186448317
0.3,0.0693410567861829
0.3,0.0559743548968259
0.3,0.079920160154277
0.3,0.0283563501544121
0.3,0.0737160673601225
0.3,0.0305350491612184
0.3,-0.00949941350968806
0.3,0.0965986394911293
0.3,0.0308930730704824
0.3,0.00442925364072459
0.3,0.0601336116956397
0.3,0.0209341180790558
0.3,0.0564538928426241
0.3,0.0412403786546264
0.3,0.0856701472096887
0.3,0.0305031984030657
0.3,0.04814002978848
0.3,0.0666136511089106
0.3,0.0179808315389675
0.3,0.0503069490502587
0.3,0.081219998353961
0.3,0.0517808302025933
0.3,0.0378836139075111
0.3,0.0269327775891196
0.3,0.0694275646869494
0.3,0.081278663893169
0.3,0.00972129487888622
0.3,0.0246062807799817
0.3,0.034875278691111
0.3,0.0864133962755543
0.3,0.0365951751749694
0.3,0.0374829651327549
0.3,0.0450347574412066
0.3,0.00982043037888439
0.3,0.0597014343579988
0.3,0.0131685077926704
0.3,0.0743043816596307
0.3,0.0308718618088754
0.3,0.0118816873782516
0.3,0.0309576861732496
0.3,0.0606172419012765
0.3,-0.00378409200841733
0.3,0.0234695953427198
0.3,0.0191582619561065
0.3,0.087596814563046
0.3,0.035837243184858
0.3,0.0246783601305498
0.3,0.0167199975176699
0.3,0.0255359014533037
0.3,0.0299560371865203
0.3,0.0440582705965361
0.3,0.0192775941849009
0.3,0.0317515948307724
0.3,0.0217549575111373
0.3,0.0140723962951802
0.3,0.065674223838089
0.3,0.042104568188425
0.3,0.0527067414286845
0.3,0.0389881486379784
0.3,0.0654753260254149
0.3,0.0402487024919821
0.3,0.0345486521330196
0.3,0.0475945874947436
0.3,0.00820101817136914
0.3,0.105277417136893
0.3,0.0467999827410685
0.3,0.034605570131424
0.3,0.070737092252751
0.3,0.0489498370963541
0.3,0.0510563209706343
0.3,0.0645650512260275
0.3,0.079850562077319
0.3,0.0742240107251719
0.3,0.036153509538267
0.3,0.0413949015639385
0.3,0.0625808450480011
0.3,0.0394745384578184
0.3,0.0558085894002975
0.3,0.0612441243110709
0.3,0.058140021837431
0.3,0.0513116106134018
0.3,0.0407379815278925
0.3,0.0575662266016027
0.3,0.0513024805363632
0.3,-0.00356358075196818
0.3,0.0615905404616693
0.3,0.0160808810095704
0.3,0.0465855191891809
0.3,0.0441686855238834
0.3,0.0340604098594145
0.3,0.0514209347915252
0.3,0.0558791691840469
0.3,0.0450172857020181
0.3,0.0339326506900368
0.3,0.0864573715150644
0.3,0.046801173547815
0.3,0.0528177564315021
0.3,0.0585344318172614
0.3,0.0330562720660555
0.3,0.0514905013069002
0.3,0.0312406898016848
0.3,0.0419379025229642
0.3,0.0503641069389359
0.3,0.0536339101634304
0.3,0.0550901732705017
0.3,0.0616014877587212
0.3,0.0241005931603434
0.3,0.0124058389961263
0.3,0.0779140696247966
0.3,0.0419230706250794
0.3,0.0503816638859676
0.3,0.070689478523595
0.3,0.074891852807023
0.3,0.0818529373584735
0.3,0.0241942578978978
0.3,0.0343972499701891
0.3,0.0636657963722849
0.3,0.00035785949798324
0.3,0.0507541041113857
0.3,0.0208821412518443
0.3,0.0170967617615312
0.3,-0.0114030259402657
0.3,0.0262073548667579
0.3,0.00642191683238711
0.3,0.0576777014028675
0.3,0.0604012896428389
0.3,0.0367652494001304
0.3,0.045855465458363
0.3,0.0322173866370734
0.3,0.0308612805614111
0.3,0.0731688020320365
0.3,-0.000806663179708278
0.3,0.011658253692811
0.3,0.0510842723748594
0.3,0.04983780999131
0.3,0.0504409560434477
0.3,0.0184227004913438
0.3,0.00298772029370289
0.3,0.0171523848706677
0.3,0.0603502225373113
0.3,0.0515356884080298
0.3,0.0278664109056641
0.3,0.0471038105210643
0.3,0.00193176411406625
0.3,0.0512364451486858
0.3,0.0519557951078144
0.3,0.0196418109245068
0.3,0.0466114664739306
0.3,0.0788038754642142
0.3,0.0662300024251001
0.3,0.0391917761364582
0.3,0.0676710038637201
0.3,0.0577375046958177
0.3,0.0546428118007541
0.3,0.0192641978463394
0.3,0.0350912778642112
0.3,0.0514035861630893
0.3,0.0645228899707701
0.3,0.0383885132415961
0.3,0.0788264195214822
0.3,0.0408643306401261
0.3,0.0490469424868811
0.3,0.0405374428528766
0.3,0.0893484630847855
0.3,0.0922554062228883
0.3,0.0175271961874859
0.3,0.0905182720270127
0.3,0.0855537936908795
0.3,0.018832401177408
0.3,-0.0025674294203129
0.3,0.0341606036215025
0.3,0.0494447203868976
0.3,0.0295474772716225
0.3,0.0345070253090548
0.3,0.0514258411745304
0.3,0.0848263848388569
0.3,0.0529808129940285
0.3,0.0723588976023619
0.3,0.0325000140105547
0.3,0.0209401091594266
0.3,0.06174600444011
0.3,0.0091557760458484
0.3,0.034291688692677
0.3,0.0484837033023544
0.3,0.00170005412154819
0.3,0.0768291981150071
0.3,0.041648700114411
0.3,0.0549051531066842
0.3,0.0633523938779982
0.3,0.0536830088400946
0.3,0.0152814614744309
0.3,0.0223961408152833
0.3,0.0711379915332978
0.3,0.0331188529379881
0.3,0.0695274932277949
0.3,0.0383105556254308
0.3,0.0260230256552885
0.3,0.0555556898293456
0.3,0.0447542895217546
0.3,0.0652612808139651
0.3,0.043655437420973
0.3,0.0240969416169341
0.3,0.0445479018179316
0.3,0.0742682382938502
0.3,-0.0101856010787752
0.3,0.0592710563839342
0.3,0.063503901295019
0.3,0.0394644789766673
0.3,0.0517592533678745
0.3,0.0522241601438214
0.3,0.0442416944898971
0.3,0.0757092613089029
0.3,0.0419340859226506
0.3,0.0539117166807821
0.3,0.0855112865305938
0.3,0.0504703251055554
0.3,0.0461794659791441
0.3,0.0372685030811513
0.3,0.0404969664220128
0.3,0.0453283965054429
0.3,0.075924177728253
0.3,0.0633892245505758
0.3,0.0322278112757864
0.3,0.0554425666494586
0.3,0.0389293227030274
0.3,0.0245243094800281
0.3,0.0713795495909016
0.3,0.0345770760318928
0.3,0.043649551741982
0.3,0.0236547761134516
0.3,0.063197965410105
0.3,0.0435804043281664
0.3,0.0490878769954797
0.3,0.0417437677281605
0.3,0.0187065642175314
0.3,0.0458778625703238
0.3,0.0507048170186892
0.3,0.011140921095956
0.3,0.0728680964909994
0.3,0.0582043277887658
0.3,0.0045682445969
0.3,0.028815350629664
0.3,0.0779902286794845
0.3,0.040431871762116
0.3,0.0042656955911524
0.3,0.0324034887887252
0.3,0.0620004525973926
0.3,0.038137327365805
0.3,-0.0162800524632343
0.3,0.0217943516980804
0.3,0.0360529067355367
0.3,0.0415248157484743
0.3,0.0447717954072277
0.3,0.0503946573454001
0.3,0.0780728164394018
0.3,0.0624883053017059
0.3,0.0677837384435963
0.3,0.0156270369964396
0.3,0.0441106419462367
0.3,0.038572538679666
0.3,0.088051757393901
0.3,0.0160396609381479
0.3,0.0964202782453024
0.3,0.0330361129366283
0.3,-0.00127495324568006
0.3,0.0406420778657888
0.3,0.079491880617411
0.3,0.036834304049896
0.3,0.0977257168550295
0.3,0.0521196369052173
0.3,0.0322368566007078
0.3,0.0274802742071907
0.3,0.0268986092936972
0.3,0.0491481917940053
0.3,0.0193026235190187
0.3,0.0623132401061134
0.3,0.064181825521694
0.3,0.0454777946397078
0.3,0.0708543987394798
0.3,0.051499780745447
0.3,0.0464010128993548
0.3,0.047317575649383
0.3,0.0820647567004296
0.3,0.0758581687407776
0.3,0.0412253093439391
0.3,0.0735238332549038
0.3,0.0625299179625815
0.3,0.0501507896637616
0.3,0.0494059317179503
0.3,0.0487069801897506
0.3,0.0370278388985718
0.3,0.0715346034826419
0.3,0.0280691364311422
0.3,0.04187286899778
0.3,0.0853295233298517
0.3,0.0487931169466347
0.3,0.0458527389998581
0.3,0.055404962141386
0.3,0.0640779298346817
0.3,0.0480047896010331
0.3,0.0255624203979831
0.3,0.0549235134444036
0.3,0.0192970105070954
0.3,0.0850504862235813
0.3,0.0030682281189572
0.3,0.0283709580333685
0.3,0.0920681363900156
0.3,0.0616195581992333
0.3,0.0365390500586888
0.3,0.0142619248557076
0.3,0.0437083451886295
0.3,-0.00512004052475454
0.3,0.0503433179728511
0.3,0.0372947065082731
0.3,0.0438989343215032
0.3,0.0178599192617076
0.3,0.0442611943919826
0.3,0.0696136958793985
0.3,0.0517142534234774
0.3,0.056151630604252
0.3,0.0701880528013417
0.3,0.0331106452741893
0.3,0.0791298897910783
0.3,0.0326696100998206
0.3,0.0959334591975808
0.3,0.047131490652581
0.3,0.0345072657584571
0.3,0.0555461278807756
0.3,0.0506560352100965
0.3,0.0154840134232134
0.3,-0.00688428450822591
0.3,0.130749222849637
0.3,0.0738828518366092
0.3,0.048903466005768
0.3,0.0666126798253031
0.3,0.0805220378415716
0.3,0.0616490806723519
0.3,0.0247056378348784
0.3,0.0514377769536133
0.3,0.0411498292193921
0.3,0.0389819065628454
0.3,0.0552172071871425
0.3,0.0760469769779458
0.3,0.0335099761570208
0.3,0.0461653493098734
0.3,0.0806406384371048
0.3,0.0566303097721585
0.3,0.0358534753178565
0.3,0.0733078524433498
0.3,0.0231133369178201
0.3,0.0235811358672554
0.3,0.0763649923461356
0.3,0.0294494587764886
0.3,0.0559460371817506
0.3,0.0698092692141913
0.3,0.0601887395877706
0.3,0.0412131742265167
0.3,0.0390899406189209
0.3,0.054141024403574
0.3,0.0785803070111457
0.3,0.0475982012065211
0.3,0.0376913356836123
0.3,-0.00319302612125295
0.3,0.00815538424806374
0.3,0.059266628102426
0.3,0.0373171924432871
0.3,0.0567280873423358
0.3,0.028790985506803
0.3,0.06596258093083
0.3,0.0262770782001479
0.3,0.0148797988561026
0.3,0.0557601693859341
0.3,0.0632062066604428
0.3,0.0294057266161906
0.3,0.00025120686290292
0.3,0.0896141334095332
0.3,0.0544708785511025
0.3,0.0527980597415818
0.3,0.0380383582117946
0.3,0.0532394342332667
0.3,0.104899353235827
0.3,0.0617164805965531
0.3,0.0686357214055823
0.3,0.023416895784999
0.3,0.0587002365159194
0.3,0.0145315717853676
0.3,0.0597429656494169
0.3,0.0808872982122009
0.3,0.0388476777386496
0.3,0.0594742737965022
0.3,0.0807702184888591
0.3,0.000148733359599185
0.3,-0.0164081487058018
0.3,0.0568917876125407
0.3,0.0941489349203783
0.3,0.0198717349009872
0.3,0.0670513876473651
0.3,0.0141555602382961
0.3,0.0689520035528108
0.3,0.0367001278133284
0.3,0.07420219753517
0.3,0.0505207409255645
0.3,0.0712118975726412
0.3,0.043073138140467
0.3,0.0724742139087964
0.3,0.0481444610927506
0.3,0.00856318498517168
0.3,0.0489515184683061
0.3,0.0463130368954489
0.3,0.0857306612894125
0.3,0.0284763502779007
0.3,0.0272136103469293
0.3,0.062316311994961
0.3,0.0460880330346514
0.3,0.0595639971408407
0.3,0.0685032681261854
0.3,0.0313284057078725
0.3,0.0412810643223643
0.3,0.0794303397204268
0.3,0.0654048192716838
0.3,0.0545236156130886
0.3,0.0480217375250035
0.3,0.0588514579895567
0.3,0.0349102958981606
0.3,0.0542925947135829
0.3,0.0708854074547221
0.3,0.0285835024219002
0.3,0.0432988955935028
0.3,0.0585906751146235
0.3,0.0869870731684873
0.3,0.0217911538079147
0.3,0.0215773994776922
0.3,0.0744028662937256
0.3,0.0755230317877357
0.3,0.0504028150711914
0.3,0.0451698608905639
0.3,0.021367632199609
0.3,0.0117007030006131
0.3,0.0951851988084477
0.3,0.0622462716683924
0.3,0.0281616172556576
0.3,0.0196002393482497
0.3,0.068239737018978
0.3,0.0951671954144124
0.3,0.0660580593237691
0.3,0.0343474942186924
0.3,0.0449576556731865
0.3,-0.0166187433360618
0.3,0.059567121992029
0.3,0.064164412223236
0.3,0.00414717077761092
0.3,-0.0163200635428706
0.3,0.0496435516815662
0.3,0.0384251943228873
0.3,0.0799373486973514
0.3,0.0588105830489387
0.3,0.0173058034032835
0.3,0.0424707005329577
0.3,0.00385207852721799
0.3,0.0485988698853675
0.3,0.0431821020291756
0.3,0.0497350341564673
0.3,0.0654257242463917
0.3,0.0554542208709881
0.3,0.0466163824142481
0.3,0.0206941058238562
0.3,0.0486990100557957
0.3,0.0366698066452437
0.3,0.0680449908202437
0.3,0.0195517773159506
0.3,0.0305736628963463
0.3,0.0202382533627358
0.3,0.0387209185436622
0.3,0.0597042982307115
0.3,0.0327926209200817
0.3,0.0481667326861378
0.3,0.0563614380524543
0.3,0.0617510525557714
0.3,0.0466209015068594
0.3,0.0501387231848464
0.3,0.0805615583546557
0.3,0.041357121977499
0.3,0.0223024597242385
0.3,0.0510861196956337
0.3,0.0774215376152018
0.3,0.064105479372436
0.3,0.0532819446966168
0.3,0.0328198152299144
0.3,0.00446822246585513
0.3,0.0617086532344641
0.3,0.03509155836918
0.3,0.0711081624761673
0.3,0.0382080645098927
0.3,0.0607459196626725
0.3,0.0544219221989723
0.3,0.0447404672169399
0.3,0.0534400467890819
0.3,0.0594435559412701
0.3,0.0210773180137363
0.3,0.0132367938888273
0.3,0.0277382613280399
0.3,0.0616767496099711
0.3,0.0236522462970034
0.3,0.0515840445487312
0.3,0.0381570550531352
0.3,0.0440986061842717
0.3,0.0568313317216692
0.3,0.0690807643542711
0.3,0.0486122893130762
0.3,0.11083701406484
0.3,0.0121483922952364
0.3,0.0477079258230726
0.3,0.0692121597751509
0.3,0.0488289523230814
0.3,0.017183002193655
0.3,0.102436202302182
0.3,0.0351744167203427
0.3,0.0810993038179596
0.3,0.0485092254567662
0.3,0.0346027985231655
0.3,0.0404493071781619
0.3,0.0231733515605978
0.3,0.055286934390676
0.3,0.0439286004629972
0.3,0.0865257459254418
0.3,0.0445231900177956
0.3,0.0393055576213131
0.3,0.086810396076849
0.3,0.0120677623445577
0.3,0.017119004539057
0.3,0.0149947234946928
0.3,0.0205486256979312
0.3,0.00889452837031384
0.3,0.0345956741495904
0.3,0.00499611801723633
0.3,0.081441119325375
0.3,0.088599102724184
0.3,0.0581887371850918
0.3,0.0473695060652437
0.3,0.0217567047081199
0.3,0.0285825077123214
0.3,-0.0412162090548365
0.3,0.054688658071793
0.3,0.0491244246877289
0.3,0.00662687079180009
0.3,0.0690499650831997
0.3,0.0118257247087059
0.3,0.0366127608229435
0.3,0.028406930890447
0.3,0.0251796629284091
0.3,0.0757655409343604
0.3,0.0200584597321662
0.3,0.0519025396483365
0.3,0.0476629352075451
0.3,0.057010001706657
0.3,0.036274711529356
0.3,0.0168119869500711
0.3,0.037422200249228
0.3,0.0456876271228291
0.3,0.0317524054160344
0.3,-0.00711897233484198
0.3,0.0367387906114311
0.3,0.0544755090266289
0.3,0.0492215674890049
0.3,0.0255520611258172
0.3,0.0689654290913036
0.3,0.032185997224135
0.3,0.0632339042517338
0.3,0.037768291966303
0.3,0.0862450134380609
0.3,0.0529618890373853
0.3,0.0796247432175715
0.3,0.0347719630042916
0.3,0.0484063747241632
0.3,0.0615223714581252
0.3,0.0566621972873068
0.3,0.084407405351832
0.3,0.0550914689672245
0.3,0.0221641093644192
0.3,0.0529282794468865
0.3,0.000600975763451514
0.3,0.108130064366845
0.3,0.0562443503559564
0.3,0.0573216442296503
0.3,0.0427599073198122
0.3,0.0188587338699827
0.3,0.0240406373661866
0.3,0.0205737248987142
0.3,0.0330564847266073
0.3,0.0151084505258699
0.3,0.0504526103766157
0.3,0.0603684863738858
0.3,0.0490222245483358
0.3,0.0317723735192304
0.3,0.0737052666616228
0.3,0.0519272829056357
0.3,0.0245944914231023
0.3,0.0461856543850051
0.3,0.0381835177126034
0.3,0.0307134295277057
0.3,0.0299818214347735
0.3,0.053519962064158
0.3,0.0644267406800776
0.3,0.0869270594281591
0.3,0.0343259178536784
0.3,0.0234742662171822
0.3,0.0471498383798099
0.3,0.0405824057517195
0.3,0.0606144536467226
0.3,0.0251518129877316
0.3,0.0383519254430247
0.3,0.0304631978885008
0.3,0.0330100386474706
0.3,0.0580203589947334
0.3,0.0204411955054701
0.3,0.0167713089732288
0.3,0.0502859627328409
0.3,0.0221391732114965
0.3,0.0616569516255273
0.3,0.0294646075854511
0.3,0.00438101708810832
0.3,0.0459845844370944
0.3,0.038827212092161
0.3,0.057195969760943
0.3,0.0584989763413662
0.3,0.0689406485571187
0.3,0.0095343061014735
0.3,0.0403790627683273
0.35,0.0261416461691758
0.35,0.00346098595049056
0.35,0.0443545214652536
0.35,0.0726870161808066
0.35,0.0761993222327411
0.35,0.038239739151522
0.35,0.0869277691049654
0.35,0.0768847100565043
0.35,0.0504854526248372
0.35,0.031302116223356
0.35,0.0126149383186467
0.35,0.00836114833835664
0.35,0.0851287245352368
0.35,0.0607524135798839
0.35,0.054534371483452
0.35,0.073990636725674
0.35,0.0556553777605797
0.35,0.0772429335983379
0.35,-0.00312847797831947
0.35,0.0306741872632951
0.35,0.0731446183639987
0.35,0.0562725275729921
0.35,0.0112447642837732
0.35,0.0522092009223877
0.35,0.0457977986308085
0.35,-0.0101512199468709
0.35,0.0284797723580267
0.35,0.0468871404741033
0.35,0.0437566688475309
0.35,0.0327282407181575
0.35,0.0463194219070639
0.35,0.0176361606508183
0.35,0.0773018134751053
0.35,0.0298850935597421
0.35,0.0325143567807394
0.35,0.0407854659750583
0.35,0.061340010782197
0.35,0.029624835148198
0.35,0.0487183471886698
0.35,0.0247748220679229
0.35,0.00318126429905146
0.35,0.0535947591218512
0.35,0.0422264032458968
0.35,0.0836516993648974
0.35,0.0135466497217562
0.35,0.0455781594014459
0.35,0.0564517158058734
0.35,0.105613580888004
0.35,0.0423187899803811
0.35,0.0661440693124065
0.35,0.0239217046830747
0.35,0.0453256667087185
0.35,0.0327732241882101
0.35,0.0746379636584096
0.35,0.048151248620018
0.35,0.0325445332928038
0.35,0.0829419567384935
0.35,0.0269452206187199
0.35,0.0332696149918338
0.35,0.0367284957132227
0.35,0.0649045114429777
0.35,0.0655435269643927
0.35,0.0886916500621176
0.35,0.0421890003857436
0.35,0.0584222785050742
0.35,0.0197657117687567
0.35,0.0315241012657721
0.35,0.0263384045869904
0.35,0.0472287562813868
0.35,0.0441766747299899
0.35,0.0751858305822208
0.35,0.00108810843250142
0.35,0.0415756653351816
0.35,0.0659556888660508
0.35,0.0782669580532059
0.35,0.00245967029357078
0.35,0.0429493057445165
0.35,0.0774296920767786
0.35,0.040647005425084
0.35,0.0378114470380624
0.35,0.048910580802834
0.35,0.0535037782307513
0.35,0.0804848469593692
0.35,0.0596520855577098
0.35,0.064536484123249
0.35,0.0413464636854093
0.35,0.0608664755130955
0.35,0.0635367690879617
0.35,0.0669891684923443
0.35,0.0890307967750847
0.35,0.0341340942104794
0.35,0.0743432518131698
0.35,0.0163342029940698
0.35,0.000712461890733991
0.35,0.0531135678680642
0.35,0.0531158354904944
0.35,0.0736682873236413
0.35,0.101197975581892
0.35,0.0395249717180728
0.35,0.0657939247369549
0.35,0.0973618481189211
0.35,0.00824061281628447
0.35,0.0651084400770617
0.35,0.0434064464069393
0.35,0.0334012286017835
0.35,0.0815977460073793
0.35,0.0593696334887583
0.35,0.0662000860495168
0.35,0.00817065276640037
0.35,0.0505236755826464
0.35,0.0759493169216114
0.35,0.0466444539174076
0.35,0.0803243391939652
0.35,0.0282413492001536
0.35,0.0584132153737335
0.35,0.0752764274754751
0.35,0.0670852539779968
0.35,0.0719237847121226
0.35,0.0242246587843355
0.35,0.0606584087806147
0.35,0.0379668501768879
0.35,0.0846682809168623
0.35,0.035308538387934
0.35,0.0581776793151367
0.35,-0.000711082048323492
0.35,0.0222602537780307
0.35,0.0706725179137641
0.35,0.0447996711900892
0.35,0.0347190545375493
0.35,0.0570604584774529
0.35,0.0326798284372236
0.35,0.0164936065206839
0.35,0.0346279583510617
0.35,0.0289307575877798
0.35,0.0270783534968429
0.35,0.0477801948893539
0.35,0.0395447062438288
0.35,0.0759701332692055
0.35,0.0432295385299673
0.35,0.0935963105565185
0.35,0.0198873059134325
0.35,0.053882845146414
0.35,0.0685150770468214
0.35,0.038930802778744
0.35,0.0632386799410586
0.35,0.0318558420815176
0.35,0.0565088413546295
0.35,0.0201660846801583
0.35,0.0427848831957293
0.35,0.0575467236610469
0.35,0.0770187839715034
0.35,0.0661363669017165
0.35,0.0556538578493029
0.35,-0.0145047903025867
0.35,0.027112099101176
0.35,0.0487863515638952
0.35,0.062293996200999
0.35,0.0374542551406079
0.35,0.0555640889082724
0.35,0.0733521504859083
0.35,0.03701141805704
0.35,0.0180924296087107
0.35,0.100994996914691
0.35,0.00866987419150435
0.35,0.0563084552018252
0.35,0.0388690118779136
0.35,0.0491228976006012
0.35,0.0601188730895243
0.35,0.0378891256523172
0.35,0.0455047062048963
0.35,0.0183639335765872
0.35,0.0665159837014315
0.35,0.0181408025725737
0.35,0.0334084731468701
0.35,0.0286370901197521
0.35,0.0220716469475928
0.35,-0.0205383596420104
0.35,0.0308128333943327
0.35,0.073268107651367
0.35,0.0150975321690523
0.35,0.0560844247823368
0.35,0.023949321239067
0.35,0.046254746417651
0.35,0.061557587756703
0.35,0.00281494164968179
0.35,0.046007127317777
0.35,0.0127009933648064
0.35,0.0309492139757854
0.35,0.0688917820941954
0.35,0.0752937131526398
0.35,0.0716530934710231
0.35,0.082803871729332
0.35,0.0491333426814315
0.35,0.0241222510830608
0.35,-0.00178643022544862
0.35,0.053068732005284
0.35,0.016531086990497
0.35,-0.010600002813062
0.35,0.102845091195502
0.35,0.0527850684465199
0.35,0.0538318143628257
0.35,0.0541407434039284
0.35,0.0221766863093809
0.35,0.102561932577277
0.35,0.0371771246039922
0.35,0.034245637407364
0.35,0.0295792466020942
0.35,0.0343043411435599
0.35,0.0721614653076969
0.35,0.0461785467361586
0.35,0.0433316841730213
0.35,0.0187018554294515
0.35,0.0242541684295051
0.35,0.0590096009339305
0.35,0.0206004518997484
0.35,0.0113387234552963
0.35,0.041062774273161
0.35,0.00919372951571078
0.35,0.0335217301423504
0.35,0.0179780578965213
0.35,0.0471911830560707
0.35,0.0400204360005654
0.35,0.0371247411543772
0.35,0.0621254882833524
0.35,0.0307099280158548
0.35,0.0560923839476443
0.35,0.0488760276147076
0.35,0.0242923881425694
0.35,0.0014366632629772
0.35,0.0493102064849953
0.35,0.0331757608330722
0.35,0.056250197001073
0.35,0.0580797016371099
0.35,0.0433103789812724
0.35,0.0750976046208677
0.35,0.0375116769074546
0.35,0.0569494496488171
0.35,0.0582033376382077
0.35,0.0244099156542654
0.35,0.0540403538640084
0.35,-0.0102534653215468
0.35,0.0630780984067799
0.35,0.0355524278142095
0.35,0.00427799609842597
0.35,0.0439313731212143
0.35,0.0666783491454534
0.35,0.0387539237764953
0.35,0.0573278182500188
0.35,0.0398410136193873
0.35,0.0174438359820443
0.35,0.041009854132814
0.35,0.0650638587903503
0.35,0.117813735097509
0.35,0.00735266945828056
0.35,0.0712386893239022
0.35,0.00596239381069566
0.35,0.0343993660589257
0.35,0.0395561505998478
0.35,0.00537739757382197
0.35,0.0563115646322838
0.35,0.0123526140393655
0.35,0.023619555300804
0.35,0.0837178245567241
0.35,0.0923175798729246
0.35,0.0714706875675657
0.35,0.0487443998463776
0.35,0.0628372369691397
0.35,0.0459537866352782
0.35,0.098162714186808
0.35,0.0817663258643271
0.35,0.0128193143336489
0.35,0.068279901049593
0.35,0.0246833934808362
0.35,0.0448805942134254
0.35,0.048734413487755
0.35,0.0652051481607926
0.35,0.0169246747687371
0.35,0.0365208670750003
0.35,0.0801003072177084
0.35,0.0738489262145713
0.35,0.0183499366262231
0.35,0.0454767418527762
0.35,0.0614067694091907
0.35,0.0402423738575191
0.35,0.0618872975757466
0.35,0.0123139972889525
0.35,0.0482196606681683
0.35,0.0712004922088395
0.35,0.0752535635921589
0.35,0.0472577454179953
0.35,0.0040084633282328
0.35,0.0480768864268524
0.35,0.0450969566007754
0.35,0.039447408733264
0.35,0.080479317484993
0.35,0.0265493756321029
0.35,0.0528155764502017
0.35,0.0192446297872969
0.35,0.0677758593208982
0.35,0.0654213787564096
0.35,0.0337592669262367
0.35,0.0716147270650289
0.35,0.0414971749573939
0.35,0.0536318832915392
0.35,0.0599619551157794
0.35,0.0116361536903697
0.35,0.1083603271132
0.35,0.0369469517641945
0.35,0.034033657008727
0.35,0.0457683443803611
0.35,0.028592427915765
0.35,0.0333988591368177
0.35,0.0544909798851236
0.35,0.0207138065555634
0.35,0.0233420333324588
0.35,0.0565084122833407
0.35,0.0447738868309226
0.35,0.0728832456506453
0.35,0.0472008324496641
0.35,0.0431902428702826
0.35,0.0597437283699221
0.35,0.0244739791793334
0.35,-0.020503614732541
0.35,0.0895533802035111
0.35,0.0274872930763396
0.35,0.0310309845583099
0.35,-0.00807327329642849
0.35,0.0643024181173654
0.35,0.0190034496205315
0.35,0.0452902371545593
0.35,0.0275206223291124
0.35,0.0915526914371792
0.35,0.0459490622433529
0.35,0.0351069009532098
0.35,0.0744394920063695
0.35,0.0788548097064526
0.35,0.0684553808223957
0.35,-0.0196166648784397
0.35,0.0217726379503728
0.35,0.00681921792697827
0.35,0.0620589219036379
0.35,0.0692131938401599
0.35,0.0455672118199885
0.35,0.0464116842911515
0.35,0.0571541217680847
0.35,0.0127954163979793
0.35,0.0619198930420645
0.35,0.122983038268961
0.35,0.0241758157589279
0.35,0.0582252497683884
0.35,0.0394916950055864
0.35,0.029145355309514
0.35,0.0459775996777561
0.35,0.0480982303078001
0.35,0.0437181080413792
0.35,0.0712511071408851
0.35,0.0462809672790838
0.35,0.0476188749318593
0.35,0.00790871569025838
0.35,0.0571699344301895
0.35,0.00865014322362347
0.35,0.00738370306130446
0.35,-0.000787806429945248
0.35,0.0349593757346211
0.35,0.0649100386279434
0.35,0.0123018740746643
0.35,0.00509570558249726
0.35,0.0138236881155273
0.35,0.0560622239093077
0.35,0.0926581435874215
0.35,0.055144253929916
0.35,0.00927557472590631
0.35,0.0384040237395196
0.35,0.096929995394184
0.35,0.0764924009134616
0.35,0.0276046519556514
0.35,0.0209087902008074
0.35,0.0652129047609126
0.35,0.0495027104350024
0.35,0.0395737070963387
0.35,0.059601054769613
0.35,0.0287743090040511
0.35,0.0669226993133206
0.35,0.0612767916819063
0.35,-0.00810435622370961
0.35,0.0339868034053655
0.35,0.0701883037660272
0.35,0.0838593391936762
0.35,-3.99661461651264e-05
0.35,0.0317421448014577
0.35,0.041151650707348
0.35,0.0578195204827951
0.35,0.0454395873162124
0.35,0.0621370565115674
0.35,0.0664668094603476
0.35,0.0467640573754342
0.35,0.0797683046879446
0.35,0.0544489277974333
0.35,0.0230498457139436
0.35,0.0211726776924412
0.35,0.0566669335278059
0.35,0.0889182346738742
0.35,0.0349877110040316
0.35,0.03164805407149
0.35,0.0050495396376438
0.35,0.021822270453555
0.35,0.0268759766280506
0.35,0.0129675650642999
0.35,0.0334519961831235
0.35,0.0229986681729215
0.35,0.0418445737981315
0.35,0.0424595514427312
0.35,0.0767122052495515
0.35,0.0411540784857183
0.35,0.0154534668035691
0.35,0.0973060790113425
0.35,0.0272442606904496
0.35,0.0381965594222128
0.35,0.0358630628032255
0.35,0.0557162468169106
0.35,0.068770796871594
0.35,-0.0014721166142664
0.35,0.0723407800556133
0.35,0.0681301282760904
0.35,-0.00529839831977922
0.35,0.0560934602262491
0.35,0.0424547465568114
0.35,0.027838388981394
0.35,0.0327564969193334
0.35,-0.00315932961151721
0.35,0.103385083368939
0.35,0.0900762700087669
0.35,0.0617059454816954
0.35,0.0232540308093836
0.35,0.0498517846531386
0.35,0.0443308706977186
0.35,-0.00611300306191353
0.35,0.028879483752363
0.35,0.0138478830143071
0.35,0.0322183989104351
0.35,0.0579275383767988
0.35,0.0578216583501705
0.35,0.0515535900452375
0.35,0.0147058197304383
0.35,0.0403518694010492
0.35,0.0555468811771695
0.35,0.0481459712048589
0.35,0.0938569373897293
0.35,0.0152194317421899
0.35,-0.00318638487016248
0.35,-0.00413530112917877
0.35,0.0620849487270437
0.35,0.0285085472654126
0.35,0.0248534210042552
0.35,0.069469408084754
0.35,0.0487463919156224
0.35,0.0610151983142908
0.35,0.0681703991350855
0.35,0.0473931742834123
0.35,0.0586789200324504
0.35,0.0331838695378597
0.35,0.0166922378666735
0.35,0.0593818117844634
0.35,0.0689621888275667
0.35,0.0267562895072043
0.35,0.0775345661613496
0.35,0.0233321986157206
0.35,0.0504111758933616
0.35,0.0401717956160032
0.35,-0.01483408218851
0.35,0.0641361917082073
0.35,0.0360484955522901
0.35,0.0205383355669386
0.35,0.0510862023788402
0.35,0.0286702300514825
0.35,0.0109834405122964
0.35,0.0761366758643093
0.35,0.0373737541836458
0.35,0.0195769553879871
0.35,0.0985091615246257
0.35,0.0428237281404544
0.35,0.0766920853493015
0.35,0.0371005334635392
0.35,0.0432779945915417
0.35,0.0805824273467003
0.35,0.0620180352145999
0.35,0.0275347581773392
0.35,0.0540669291817054
0.35,0.0726344060326964
0.35,0.0479407633593574
0.35,0.0497993124548913
0.35,0.0653288638237889
0.35,0.0719878471692301
0.35,0.0519918628815774
0.35,0.0780280943114828
0.35,0.033369416356435
0.35,0.114921565552674
0.35,0.0424892682156119
0.35,0.0667162516826474
0.35,0.0576705379221971
0.35,0.086578835172161
0.35,0.0466746863698154
0.35,0.0267779517269462
0.35,0.0834653116541973
0.35,0.018520284496213
0.35,0.0414811592723034
0.35,0.024734015321453
0.35,0.0457371730816556
0.35,0.0713158823299196
0.35,0.0642833129031792
0.35,0.063714133233066
0.35,0.0507807108304781
0.35,0.0408191689550047
0.35,0.0239733629270247
0.35,0.07288338219694
0.35,0.0453256437270977
0.35,0.0279432493563578
0.35,0.0615702016810506
0.35,0.0467425029662614
0.35,-0.0213629134184385
0.35,0.0245147759467781
0.35,0.063990068585233
0.35,0.0710798348561236
0.35,0.0285801830511816
0.35,0.0646021655132742
0.35,0.0146563430086262
0.35,0.0224377014020255
0.35,-0.0121248800525741
0.35,0.050667025852103
0.35,0.0392618675905868
0.35,0.0825551029446546
0.35,-0.0159067373248102
0.35,0.0553123495534717
0.35,0.0195689195490587
0.35,0.0926370456828855
0.35,0.0543884823023675
0.35,0.0819341761111473
0.35,0.04257388157212
0.35,0.0694364838424417
0.35,0.0259217943509141
0.35,0.0572774208139046
0.35,0.0258369235173705
0.35,0.0309740404720378
0.35,0.00807171873761151
0.35,0.0119003889155537
0.35,0.0272998397369351
0.35,-0.0259977597660719
0.35,0.0731206839253975
0.35,0.0545445066241406
0.35,0.0952691028591169
0.35,0.0298517557605444
0.35,0.0538484832136198
0.35,0.0290547632910188
0.35,0.0650586381133284
0.35,0.100381144004273
0.35,0.0325127600840194
0.35,0.0504857418494551
0.35,0.0457135918803252
0.35,0.0801764522616606
0.35,-0.0132000586636469
0.35,0.0136205746787105
0.35,0.0222598174182141
0.35,0.0676767930871053
0.35,0.0665677459601989
0.35,0.00664781646532373
0.35,0.054527969214815
0.35,0.0387001196315298
0.35,0.0790466325571797
0.35,0.0507532351893026
0.35,-0.00576298673785407
0.35,0.0546282280840566
0.35,0.0104456191576795
0.35,-0.024181324147294
0.35,0.0559395579855772
0.35,0.0457812544303496
0.35,0.0616496640377746
0.35,0.0334438717287259
0.35,0.0342060201014987
0.35,0.014030644740471
0.35,0.0191978110582587
0.35,0.0127624174714587
0.35,0.0343479067113675
0.35,0.025812997851775
0.35,0.0117720757257035
0.35,0.0223355705624358
0.35,0.0344525464266609
0.35,0.0116935722228067
0.35,0.0458069846447956
0.35,0.0337349710158446
0.35,0.0379731593965978
0.35,0.0340109758524583
0.35,0.0638395749164503
0.35,0.0319454269090966
0.35,0.0176313916356663
0.35,0.0105542919481613
0.35,0.0679044597996775
0.35,0.0546629514620924
0.35,0.0451596863910377
0.35,0.0387774299586292
0.35,0.0155078327096096
0.35,0.0295238963411169
0.35,0.07152180741209
0.35,0.0220984709384256
0.35,0.0461912897272304
0.35,0.0681520762866833
0.35,0.0397945365945706
0.35,0.0407036359615546
0.35,0.00839431271507713
0.35,0.0371609905951691
0.35,0.0169713657041183
0.35,0.0831851979585401
0.35,0.0324991805960703
0.35,0.0618625504031873
0.35,0.0339368626291465
0.35,0.0275205984130175
0.35,0.0594707735693017
0.35,0.0126832183278227
0.35,0.0750270348781705
0.35,0.068684288388188
0.35,0.0245321916244479
0.35,0.0259960163780005
0.35,0.0457766372276136
0.35,0.0111974222908069
0.35,0.0329561154756801
0.35,-0.00426425467553823
0.35,0.0261097066401859
0.35,0.0701569051814669
0.35,0.00123391301304326
0.35,0.0260814944325739
0.35,0.0633802493835192
0.35,0.0443020153891007
0.35,0.0614390287495573
0.35,0.0917148255387842
0.35,0.0833640847979603
0.35,0.0310043211390103
0.35,0.0659006488868378
0.35,-0.00286048103507221
0.35,-0.00822625414674111
0.35,0.0276394435657323
0.35,0.00871354584714841
0.35,0.0360297741246525
0.35,0.0320134811840006
0.35,0.0444150125227384
0.35,0.0880637062012283
0.35,0.0437171319753808
0.35,0.0405432614103563
0.35,-0.00434192780259532
0.35,0.0591052840338376
0.35,0.027206396852897
0.35,0.0194207645622208
0.35,0.0652292001400521
0.35,0.071253172959677
0.35,0.0667945559328206
0.35,0.0385484599088375
0.35,0.0669076215255979
0.35,0.039613064534442
0.35,0.0459614519784058
0.35,0.0583702415613081
0.35,0.0140381580089971
0.35,0.0465094954046465
0.35,0.0695087421324791
0.35,0.0317965947379109
0.35,0.00313140387322735
0.35,0.0355374731246657
0.35,0.0106302548750039
0.35,0.0426021565223911
0.35,0.0213419654867073
0.35,0.0733982962643508
0.35,0.0507552730478197
0.35,0.0617574919150903
0.35,0.0142209450763042
0.35,0.0215209853631055
0.35,0.0680480622062418
0.35,0.0439163304840338
0.35,0.0366137992151922
0.35,0.086033799048196
0.35,0.0821988300831089
0.35,0.0504363762681245
0.35,0.0446156349279054
0.35,0.0685252908216974
0.35,0.0124928875049849
0.35,0.0262981678598749
0.35,0.0430814012380895
0.35,0.0215937584079832
0.35,0.0497408461663551
0.35,0.021208658979636
0.35,0.0896409457544426
0.35,0.0731715454926801
0.35,0.0365522627436635
0.35,0.0716237057477779
0.35,0.0312236108367628
0.35,0.0681850440317596
0.35,0.0291118097891168
0.35,0.0657195043061251
0.35,0.0351086028363938
0.35,0.0859179058125228
0.35,0.076723829439487
0.35,0.0682172123003002
0.35,0.059720439008191
0.35,0.0334324940701395
0.35,0.0645155841192653
0.35,0.0293329448915842
0.35,0.0159211469263281
0.35,0.0378841688344514
0.35,0.0448662238020572
0.35,0.0629056180816708
0.35,0.0016311155445194
0.35,0.0711253246401927
0.35,0.0529143090414004
0.35,0.0365797656076594
0.35,-0.0169261139609639
0.35,0.0395528031455477
0.35,0.0599076471715331
0.35,0.0756347554213229
0.35,0.0449709815206949
0.35,0.0583719113920168
0.35,0.0134177245272913
0.35,0.00685218356788347
0.35,0.0597683130018591
0.35,0.0419026722393812
0.35,0.0775480741201579
0.35,0.0789511116454457
0.35,0.0758038648320267
0.35,0.0623539380834999
0.35,0.07051162298505
0.35,0.0868789086276844
0.35,0.0762329995263053
0.35,0.0378112783701446
0.35,0.0407526073572573
0.35,0.0305254586829279
0.35,0.0375528490761003
0.35,0.0165178204719901
0.35,0.0722185767525972
0.35,0.0763545749824114
0.35,0.0437127816104231
0.35,0.0414452117759842
0.35,0.0764538140331831
0.35,0.0164312253117554
0.35,0.0371008196977579
0.35,0.0507638545052439
0.35,0.0499978853697267
0.35,0.00698767901221336
0.35,0.0738310402276934
0.35,0.0487101775224702
0.35,0.0416951804660631
0.35,0.0595457424045992
0.35,0.0307928381264405
0.35,0.0320622810290984
0.35,0.0380932977911552
0.35,0.020556042320367
0.35,0.102550965967256
0.35,0.0413908860594063
0.35,0.0830588507557962
0.35,0.0255162518216092
0.35,0.0517682661220591
0.35,0.0668404935808535
0.35,0.0345820565047672
0.35,0.0735313668202988
0.35,0.0588083346520028
0.35,0.0339585281783111
0.35,-0.00385154583714221
0.35,0.0140037738526045
0.35,0.0443699257558555
0.35,0.0929809993942781
0.35,0.0263567299204763
0.35,0.0267971005801257
0.35,0.00615726584833808
0.35,0.0639559423948939
0.35,0.0779345176059712
0.35,0.022538970329326
0.35,0.0524193946142831
0.35,0.0869906456212054
0.35,0.0773258818523754
0.35,0.0553897835825303
0.35,0.0560570230429194
0.35,0.0266957115716614
0.35,0.00228220553546212
0.35,0.0309938334612381
0.35,0.0187388882118363
0.35,0.0106558244554298
0.35,0.0548339448743441
0.35,0.0399522223755428
0.35,0.0448823859888476
0.35,0.0289798427267077
0.35,0.0270384942406774
0.35,0.0497615258190721
0.35,0.0294065174997605
0.35,0.0597184777014443
0.35,0.0224505465899417
0.35,0.0660126811773566
0.35,0.0817540216278768
0.35,0.049423716577487
0.35,0.012798029002616
0.35,0.0349714787230146
0.35,0.0906692408616998
0.35,0.0468981847958905
0.35,-0.00152797396235749
0.35,0.0354491594008039
0.35,0.0382709127376406
0.35,0.094770193547376
0.35,0.0742487213605
0.35,0.084895678014575
0.35,0.0570172985488932
0.35,0.0628729684214576
0.35,0.0174289218358679
0.35,0.0322256443670434
0.35,0.0348126801063165
0.35,0.0614979648772247
0.35,0.0209357007504995
0.35,0.0548774985772604
0.35,0.0426551484150975
0.35,0.0934852410353713
0.35,0.0862758011218067
0.35,0.0836835977068636
0.35,0.0425938757970519
0.35,0.0335234137081974
0.35,0.0466174410186921
0.35,0.0164475117126486
0.35,0.0342319173107878
0.35,0.0226983750290518
0.35,0.0309370548363955
0.35,0.0371945351243196
0.35,0.0530574763515347
0.35,-0.00598730167189406
0.35,0.0860063520871072
0.35,0.0471469050572786
0.35,0.0577161426771222
0.35,0.037154444989166
0.35,0.028720834546062
0.35,0.0128326124588733
0.35,0.00787853164338533
0.35,0.0651452086444781
0.35,0.0660955625174125
0.35,0.0556330479538721
0.35,0.0243668654243868
0.35,0.0684114012430391
0.35,0.00923108095405899
0.35,0.0503059346707565
0.35,0.0125135241756836
0.35,-0.00808234922518254
0.35,0.0773826886940493
0.35,0.0590539026421625
0.35,0.0441894834022873
0.35,0.0447627701336981
0.35,0.0414367375721788
0.35,0.0637249235943977
0.35,0.0541892962614824
0.35,0.0360472076129743
0.35,-0.00958111512712519
0.35,0.0419315863789831
0.35,0.0400653139196945
0.35,0.0129298802785234
0.35,0.0597220963952363
0.35,0.0717327061794458
0.35,0.0553346258901452
0.35,0.0624589285994352
0.35,0.0613697825265943
0.35,0.0544167734866144
0.35,0.0219878735567973
0.35,0.0918294509505741
0.35,0.0329681568107776
0.35,0.0363368977828892
0.35,0.0856048087381672
0.35,0.0183506926650605
0.35,0.0527470440993532
0.35,-0.0203409070431555
0.35,0.0182346282692932
0.35,0.0400495116784864
0.35,0.0179705326339368
0.35,0.0582423849761245
0.35,0.0613412389440237
0.35,0.0442008245163171
0.35,0.00983165473395192
0.35,0.0782748181569791
0.35,0.0516733547587871
0.35,0.0794527546586098
0.35,0.0822041976082297
0.35,0.0332817228092948
0.35,0.0361918285101005
0.35,0.00761542024410002
0.35,0.0148047231880382
0.35,0.0922652213605578
0.35,0.0490154755954156
0.35,0.0685903919300599
0.35,0.0521392724876042
0.35,0.0297387473449128
0.35,0.0582334695088304
0.35,0.035205675921215
0.35,0.0484359754759577
0.35,0.0532536549660844
0.35,0.0435072724690682
0.35,0.0604057027196405
0.35,0.0461067350861717
0.35,0.0211296903948958
0.35,0.083683496593163
0.35,0.0419623524175116
0.35,0.020779019175798
0.35,0.0138247030207688
0.35,0.0602000471240314
0.35,0.0320138898124471
0.35,0.057257721432484
0.35,0.00947690878943848
0.35,0.0806833861857575
0.35,0.0611857148728965
0.35,0.0545334853478118
0.35,0.0415788322460137
0.35,0.0457376225739915
0.35,0.0292431768582277
0.35,0.0595862228566251
0.35,0.0179702213844773
0.35,0.0145196727248236
0.35,0.0450417467812381
0.35,0.0692817654267695
0.35,0.0614128857216822
0.35,0.0834277725284683
0.35,-0.00114031761832563
0.35,0.0891790632919813
0.35,0.028454050007461
0.35,0.0414639967821583
0.35,0.0296867310759704
0.35,0.0504184311206789
0.35,0.0610695341752774
0.35,0.043296966526169
0.35,0.0353411777399966
0.35,0.0412322059095982
0.35,0.0620276181634096
0.35,0.0309310654974356
0.35,0.100390638237227
0.35,0.0492886979331228
0.35,0.0390514478813157
0.35,0.0515998554959161
0.35,-0.0285950100349821
0.35,0.0633090463699712
0.35,0.0736117119867006
0.35,0.0389895171487407
0.35,0.0437683508386616
0.35,0.0350251182598129
0.35,0.0643327654337973
0.35,0.0793133369843688
0.35,0.0282017791045929
0.35,0.0609331787490299
0.35,0.0383780030907075
0.35,0.0201093576315318
0.35,0.0376418447511226
0.35,0.0626411103793317
0.35,-0.00884752071335075
0.35,0.0545019630857184
0.35,0.0647006421127859
0.35,0.046339771544214
0.35,0.0279020281071419
0.35,0.0186549591889401
0.35,0.044482990090484
0.35,0.073028482114829
0.35,0.0471599361111805
0.35,0.0510050707467164
0.35,0.0245714855260816
0.35,0.0369727269426424
0.35,0.0483196536357075
0.35,0.0493990312279912
0.35,0.0588175361203574
0.35,0.0352998595970218
0.35,0.0521596857634352
0.35,0.0321128416728648
0.35,0.0616085974909172
0.35,0.0187204877164344
0.35,0.0227804742356268
0.35,0.0679519858080438
0.35,0.0505871812762947
0.35,-0.00183888941207877
0.35,0.0548965653172784
0.35,0.0599317771990046
0.35,-0.0125749170264715
0.35,0.0325228383203099
0.35,0.0472272503874998
0.35,0.0841294099464225
0.35,0.0378658112157443
0.35,0.0578496560335193
0.35,0.0599995527761082
0.35,0.0590386768601374
0.35,0.0120934851235409
0.35,0.010257662795409
0.35,0.0413080847894667
0.35,0.0564426160354485
0.35,0.0468024330468944
0.35,0.0265899725302022
0.35,0.0129186384261795
0.35,0.0501170399973765
0.35,0.0457996683473891
0.35,0.0644434086228532
0.35,0.065798472938732
0.35,0.0404546036050338
0.35,-0.0146119150572156
0.35,0.068650114588336
0.35,0.0179272562791533
0.35,0.0676829497927244
0.35,0.0665733588593037
0.35,0.0617673987912958
0.35,0.0104179316514824
0.35,0.032363893835813
0.35,0.0416568529703034
0.35,0.102299942310661
0.35,0.0264016846779965
0.35,0.092498157597835
0.35,0.0585135781580626
0.35,0.104220871443044
0.35,0.0405814683505654
0.35,0.0573082613720609
0.35,0.0184084474754343
0.35,0.0591781305393392
0.35,0.0583120930884973
0.35,0.0514803000557063
0.35,0.0290257049527853
0.35,0.013460761424454
0.35,0.0167128145538012
0.35,0.049558511344397
0.35,0.0883127551421964
0.35,0.0779185787052489
0.35,0.0326328581589823
0.35,0.059004978450284
0.35,0.0453593138452274
0.35,0.0490440147118505
0.35,0.032895229398445
0.35,0.0529968379190092
0.35,0.0479465964804358
0.35,0.0635081740454116
0.35,-0.0156547954176454
0.35,0.0485409472842293
0.35,0.00255599430626396
0.35,0.0792763575154165
0.35,0.0722359161376259
0.35,0.0776798227990611
0.35,0.0282600820040598
0.35,0.0485805498567503
0.35,0.0493736446906304
0.35,-0.00308508427412318
0.35,0.032873204491479
0.35,0.0741506193820732
0.35,0.0486872226565157
0.35,0.0874053344687713
0.35,0.0942736953714599
0.35,0.0266004128217063
0.35,-0.0229343178196311
0.35,0.050582952546923
0.35,0.0358103640390446
0.35,0.0423257468841137
0.35,0.0214376690117091
0.35,0.0616501772150162
0.35,0.0730921388532461
0.35,0.0272771367371855
0.35,0.056850432451466
0.35,0.028234887708683
0.35,0.0378671429159235
0.35,0.0710215702527828
0.35,0.077676716763634
0.35,0.0414320475430872
0.35,0.0637591007032304
0.35,0.0557647862923527
0.35,0.0447915505552755
0.35,0.0126956040254091
0.35,0.0310429374855188
0.35,0.0412565833026847
0.35,0.0699458116293767
0.35,0.0407618952127811
0.35,0.014934641202145
0.35,0.0442958615103234
0.35,0.0166405719703341
0.35,0.0387276293639792
0.35,0.0790859628036016
0.35,0.0623572344294576
0.35,0.0780637092114061
0.35,-0.017959780271646
0.35,0.0866078561019888
0.35,0.0178286564771467
0.35,0.0627845589879866
0.35,0.04971259402474
0.35,0.060046174516685
0.35,0.0119751114611956
0.35,0.0868849665489446
0.35,0.0488785751158467
0.35,0.0672938890259397
0.35,0.0420748118402898
0.35,0.046193622881605
0.35,0.00576751570998542
0.35,0.00442406120174701
0.35,0.0119586483105306
0.35,0.0722246708446521
0.35,0.0959538525484534
0.35,0.0485210323175474
0.35,0.0758082539175243
0.35,0.0131873565281475
0.35,0.108141165528292
0.35,0.035446325101679
0.35,0.0156389810688044
0.35,0.0667996971536872
0.35,0.0770405249362483
0.35,0.0644486622060077
0.35,0.0480154670000124
0.35,0.0676588179428645
0.35,0.0355853457415176
0.35,0.0312366600311884
0.35,0.0189767495328038
0.35,0.018005673200439
0.35,0.0137844433173459
0.35,0.0595635522628328
0.35,0.0676340670326061
0.35,0.0455279028931595
0.35,0.0163549627659481
0.35,0.061990482865293
0.35,-0.0153198057900186
0.35,0.0293577544818602
0.35,0.0565322029883391
0.35,0.044974844908169
0.35,0.0748527366614051
0.35,0.0350221603638568
0.35,0.0677372125755449
0.35,0.0767955012811124
0.35,0.0730711863071863
0.35,0.06874049353566
0.35,0.0398933817085055
0.35,0.0519057904067973
0.35,0.0557926484234159
0.35,0.0635492585291883
0.35,0.0412337038823466
0.35,0.0212215662679582
0.35,0.0746892607522709
0.35,0.0880782211287944
0.35,0.0562186569062177
0.35,0.0518530027055948
0.35,0.0629663293015832
0.35,0.0409525050061744
0.35,0.0631753883354157
0.35,0.0525465858282889
0.35,0.0548085250954847
0.35,0.0760085310416036
0.35,0.049170107696913
0.35,0.0446482381035499
0.35,0.0224582564647379
0.35,0.0644436723523482
0.35,0.0299427983622038
0.35,0.0240784092019922
0.35,0.0761222388801241
0.35,0.0404582303776382
0.35,0.0251077184547748
0.35,0.0293219570932837
0.35,0.0786480596431535
0.35,0.0274251434199373
0.35,0.00851188377798492
0.35,0.0604518123909406
0.35,0.0218783357487965
0.35,0.0453777299800429
0.35,0.0528197397869941
0.35,0.0757663707168735
0.35,0.0291620943654177
0.35,0.0551194027371686
0.35,0.0290546565494443
0.35,0.0385126064316395
0.35,0.0523761914335439
0.35,0.0717146212769209
0.35,0.0390905068854711
0.35,0.061704851038697
0.35,-0.0133469948267575
0.35,0.0470900483147181
0.35,0.0492382857438314
0.35,0.0231668324643036
0.35,0.0883960747978172
0.35,0.0330989933020112
0.35,0.0699316492625586
0.35,0.0915060560444723
0.35,0.0134393663601854
0.35,0.053345738073892
0.35,0.0502246729597103
0.35,0.0171845769474262
0.35,0.0784628252421578
0.35,0.0325469040709114
0.35,0.0418695185116865
0.35,0.0304515234654114
0.35,0.0226313880875866
0.35,0.0181186842424487
0.35,0.0283983239514998
0.35,0.0399327246774288
0.35,0.0740402443799086
0.35,-0.000898384164586344
0.35,0.01562354634474
0.35,0.0568874290555386
0.35,0.0244388180399014
0.35,0.0695569664702839
0.35,0.06063466038917
0.35,0.0182987945119584
0.35,0.0621961157097672
0.35,0.0472997880873449
0.35,0.0175705375914317
0.35,0.0267831876440067
0.35,0.0560225387376133
0.35,0.0766901583882415
0.35,0.0633388781509951
0.35,0.0553263494570427
0.35,0.0313778078912459
0.35,0.0922449668372337
0.35,0.0451130870253113
0.35,0.0881400971038878
0.35,0.00535595523101308
0.35,0.0977733624342394
0.35,0.0249584821239124
0.35,0.0915946882988541
0.35,0.0506469500198087
0.35,0.0539812014302004
0.35,0.0522705135730194
0.35,0.0671294396515695
0.35,0.0465991053420919
0.35,0.0745308988020611
0.35,0.0340240901093408
0.35,0.0203672217301517
0.35,0.0542363940937032
0.35,0.0533723046162656
0.35,0.0161372782607889
0.35,0.0362590118701939
0.35,0.0719274095341599
0.35,0.0293164731426143
0.35,0.0724739940145947
0.35,0.054708441211894
0.35,0.0141367514975536
0.35,0.0493364484837267
0.35,0.0257546090553008
0.35,0.0617984167478275
0.35,0.0134048759892586
0.35,0.0546311686618228
0.35,0.0202745436617798
0.35,0.0557970282464882
0.35,0.043384491231232
0.35,0.0629363618787142
0.35,0.0489689137545735
0.35,0.0699090133680303
0.35,0.00958280540537986
0.35,0.0722832764194783
0.35,0.0583963763068962
0.35,0.0469330744698403
0.35,0.0376619069999212
0.35,0.0107365854907232
0.35,0.0399989624612564
0.35,0.0427036526919442
0.35,0.0769330237782957
0.35,0.0643512574470016
0.35,0.029625468387499
0.35,0.0744993308740001
0.35,0.0579185373957479
0.35,0.0501584334037653
0.35,0.0560240763380608
0.35,0.020980928149538
0.35,0.0473693329480317
0.35,0.0357007683682691
0.35,0.0493866869111178
0.35,0.0079358799047156
0.35,0.0660831190491738
0.35,0.0953140289992945
0.35,0.0317075524725578
0.35,0.0265651240863896
0.35,0.0924478326690172
0.35,0.0320273630754453
0.35,0.0279506325029308
0.35,0.0306544788825188
0.35,0.0554193442950686
0.35,0.0589054260938397
0.35,0.023612874044059
0.35,0.0273467155662783
0.35,0.0531746795457974
0.35,0.0244787939876756
0.35,0.0891551369960356
0.35,0.0239439414768072
0.35,0.0587239305559863
0.35,0.0614054272164219
0.35,0.0873129889065046
0.35,0.0612117962664984
0.35,-0.0133755853732357
0.35,0.0685707353535175
0.35,0.0625284361469805
0.35,0.0629157836219358
0.35,0.0535934376125673
0.35,0.0135553171011532
0.35,0.068915634790137
0.35,0.0217219516584864
0.35,0.0593893169560225
0.35,0.0551633059463118
0.35,0.0621980076680576
0.35,0.0571210672121509
0.35,0.0336859144254543
0.35,0.071904006898223
0.35,0.0516999096800538
0.35,0.0477885183878966
0.35,0.0654760868247619
0.35,0.0537698732674846
0.35,0.087072754489773
0.35,0.0498749049812685
0.35,0.0755820406769373
0.35,0.0340744930203729
0.35,0.0869546837957294
0.35,0.0376248472080775
0.35,0.0631867588225977
0.35,0.0322776228653369
0.35,0.0158958090626595
0.35,0.0367698393525073
0.35,0.047898838055193
0.35,0.0611407366610076
0.35,0.0178926673520766
0.35,0.0341585978108069
0.35,0.0454901671352116
0.35,0.0356067305507538
0.35,0.0921623551842565
0.35,0.0359150609640038
0.35,0.0616929380696541
0.35,0.0423389165428316
0.35,0.0491216420085312
0.35,0.0276210654736949
0.35,0.0707047830074866
0.35,0.0605657949522955
0.35,0.0520659129028388
0.35,0.052173268159591
0.35,0.0635797299307171
0.35,0.0102273154975408
0.35,0.0423385829673046
0.35,0.0974462202870612
0.35,0.0491089930552576
0.35,0.0503148218818377
0.35,0.0288876504252256
0.35,0.0454702541279102
0.35,0.0175921248845712
0.35,-0.0116077522142884
0.35,0.0531698887071831
0.35,0.0710764234695995
0.35,0.0388633453509479
0.35,0.029506743564862
0.35,0.00337815761780142
0.35,0.00509491228188324
0.35,0.0359044175459023
0.35,0.0494995953562587
0.35,-0.0118265050527203
0.35,0.0169701775220031
0.35,0.0619174573990553
0.35,0.113453571670093
0.35,0.0603874963509787
0.35,0.0461069431448076
0.35,0.0461979561945623
0.35,0.0441790730677139
0.35,0.0217002781244195
0.35,0.0182565651360519
0.35,0.0273464911076934
0.35,0.0259773995348444
0.35,0.0928780552513796
0.35,-0.00754117264542629
0.35,0.061594825195686
0.35,0.0471413171861971
0.35,0.0561128900915325
0.35,0.0235484853921128
0.35,0.0803642822452194
0.35,0.0411466034351922
0.35,0.0806510394937023
0.35,0.000961710712468522
0.35,0.0465159030117072
0.35,0.03820557384967
0.35,0.0654933334212559
0.35,0.0405075438880307
0.35,0.0262349854676025
0.35,0.0163789832482086
0.35,0.0259210406267185
0.35,0.0503764998577224
0.35,0.0556643033330657
0.35,0.0125282345690004
0.35,0.0259783051074402
0.35,0.0488990495485062
0.35,0.0107412125611625
0.35,0.0458066009512008
0.35,0.013550314514312
0.35,0.0393415957571669
0.35,0.0701068658998272
0.35,0.0559715156742086
0.35,0.080026797634808
0.35,0.0294177419605288
0.35,0.0747412727231713
0.35,0.0308679971605651
0.35,-0.00955041350459883
0.35,0.0966708603510284
0.35,0.0312320737185988
0.35,0.00296254957692198
0.35,0.0605424493732771
0.35,0.0218447362504369
0.35,0.0577776533670648
0.35,0.042036109765022
0.35,0.085680481772293
0.35,0.0310569582070874
0.35,0.04822505112705
0.35,0.0669372634762755
0.35,0.0185663524700319
0.35,0.050415886303416
0.35,0.0810337902234608
0.35,0.0520307550961326
0.35,0.0385571886930368
0.35,0.0272131519199699
0.35,0.0699802030897398
0.35,0.081078306624905
0.35,0.00993319542647204
0.35,0.0249203465877959
0.35,0.0365505495200475
0.35,0.0868033406039485
0.35,0.0378565508001193
0.35,0.0375414677062421
0.35,0.0449853893864946
0.35,0.0100828569841357
0.35,0.0594155325509363
0.35,0.0135784441544725
0.35,0.0747955664194425
0.35,0.0318264825746378
0.35,0.0121569916865695
0.35,0.0317673187860207
0.35,0.0608539065808204
0.35,-0.0018679624381098
0.35,0.0238381694601883
0.35,0.0201150835656013
0.35,0.0879930603129814
0.35,0.0367330793542218
0.35,0.0248423285434727
0.35,0.0171473339762081
0.35,0.026652066597962
0.35,0.0311392245511201
0.35,0.0444906919884276
0.35,0.0201387648660354
0.35,0.0330873081345618
0.35,0.0225120415070606
0.35,0.0144954928230091
0.35,0.0659998577957437
0.35,0.042648404669608
0.35,0.0535833891661436
0.35,0.0389941095145928
0.35,0.065228841400145
0.35,0.0405134917468933
0.35,0.0356566314907471
0.35,0.0477898256698239
0.35,0.00901781686341424
0.35,0.105833931224545
0.35,0.0471449728859823
0.35,0.0355035768408666
0.35,0.0707801962222987
0.35,0.0498554350123361
0.35,0.0520587952089639
0.35,0.0649257704960574
0.35,0.0803257815929977
0.35,0.0746391771052607
0.35,0.0370594323054505
0.35,0.0421289798782927
0.35,0.0627849400252607
0.35,0.0398733892962635
0.35,0.0564908497528838
0.35,0.0616146221798645
0.35,0.0582037980020653
0.35,0.0514104810567931
0.35,0.0418697006567462
0.35,0.0580524414090448
0.35,0.0516552989057621
0.35,-0.00301545606032296
0.35,0.0618169051641453
0.35,0.0164496996148929
0.35,0.0469133618243934
0.35,0.0450584964099907
0.35,0.0347012523282726
0.35,0.0514260217961617
0.35,0.056238472517849
0.35,0.045223205510394
0.35,0.0346371516959522
0.35,0.0871568504292548
0.35,0.0466552925103297
0.35,0.0531069330244186
0.35,0.0593238030951636
0.35,0.033494051134702
0.35,0.0521280888326001
0.35,0.0320090043455016
0.35,0.0428649218902766
0.35,0.0511999511374145
0.35,0.0539862488998657
0.35,0.0558724648407221
0.35,0.061885257358695
0.35,0.0252175766385985
0.35,0.0133109525627184
0.35,0.0783189249685304
0.35,0.0425422721277223
0.35,0.0501810193859782
0.35,0.0718125651843271
0.35,0.0756530043510081
0.35,0.0825368075848852
0.35,0.024878920733291
0.35,0.0351664316992102
0.35,0.0643388101897112
0.35,0.001414780221972
0.35,0.0520428870459551
0.35,0.0220143035131989
0.35,0.0181107843309502
0.35,-0.012015676439075
0.35,0.0270819545378916
0.35,0.00838006599647984
0.35,0.0587950877548621
0.35,0.0605791631840229
0.35,0.0366774717428821
0.35,0.0464460942468242
0.35,0.0326122079689882
0.35,0.0311236155098936
0.35,0.0736078829904996
0.35,0.000427483430899501
0.35,0.0135465310529588
0.35,0.0522848318730927
0.35,0.0503585284365197
0.35,0.0509151874498592
0.35,0.0190900001168378
0.35,0.00261379900881905
0.35,0.0182734730224356
0.35,0.0607954155549751
0.35,0.0520714412688676
0.35,0.0284003210131389
0.35,0.0479846046423525
0.35,0.00361780949385175
0.35,0.0521358332222719
0.35,0.0520509424581106
0.35,0.0215032827301594
0.35,0.0475218071592039
0.35,0.0794741776016496
0.35,0.0664719698267693
0.35,0.0401435562219521
0.35,0.0682422537693856
0.35,0.0582671695547457
0.35,0.0550072244743328
0.35,0.0193958242701198
0.35,0.035558977426775
0.35,0.0514493440085819
0.35,0.0644609514283788
0.35,0.0395780700539811
0.35,0.0790149021422107
0.35,0.0410926560930685
0.35,0.049800813995591
0.35,0.0412547522263586
0.35,0.0902332101146407
0.35,0.0925147570070784
0.35,0.0184319627616584
0.35,0.0904396278998871
0.35,0.0864373016538907
0.35,0.019802469991298
0.35,-0.00132506504621411
0.35,0.0349724761463724
0.35,0.0497371058697537
0.35,0.0307748339295471
0.35,0.0350393534555377
0.35,0.0520322110709793
0.35,0.0839013742925443
0.35,0.0525183115040057
0.35,0.0731740743261418
0.35,0.0330881567833208
0.35,0.0216399773533403
0.35,0.0608314469148497
0.35,0.00980862040045549
0.35,0.0347091851260049
0.35,0.0493404727505163
0.35,0.00219235889901429
0.35,0.0768942305348203
0.35,0.0421527208176522
0.35,0.055543583230055
0.35,0.0629891516402827
0.35,0.0547936228332441
0.35,0.015949611480712
0.35,0.0233846328741868
0.35,0.0717976388016063
0.35,0.0344478565455638
0.35,0.0692974889663128
0.35,0.0384655072152555
0.35,0.0271652870335821
0.35,0.0561847116042305
0.35,0.0444228693133093
0.35,0.0656046999027527
0.35,0.0442276340250816
0.35,0.0268718614382299
0.35,0.0452366990986708
0.35,0.0743370260412185
0.35,-0.00984862696677741
0.35,0.0597728159041237
0.35,0.064373196076463
0.35,0.0399847911443245
0.35,0.0518389328125021
0.35,0.0529406903479746
0.35,0.0448280004238851
0.35,0.0765040360936783
0.35,0.0430185287855919
0.35,0.054299812561063
0.35,0.0860795875529131
0.35,0.0515020357035972
0.35,0.0465580327294774
0.35,0.0381758942771162
0.35,0.041181112751273
0.35,0.0454856763220437
0.35,0.0763957271342075
0.35,0.063597524433958
0.35,0.0326363679557007
0.35,0.0563327097329608
0.35,0.0385715052752337
0.35,0.0258546959232472
0.35,0.0712201776990741
0.35,0.0356339246992573
0.35,0.0441555610967047
0.35,0.0239860368907562
0.35,0.0638172661577338
0.35,0.0436424296789751
0.35,0.0493119324428765
0.35,0.0419794494676079
0.35,0.0198721345334606
0.35,0.0466816555932031
0.35,0.0509320538405932
0.35,0.0120790318785972
0.35,0.0719031032740142
0.35,0.059038956637873
0.35,0.00609633953316516
0.35,0.0296221919222392
0.35,0.078155601947753
0.35,0.0410584678727976
0.35,0.00469695178490395
0.35,0.0328020761904611
0.35,0.0622110630711986
0.35,0.0384104449111034
0.35,-0.0158588468142872
0.35,0.0223799072732491
0.35,0.0368514200901694
0.35,0.0416718058636283
0.35,0.0457726567113867
0.35,0.0507746287678528
0.35,0.0785095540938386
0.35,0.0635950427313782
0.35,0.067745044287287
0.35,0.0167602357226878
0.35,0.0444187725532583
0.35,0.0388511523666279
0.35,0.0881793886038366
0.35,0.0165452035595012
0.35,0.0972060174037391
0.35,0.0346041462697239
0.35,0.0013483074419363
0.35,0.0420058761321317
0.35,0.0795975747542653
0.35,0.0370317721116888
0.35,0.0972035034020675
0.35,0.0529190916783196
0.35,0.0322334746718894
0.35,0.0282971073575657
0.35,0.027506466800796
0.35,0.0493670684274087
0.35,0.0195011778323013
0.35,0.0633660387858397
0.35,0.0647256401104447
0.35,0.045650572666589
0.35,0.071502170223799
0.35,0.0516446255204485
0.35,0.0468571044486767
0.35,0.0482425253053195
0.35,0.083174544235663
0.35,0.075983561716173
0.35,0.0415641590619017
0.35,0.0744157032879735
0.35,0.0620845839996681
0.35,0.0512444552372627
0.35,0.0498720758058354
0.35,0.0487593909127625
0.35,0.0368275335417157
0.35,0.0719493628461897
0.35,0.0284900493332557
0.35,0.0420765763059615
0.35,0.0859241896322931
0.35,0.0491945651249175
0.35,0.0457565023768338
0.35,0.0560645231539338
0.35,0.0639559929116371
0.35,0.0485359178463047
0.35,0.025656209362964
0.35,0.0551986678685627
0.35,0.0191402741022643
0.35,0.0853890570078549
0.35,0.00412559222364206
0.35,0.0289381316633047
0.35,0.0924206648214775
0.35,0.061788520030003
0.35,0.0371888189834978
0.35,0.0148620949796201
0.35,0.044045740169301
0.35,-0.00530376971102845
0.35,0.0507591143323834
0.35,0.0376938578397673
0.35,0.0442037096282294
0.35,0.0187018877602361
0.35,0.0441044862021701
0.35,0.0699945453224265
0.35,0.0527694496314182
0.35,0.0562754286939124
0.35,0.0709602783651532
0.35,0.0336874291768666
0.35,0.0798205248084731
0.35,0.0329832777884081
0.35,0.0960732660577868
0.35,0.0469893170384338
0.35,0.0349860750472777
0.35,0.0554692048819787
0.35,0.051208334869144
0.35,0.0162900244715861
0.35,-0.011607281900552
0.35,0.130450843375271
0.35,0.0741899487274106
0.35,0.0494398863504588
0.35,0.067260900814798
0.35,0.080846445643357
0.35,0.0619457138777682
0.35,0.0249461975331803
0.35,0.0518482382100558
0.35,0.0420223284773453
0.35,0.0393742757679067
0.35,0.0553374382721306
0.35,0.0768811624982729
0.35,0.0337633233112162
0.35,0.0466858406596575
0.35,0.0811749115714829
0.35,0.0573889306560127
0.35,0.0363466969911759
0.35,0.0737327051695966
0.35,0.0232201525477997
0.35,0.0239298388994286
0.35,0.0767337707925025
0.35,0.0305237471288695
0.35,0.0566151829237004
0.35,0.070421016600178
0.35,0.0603021367058226
0.35,0.0418904749879086
0.35,0.0395269290337075
0.35,0.0541462720182504
0.35,0.0784526331635984
0.35,0.048083734011416
0.35,0.0376668616055852
0.35,-0.00295336413614975
0.35,0.00942121324640331
0.35,0.0593211727536457
0.35,0.0383874194587613
0.35,0.0561202069753902
0.35,0.0296267829969009
0.35,0.066176791009878
0.35,0.0268091854012914
0.35,0.0157063964938957
0.35,0.055790768395918
0.35,0.063808901683396
0.35,0.0306288752654841
0.35,0.00191535110046719
0.35,0.0900263069415325
0.35,0.0551977393098074
0.35,0.0534988687081796
0.35,0.0385371153144787
0.35,0.0535749791104377
0.35,0.105056117630713
0.35,0.0631376959431949
0.35,0.0689660840386625
0.35,0.0234203843405296
0.35,0.0589791377859694
0.35,0.0149488409251635
0.35,0.0600381358980216
0.35,0.0814539509441216
0.35,0.039368110614369
0.35,0.0593390512409621
0.35,0.0804775707339136
0.35,0.000156782160914399
0.35,-0.0158710080234015
0.35,0.057558592192197
0.35,0.0961736765134395
0.35,0.0209446335466457
0.35,0.0665892852976444
0.35,0.0149278171992606
0.35,0.0690766005720375
0.35,0.0374014436992122
0.35,0.0745430302790291
0.35,0.0512854053870891
0.35,0.0719658028794488
0.35,0.0434298336201714
0.35,0.0728991168859803
0.35,0.048215193046482
0.35,0.00857472399714736
0.35,0.0495711453646926
0.35,0.047084826203039
0.35,0.0849562342686446
0.35,0.0295389432096648
0.35,0.0280977293390136
0.35,0.0624702120558523
0.35,0.0464695697431424
0.35,0.059876388862704
0.35,0.0690159026058325
0.35,0.0322431611735714
0.35,0.0416418030679899
0.35,0.0798350093496342
0.35,0.0657382259580251
0.35,0.0560570561985998
0.35,0.0486086819184052
0.35,0.0592875534392817
0.35,0.035329942077943
0.35,0.0548029434615054
0.35,0.0704656991454908
0.35,0.0296833390016365
0.35,0.0439072199345947
0.35,0.0592829239874616
0.35,0.0869990116741103
0.35,0.0225749101237724
0.35,0.0228207924728921
0.35,0.0752597154282851
0.35,0.075479769992813
0.35,0.0512546461749245
0.35,0.0452212668568465
0.35,0.0222759147425351
0.35,0.0125365348261314
0.35,0.0958461394171091
0.35,0.0636808373284709
0.35,0.028543186309809
0.35,0.0202280071626139
0.35,0.0689228736390321
0.35,0.095887328107512
0.35,0.0668279266410223
0.35,0.0350592611552239
0.35,0.0446598945629455
0.35,-0.0158391692149498
0.35,0.0602183222363519
0.35,0.0645465117484007
0.35,0.00494885828423842
0.35,-0.0164251915295924
0.35,0.0502819334842869
0.35,0.0386599345847289
0.35,0.0809076135764204
0.35,0.0596150434537426
0.35,0.0172026701932219
0.35,0.0429425641043146
0.35,0.00434938656732797
0.35,0.0484443356598184
0.35,0.04381235007326
0.35,0.0502687532268735
0.35,0.0660790685456731
0.35,0.0554177648245897
0.35,0.0472183682918885
0.35,0.0234322194617378
0.35,0.0492934649701401
0.35,0.037525353709105
0.35,0.0683382473931263
0.35,0.0204155419468222
0.35,0.0313796818978386
0.35,0.0211897576293748
0.35,0.0393468794397497
0.35,0.0598520566926681
0.35,0.0329627552929624
0.35,0.0481378514742102
0.35,0.0561302791238236
0.35,0.0628025013696478
0.35,0.0472120813742811
0.35,0.0503077165948379
0.35,0.0807961536720382
0.35,0.0421858810481677
0.35,0.0234661325216154
0.35,0.0509885245788237
0.35,0.0794979415996142
0.35,0.065029378926493
0.35,0.0538088407471256
0.35,0.0333109720613683
0.35,0.00426304935469714
0.35,0.0633846200593118
0.35,0.0353901933360118
0.35,0.0706800066052428
0.35,0.0388054394185673
0.35,0.0610165548881424
0.35,0.0549692220294085
0.35,0.0449593839909976
0.35,0.054603084527576
0.35,0.0602550386839582
0.35,0.0217668561403477
0.35,0.0140642077453251
0.35,0.0284377046451746
0.35,0.0618098331970034
0.35,0.0236335714378823
0.35,0.0514268979368413
0.35,0.0386598347641537
0.35,0.0444489324532276
0.35,0.0567696605119683
0.35,0.0690931257173238
0.35,0.0487866232806022
0.35,0.110892590332788
0.35,0.0136091702786965
0.35,0.0476219196271256
0.35,0.069481888849814
0.35,0.0493474639009154
0.35,0.0176390208549786
0.35,0.102723929833288
0.35,0.0357248184794679
0.35,0.0805444694654637
0.35,0.0490083904025455
0.35,0.0348667502976155
0.35,0.0411564003555115
0.35,0.0240629608495349
0.35,0.0555176570217441
0.35,0.0439094865502103
0.35,0.0875838792536805
0.35,0.0447749714879169
0.35,0.0399226834107304
0.35,0.087061691258257
0.35,0.0123595012125998
0.35,0.0175561829715075
0.35,0.0157010040064601
0.35,0.0205030385335761
0.35,0.00921619816927582
0.35,0.0351650639137026
0.35,0.00853431051847634
0.35,0.082055884089073
0.35,0.0885893730181988
0.35,0.058506040248012
0.35,0.0483937985414569
0.35,0.0222843516915819
0.35,0.0308833402221358
0.35,-0.0413853853415527
0.35,0.054819569592843
0.35,0.0489318817232367
0.35,0.00774034395345816
0.35,0.0695364505720388
0.35,0.0126237102261956
0.35,0.0376773711874441
0.35,0.0290876008562349
0.35,0.0258945143244799
0.35,0.075852320245029
0.35,0.0203456113853544
0.35,0.0528098516938399
0.35,0.048160320932917
0.35,0.0578063468716648
0.35,0.0363404480986263
0.35,0.0180658894767907
0.35,0.0384650370538902
0.35,0.0463277292393298
0.35,0.0328939564855516
0.35,-0.00694666861656098
0.35,0.0370925951619417
0.35,0.054953094535504
0.35,0.049445646484428
0.35,0.0259451577959866
0.35,0.068992965082737
0.35,0.0329006371083299
0.35,0.0636731198907936
0.35,0.038270415354001
0.35,0.0870453569198575
0.35,0.0538377057071314
0.35,0.0798542284285823
0.35,0.0346382425980725
0.35,0.0488086184454738
0.35,0.0615957169612724
0.35,0.0571638126670573
0.35,0.0849794425372239
0.35,0.055821442969202
0.35,0.0231924370159087
0.35,0.0530910551921355
0.35,0.0011106520129016
0.35,0.108562121633144
0.35,0.0568066652382207
0.35,0.057843457325041
0.35,0.0434268771369958
0.35,0.0194380383466597
0.35,0.0248315760446766
0.35,0.0212330468980599
0.35,0.0333048351178047
0.35,0.0154866103139447
0.35,0.0509681484475216
0.35,0.0609559251462293
0.35,0.0500522363682366
0.35,0.0323524808997068
0.35,0.0744108022269528
0.35,0.0524042587190052
0.35,0.0254189867131996
0.35,0.046865852591109
0.35,0.0388009554496244
0.35,0.0307784991416148
0.35,0.0304510551995835
0.35,0.0534355272184092
0.35,0.065224048362639
0.35,0.0869868192647303
0.35,0.0347014808378387
0.35,0.02452206253609
0.35,0.0477787174886978
0.35,0.0409797003334026
0.35,0.0608149445983485
0.35,0.025694958373107
0.35,0.0383641367306419
0.35,0.0311533068847531
0.35,0.0338903692062258
0.35,0.0584719030940613
0.35,0.0208623350492505
0.35,0.0174151352950853
0.35,0.0515285365430794
0.35,0.0225153401699598
0.35,0.0627730448761276
0.35,0.029656933760637
0.35,0.00443795569875489
0.35,0.0462816639505049
0.35,0.0388526363416982
0.35,0.0573498401494578
0.35,0.0589938742795938
0.35,0.0689921725833172
0.35,0.00995203200673791
0.35,0.0409719029149992
0.4,0.0269622729437818
0.4,0.00384256601449663
0.4,0.0442991421867145
0.4,0.0730599766833745
0.4,0.0765120303036829
0.4,0.0386601242101401
0.4,0.0874017116012413
0.4,0.0782851543365638
0.4,0.0506390840389192
0.4,0.0322082151463452
0.4,0.0131589298002967
0.4,0.00902584821985371
0.4,0.0852498013974577
0.4,0.0609039951805892
0.4,0.0548085777049748
0.4,0.0743261162621639
0.4,0.0563363657380293
0.4,0.0777635971170368
0.4,-0.00317873666189816
0.4,0.0314850370351546
0.4,0.0737173289023562
0.4,0.0573041469796238
0.4,0.0112422933585301
0.4,0.0524826377810787
0.4,0.0460895444600641
0.4,-0.010353826829281
0.4,0.0283958667098201
0.4,0.0477341203544618
0.4,0.0442608143061775
0.4,0.0331046063177803
0.4,0.047025517984984
0.4,0.0178877431121727
0.4,0.077812264336485
0.4,0.0307586646047429
0.4,0.0327838694784177
0.4,0.0413295374333437
0.4,0.0618177061025696
0.4,0.0300995465706808
0.4,0.0491585220128738
0.4,0.0250570796835175
0.4,0.00429135154638146
0.4,0.0535453593293137
0.4,0.0423424143799836
0.4,0.0843845584109663
0.4,0.0137403169369219
0.4,0.0458546895585584
0.4,0.0572434872269837
0.4,0.106045122862404
0.4,0.0435363975299905
0.4,0.0667180503940582
0.4,0.0246415805675897
0.4,0.0457513349452172
0.4,0.0334422786520214
0.4,0.0749403600748969
0.4,0.049110251411257
0.4,0.0327830381844576
0.4,0.083758816359377
0.4,0.0273148166868663
0.4,0.0339751648490856
0.4,0.0375922407291544
0.4,0.0649746160446584
0.4,0.0660260551255017
0.4,0.0898904839981125
0.4,0.0428017296764822
0.4,0.0590346385410939
0.4,0.0206130059523912
0.4,0.0322100458478519
0.4,0.0276723503361013
0.4,0.0477570914012085
0.4,0.0446234965773896
0.4,0.0752561641215787
0.4,0.00206408263494506
0.4,0.0413314663754171
0.4,0.0667875929959395
0.4,0.0782738076700301
0.4,0.00268729407626814
0.4,0.0442362810218122
0.4,0.0772215284243096
0.4,0.0412406913524351
0.4,0.0385927842434534
0.4,0.0497313016560118
0.4,0.0539886056340026
0.4,0.0805822368076836
0.4,0.0598176006702803
0.4,0.0649151360746505
0.4,0.0420763735905935
0.4,0.0611095689181879
0.4,0.0642889946478047
0.4,0.0670755818874054
0.4,0.0892123419085753
0.4,0.0354925452428586
0.4,0.0749820783128371
0.4,0.0170686609549945
0.4,0.000743453801532389
0.4,0.0532827580822811
0.4,0.0533653977709822
0.4,0.0745285233256623
0.4,0.101573351119291
0.4,0.0394597970493536
0.4,0.0663788593280897
0.4,0.0990105636608749
0.4,0.00949427746509498
0.4,0.065991764494309
0.4,0.0445667098248429
0.4,0.0336885489676807
0.4,0.082218361864126
0.4,0.0597641412033075
0.4,0.0662720697588826
0.4,0.00902760015353933
0.4,0.0510061041741463
0.4,0.076309418077258
0.4,0.0470430839269985
0.4,0.0810378570711611
0.4,0.0293919588890259
0.4,0.0591400117201429
0.4,0.0761905732003765
0.4,0.0666208144403588
0.4,0.0727244013262567
0.4,0.0249720098884301
0.4,0.0615167601343942
0.4,0.0384254662024616
0.4,0.084916537245818
0.4,0.0363063694658997
0.4,0.0595463118327162
0.4,0.000110767198308123
0.4,0.0226407679809764
0.4,0.0711717206985587
0.4,0.0457518396294038
0.4,0.0350001679903218
0.4,0.0571291649885068
0.4,0.0329718035494209
0.4,0.0168647469499852
0.4,0.034988890659188
0.4,0.029193028762331
0.4,0.0282402595097219
0.4,0.0483965018882605
0.4,0.0399310335723587
0.4,0.0760594874782561
0.4,0.0438635539281426
0.4,0.0977295767570223
0.4,0.0218635519546991
0.4,0.0541208434648048
0.4,0.0687128225733256
0.4,0.0393777042575186
0.4,0.0640817469582819
0.4,0.0322343360356493
0.4,0.0570709635159867
0.4,0.0217497886321973
0.4,0.0429417088599465
0.4,0.0578943301316335
0.4,0.0765854357806319
0.4,0.0667060609042732
0.4,0.0562072387370206
0.4,-0.0148165225097332
0.4,0.0274520411788731
0.4,0.0492345140087034
0.4,0.0622410020771581
0.4,0.0375416505842034
0.4,0.0560930955217426
0.4,0.0739341590912893
0.4,0.0378998040656444
0.4,0.0188668228412738
0.4,0.101210561713927
0.4,0.00889469439548659
0.4,0.0566564794337557
0.4,0.0400494878171591
0.4,0.0502649634421631
0.4,0.0606398798733624
0.4,0.0391090297617525
0.4,0.0462240244147492
0.4,0.0187102938645853
0.4,0.0669793566049763
0.4,0.018729334948225
0.4,0.0340468331644811
0.4,0.0296909788222143
0.4,0.0227019777279048
0.4,-0.0203413819955024
0.4,0.0313502276551763
0.4,0.0742371646949503
0.4,0.0158508406273014
0.4,0.056575120791279
0.4,0.0244029584800564
0.4,0.0466997793738788
0.4,0.0617244389182343
0.4,0.00380358344239795
0.4,0.0466218925167994
0.4,0.0132821561646225
0.4,0.0320173140349379
0.4,0.0687730365919143
0.4,0.0755186334242099
0.4,0.0716648019730862
0.4,0.0832478885022146
0.4,0.0494499702760783
0.4,0.0242865047954106
0.4,-0.00199385847563105
0.4,0.0532051261930368
0.4,0.0168451898019612
0.4,-0.00781396771331516
0.4,0.103541750459974
0.4,0.0532323587702703
0.4,0.0545037033300035
0.4,0.0548222314248913
0.4,0.0225311245305556
0.4,0.103163457585215
0.4,0.0374209648948795
0.4,0.0346718691599367
0.4,0.0302907187823144
0.4,0.0354237242805603
0.4,0.072380949661232
0.4,0.0463268856463826
0.4,0.044249473277928
0.4,0.0191525926674785
0.4,0.0241819233270392
0.4,0.0589085489406132
0.4,0.0221009670972451
0.4,0.0114516295389472
0.4,0.0414447151265495
0.4,0.00943843715799168
0.4,0.0336696437854759
0.4,0.0182309027760097
0.4,0.048817847284132
0.4,0.0413095471325522
0.4,0.0377307884379765
0.4,0.0621162720078788
0.4,0.0311108696121192
0.4,0.0587417336538753
0.4,0.0492576695868978
0.4,0.0249782932550484
0.4,0.00293759642716407
0.4,0.049833158494776
0.4,0.033459139711117
0.4,0.056011451053919
0.4,0.0587633774255401
0.4,0.0433344677439996
0.4,0.07550902072042
0.4,0.0403285567582736
0.4,0.0570228447137261
0.4,0.0589283203905986
0.4,0.025033003399289
0.4,0.0546135604751748
0.4,-0.010395003291235
0.4,0.0633856815106154
0.4,0.035937111766146
0.4,0.00470321769181183
0.4,0.0442095042156508
0.4,0.066755078505162
0.4,0.0390209792685724
0.4,0.0573725132307361
0.4,0.0403676797443645
0.4,0.0181045048088187
0.4,0.0412559416811725
0.4,0.065266107435005
0.4,0.117673083296829
0.4,0.00799544317804169
0.4,0.0714485383084894
0.4,0.0067664333412777
0.4,0.0353249182905968
0.4,0.0404913186870988
0.4,0.00577873538886333
0.4,0.0566416787095531
0.4,0.0134073693795073
0.4,0.0249868984176535
0.4,0.0843770212573306
0.4,0.0935907200206715
0.4,0.0731354703486131
0.4,0.0492547797363043
0.4,0.0633077013527395
0.4,0.0460130460989924
0.4,0.0979169664474758
0.4,0.0819979892007798
0.4,0.0134442489366495
0.4,0.0687731578979323
0.4,0.0256110578939827
0.4,0.0451959022901141
0.4,0.0496807852723463
0.4,0.0651257436222326
0.4,0.0179823221525215
0.4,0.0366407966527754
0.4,0.0808969413390898
0.4,0.0747812500819873
0.4,0.0187187084511872
0.4,0.0462750656359606
0.4,0.0612846011685804
0.4,0.04068078087206
0.4,0.0616272969158895
0.4,0.013273364952691
0.4,0.0485959234397883
0.4,0.0716273413425162
0.4,0.0753554992532108
0.4,0.0473493762008374
0.4,0.00464234205478307
0.4,0.0482970451872496
0.4,0.0461645917094398
0.4,0.0403021321955635
0.4,0.0810152565306473
0.4,0.0273246790147147
0.4,0.0533789087253657
0.4,0.020313759446602
0.4,0.0678283990221289
0.4,0.0661803888009771
0.4,0.0348023810289
0.4,0.0714273133427536
0.4,0.0422614436932878
0.4,0.053551012710189
0.4,0.0606079768739181
0.4,0.0126003694125776
0.4,0.108471631861483
0.4,0.0376197077455729
0.4,0.0343165997819395
0.4,0.0446141775703082
0.4,0.0291614839148187
0.4,0.0343332515978264
0.4,0.054923994381493
0.4,0.0210235058583043
0.4,0.0240436352431648
0.4,0.0566587699906996
0.4,0.0453419534868141
0.4,0.0727864838848189
0.4,0.0479634241601576
0.4,0.0436626096795175
0.4,0.0604785463455691
0.4,0.0251351841710057
0.4,-0.020714251860244
0.4,0.090565347606104
0.4,0.0285468993714883
0.4,0.0321060663267033
0.4,-0.00839856879167783
0.4,0.0644696019869671
0.4,0.0189688467930587
0.4,0.04598723935271
0.4,0.027277132218771
0.4,0.0920169621828108
0.4,0.0462526553806504
0.4,0.0349957544783126
0.4,0.0743787589057448
0.4,0.0788641148040122
0.4,0.0686837018480521
0.4,-0.0198757403723537
0.4,0.0214543623691383
0.4,0.0083857020803483
0.4,0.0623001962503605
0.4,0.0691294266416634
0.4,0.0461106547356524
0.4,0.0467063044342247
0.4,0.0579781938073667
0.4,0.013307900179331
0.4,0.0637341491859066
0.4,0.122970472182511
0.4,0.0254041339604483
0.4,0.0583932192928932
0.4,0.0406609808098306
0.4,0.029811732964135
0.4,0.0465383374960761
0.4,0.0488567586506314
0.4,0.0445542781802655
0.4,0.0719117127266099
0.4,0.04609781791966
0.4,0.0481474044058882
0.4,0.00798731260829546
0.4,0.0579130642133364
0.4,0.00979871888856227
0.4,0.00831586139726468
0.4,-0.000125939640962676
0.4,0.0355061120493717
0.4,0.0654949002804376
0.4,0.013225491486149
0.4,0.00569113956367394
0.4,0.0148537316529293
0.4,0.0567420056490425
0.4,0.0928809000665547
0.4,0.0550699981604421
0.4,0.0109954621005812
0.4,0.039127710125555
0.4,0.0971546409956689
0.4,0.0765128380675816
0.4,0.0270363098511254
0.4,0.0220407412762666
0.4,0.0650438798706625
0.4,0.0497247577555485
0.4,0.0403459970239264
0.4,0.0596071362566415
0.4,0.0287896116549574
0.4,0.0668762025904523
0.4,0.0610820511724856
0.4,-0.00679978065816812
0.4,0.0338273524448012
0.4,0.0700938115022909
0.4,0.0842481075034313
0.4,3.81686323493154e-05
0.4,0.0323767515213319
0.4,0.0417283689387994
0.4,0.0582313916273003
0.4,0.0455179675266961
0.4,0.0625268218162345
0.4,0.0664089563560022
0.4,0.0475630749068453
0.4,0.0799901709581123
0.4,0.0534127779902621
0.4,0.0232814019299477
0.4,0.0221504008520232
0.4,0.0568435632448522
0.4,0.0885516617239726
0.4,0.0355776294027193
0.4,0.0323399478372137
0.4,0.00552204125366623
0.4,0.0220637447766961
0.4,0.0275437459584098
0.4,0.0139234831821773
0.4,0.0331365868117589
0.4,0.0234762166213017
0.4,0.0422293336456998
0.4,0.0433891171878594
0.4,0.0772697025809811
0.4,0.0416665430692483
0.4,0.0161117645863237
0.4,0.0977584622228549
0.4,0.0282092343929533
0.4,0.0388224417350388
0.4,0.0360487079130383
0.4,0.0561536415361667
0.4,0.0692828863788915
0.4,0.000825968917485715
0.4,0.073220438468351
0.4,0.0681270555948489
0.4,-0.00447905081050242
0.4,0.0575153248922431
0.4,0.0431920622533121
0.4,0.0286807596067645
0.4,0.0331534941485134
0.4,-0.000760342814882529
0.4,0.104710166952732
0.4,0.0907184360153723
0.4,0.0619406368164013
0.4,0.0245384666685172
0.4,0.0507011356411122
0.4,0.0449175818373687
0.4,-0.00450195753686296
0.4,0.0299669533604184
0.4,0.0147524782771691
0.4,0.0331033934810312
0.4,0.0580980007226295
0.4,0.058503079679282
0.4,0.0519560823927796
0.4,0.0152902892792417
0.4,0.0402927074785447
0.4,0.0557691456776658
0.4,0.0492110981226861
0.4,0.0938875274502068
0.4,0.0167187770656393
0.4,-0.00105556856689833
0.4,-0.00353527251116314
0.4,0.0633656717499377
0.4,0.0289945043878401
0.4,0.025803433317557
0.4,0.0696522899210195
0.4,0.049335551253519
0.4,0.061318684840133
0.4,0.0678596701305956
0.4,0.047910601856315
0.4,0.0593162499822946
0.4,0.0338921941457327
0.4,0.0171571638432043
0.4,0.0595763097365817
0.4,0.0691696580499603
0.4,0.0271376645924321
0.4,0.07758684326293
0.4,0.0240995974138714
0.4,0.0504139666736126
0.4,0.0403493978506077
0.4,-0.015815784431003
0.4,0.0647283770617562
0.4,0.0367428450175574
0.4,0.0214903483883707
0.4,0.0515200353606309
0.4,0.0289981853924541
0.4,0.0120593191023149
0.4,0.0766476049914568
0.4,0.038343188094748
0.4,0.020202577194305
0.4,0.0991646212008055
0.4,0.0433256277266478
0.4,0.076790277237351
0.4,0.0378650215504569
0.4,0.0438921671402832
0.4,0.0809741582404968
0.4,0.0626983529281014
0.4,0.0284447093849157
0.4,0.0544924130850013
0.4,0.0732077032768811
0.4,0.0482456009604858
0.4,0.0507317968054708
0.4,0.0658388306005104
0.4,0.0726202736120978
0.4,0.0526698740977701
0.4,0.0787021472219682
0.4,0.0356744488234717
0.4,0.114900289727945
0.4,0.0432112065322532
0.4,0.0669549570995994
0.4,0.0572581967934546
0.4,0.0868644462845949
0.4,0.047275111360512
0.4,0.0277867991347289
0.4,0.0840787294631806
0.4,0.0193413125673523
0.4,0.0417406202864763
0.4,0.0248208473286929
0.4,0.04625609075653
0.4,0.0715894966562418
0.4,0.0645254199252367
0.4,0.0649150315166039
0.4,0.0507899949793689
0.4,0.0410156415164943
0.4,0.0246678039420923
0.4,0.0727960525921087
0.4,0.0460502639162179
0.4,0.0283146691637157
0.4,0.0618000745934762
0.4,0.0473416797601118
0.4,-0.0214263145650776
0.4,0.024713668944898
0.4,0.0644376218037631
0.4,0.0715526333872705
0.4,0.0295199194340455
0.4,0.0645576594944936
0.4,0.0154027489194016
0.4,0.0229720454797013
0.4,-0.00960324069593606
0.4,0.0508974820615184
0.4,0.0395335686380213
0.4,0.0828591581809305
0.4,-0.0152322122251954
0.4,0.0558978434385267
0.4,0.0200186301519645
0.4,0.0931294290430616
0.4,0.0546238906658199
0.4,0.0825542966477091
0.4,0.0429879276778796
0.4,0.0699355725584135
0.4,0.0264868747709103
0.4,0.058035612691096
0.4,0.0258772697322943
0.4,0.0312792862014941
0.4,0.00843517886989176
0.4,0.0125301865338635
0.4,0.0277784745421295
0.4,-0.0261975462611
0.4,0.0734637477625669
0.4,0.0542729985515714
0.4,0.095470609305844
0.4,0.0300272974815594
0.4,0.0540727070698917
0.4,0.0297899110241969
0.4,0.0649522601465233
0.4,0.10032692278758
0.4,0.0328175565714856
0.4,0.0513688228809476
0.4,0.0463859108830283
0.4,0.0810734449273535
0.4,-0.0138375143921093
0.4,0.0137900746352499
0.4,0.0229341976387382
0.4,0.0684964526845282
0.4,0.0668081112106567
0.4,0.0076898419885122
0.4,0.0553511467879035
0.4,0.0399983474470681
0.4,0.0793508758979457
0.4,0.0508944423849657
0.4,-0.00275150433888066
0.4,0.0548379867716689
0.4,0.0113522522373683
0.4,-0.0244636227507733
0.4,0.0565562102649106
0.4,0.0465725575782701
0.4,0.0618316315316832
0.4,0.0342881557926442
0.4,0.0343917605732159
0.4,0.0144641871949093
0.4,0.0198561719777452
0.4,0.0132557169474362
0.4,0.0350635355610803
0.4,0.0276221303702324
0.4,0.0130902966106135
0.4,0.0231171145240947
0.4,0.0351301060694751
0.4,0.0121640998601421
0.4,0.0457540754766654
0.4,0.0344962563634485
0.4,0.0384430459895568
0.4,0.0345610934772798
0.4,0.0644722473827545
0.4,0.0331648726520118
0.4,0.0185701655751445
0.4,0.0111619034001556
0.4,0.0689073484727896
0.4,0.0554475700575552
0.4,0.045630753887368
0.4,0.0389514057520206
0.4,0.0160477109570657
0.4,0.0297220332897998
0.4,0.0711964536042043
0.4,0.0224588531005412
0.4,0.0464186367759754
0.4,0.0687659819018269
0.4,0.0407393756250906
0.4,0.0410861871120961
0.4,0.00900108618237341
0.4,0.0374687114757228
0.4,0.0173495757217856
0.4,0.0828936677791841
0.4,0.0328232617475877
0.4,0.0625007573880264
0.4,0.0349862908152136
0.4,0.0274411381544975
0.4,0.0596147533119726
0.4,0.0127930638139609
0.4,0.0751513039647527
0.4,0.0689411707954654
0.4,0.024428475927066
0.4,0.026565144201938
0.4,0.046329776361883
0.4,0.0120244980032596
0.4,0.0334662431483922
0.4,-0.00398965476806756
0.4,0.0269237897642963
0.4,0.0704736085146557
0.4,0.00131505976345286
0.4,0.0269133073324295
0.4,0.0637243176442949
0.4,0.0445816684755422
0.4,0.0621509170491332
0.4,0.0920314379336325
0.4,0.0837547031161389
0.4,0.0313332043027608
0.4,0.0660753534872365
0.4,-0.00250976895494338
0.4,-0.00613080020416815
0.4,0.028023065998077
0.4,0.00947631660087329
0.4,0.0368506444954328
0.4,0.0328332658768247
0.4,0.0450938817808463
0.4,0.0892196898341459
0.4,0.0441993692544125
0.4,0.0408751162289776
0.4,-0.00473892255989453
0.4,0.0595907949947536
0.4,0.0278467490589791
0.4,0.0198299902124195
0.4,0.0653265691433855
0.4,0.0720017639773578
0.4,0.0663295012336619
0.4,0.0388428579015429
0.4,0.0676487896743058
0.4,0.0404143052868998
0.4,0.0462718391590713
0.4,0.0586056818871702
0.4,0.0150414073259018
0.4,0.0461871255829042
0.4,0.0698409119439612
0.4,0.032797778300265
0.4,0.00328341530083533
0.4,0.0372397404039968
0.4,0.0118513702369901
0.4,0.0432196741510156
0.4,0.0220775439417766
0.4,0.0742077314293756
0.4,0.0513633751179767
0.4,0.0618487600591948
0.4,0.0158005726419844
0.4,0.0221599348671958
0.4,0.0675423575998454
0.4,0.0439895286970652
0.4,0.0367163553266901
0.4,0.0869659263971855
0.4,0.0825810605245648
0.4,0.0508763086732843
0.4,0.0449849537889599
0.4,0.0690916469622167
0.4,0.0129805713304187
0.4,0.0267957193321943
0.4,0.0434771341183881
0.4,0.0220979891990238
0.4,0.0503980330018388
0.4,0.0216660143518733
0.4,0.0903402889599154
0.4,0.0734348282402507
0.4,0.0367994930489247
0.4,0.0723391028494734
0.4,0.0319225206370211
0.4,0.0686549771829492
0.4,0.0301222200533378
0.4,0.0665408472284536
0.4,0.0358710794712194
0.4,0.0858726397101155
0.4,0.0773597384617781
0.4,0.0688228962354399
0.4,0.0604802990018051
0.4,0.0340488134706965
0.4,0.0650787895549575
0.4,0.0296583206538473
0.4,0.0166754702015137
0.4,0.0383984553039752
0.4,0.0451782454815105
0.4,0.0633190628897061
0.4,0.0022228715785027
0.4,0.071612036428487
0.4,0.0529058291451807
0.4,0.0376956716262039
0.4,-0.0111732675569138
0.4,0.0400442005431812
0.4,0.0598573338185638
0.4,0.0755658977857422
0.4,0.0453915071568983
0.4,0.0586510258341953
0.4,0.0141399836551552
0.4,0.00806551723040693
0.4,0.0601508595697444
0.4,0.0423852404188355
0.4,0.0788390219798994
0.4,0.0799321184521188
0.4,0.0759461078973827
0.4,0.0625228492260458
0.4,0.0706653207457028
0.4,0.0877097816826147
0.4,0.0759902467022343
0.4,0.0386187698794922
0.4,0.0415637391338059
0.4,0.031128769293399
0.4,0.037123835928187
0.4,0.0165473872834981
0.4,0.0730902559302078
0.4,0.0767671076210068
0.4,0.0444955182022505
0.4,0.0417976732082184
0.4,0.076908437812514
0.4,0.0174838818339546
0.4,0.037875636822152
0.4,0.0512091165612215
0.4,0.0507635408228137
0.4,0.007728151756508
0.4,0.0749133521336637
0.4,0.0491057927020703
0.4,0.0420505864532679
0.4,0.0601903538995942
0.4,0.0311430028021348
0.4,0.0325927056444832
0.4,0.0387015056591884
0.4,0.0216719026445204
0.4,0.102910488963191
0.4,0.0417560397705847
0.4,0.0841102942644344
0.4,0.0257564959647815
0.4,0.0526893565272187
0.4,0.0676805621025276
0.4,0.0354112112413251
0.4,0.0739036220326215
0.4,0.0590907564168043
0.4,0.0347926169381517
0.4,-0.00268851590856244
0.4,0.0148877983967997
0.4,0.0450777354800872
0.4,0.0930433113987988
0.4,0.0267878049403369
0.4,0.0269930625752868
0.4,0.00669463289938112
0.4,0.0647188256607186
0.4,0.0782518115644707
0.4,0.0232203053958082
0.4,0.0525184864163034
0.4,0.0871239795109
0.4,0.0766608644602609
0.4,0.0556204360477796
0.4,0.0561828231487658
0.4,0.0278063981224195
0.4,0.00340484775061511
0.4,0.0313052448752477
0.4,0.0186416242111086
0.4,0.0122269425805161
0.4,0.0551091952733757
0.4,0.0401639190682004
0.4,0.0453662497720193
0.4,0.0297801576455018
0.4,0.0273940101534977
0.4,0.0500730437908924
0.4,0.0298765924729529
0.4,0.0602216672394339
0.4,0.0234389898172791
0.4,0.0656435990667001
0.4,0.0820860384259715
0.4,0.0503519333288913
0.4,0.0139612794546005
0.4,0.0351873197575922
0.4,0.0908045075492439
0.4,0.0474962325153865
0.4,-0.00112995706146839
0.4,0.0362258207782675
0.4,0.038649031606622
0.4,0.0951469494258887
0.4,0.0745444939292985
0.4,0.0853096085879187
0.4,0.0582090269760356
0.4,0.0628057682734782
0.4,0.0181457404194378
0.4,0.0328236506858471
0.4,0.036037119030491
0.4,0.0617233510354226
0.4,0.0215361114351192
0.4,0.055181453048083
0.4,0.0434269082335615
0.4,0.0937769582058603
0.4,0.0864766375281897
0.4,0.0840379221782681
0.4,0.0432288661373142
0.4,0.0337435936521569
0.4,0.047257636722974
0.4,0.0166111141434895
0.4,0.0350420371312884
0.4,0.0236881488261024
0.4,0.0322138224956096
0.4,0.0376296986101285
0.4,0.0538509848216231
0.4,-0.0062073964398227
0.4,0.085974731385572
0.4,0.0477975381606697
0.4,0.0587185576220593
0.4,0.0379640601665407
0.4,0.0290666463000409
0.4,0.013018656907297
0.4,0.0085085087133342
0.4,0.0652713989916034
0.4,0.0666247012098113
0.4,0.0554838743601482
0.4,0.0248491727708829
0.4,0.068469388487238
0.4,0.010536363091847
0.4,0.0500164891393143
0.4,0.0135602240359549
0.4,-0.00598586681090983
0.4,0.0770921626004766
0.4,0.0591976101576987
0.4,0.0447253377100884
0.4,0.0448296051144002
0.4,0.041505744373978
0.4,0.0641958342726339
0.4,0.0546715866419176
0.4,0.0368726086561515
0.4,-0.00859413113632016
0.4,0.0423358178055664
0.4,0.0408137055131432
0.4,0.0134928470911401
0.4,0.0599890878109789
0.4,0.0721658923949168
0.4,0.0558973790972969
0.4,0.0630817531866849
0.4,0.0622134215628734
0.4,0.0539981937512652
0.4,0.0225999852559641
0.4,0.0919788563053453
0.4,0.0333442586152557
0.4,0.0366399750812897
0.4,0.0862042159541351
0.4,0.0187646067212621
0.4,0.0534441278306744
0.4,-0.020282825487669
0.4,0.0187670153069164
0.4,0.0399109895123363
0.4,0.0177671545719372
0.4,0.0581321900915056
0.4,0.0613420871698801
0.4,0.0455031826357542
0.4,0.0108252416747861
0.4,0.078812837577671
0.4,0.0526166668793721
0.4,0.0796878057369783
0.4,0.0825891931399196
0.4,0.0339458847138428
0.4,0.0366054296009732
0.4,0.00819499591216315
0.4,0.0152085095923111
0.4,0.0922753146918168
0.4,0.0493324689285458
0.4,0.0694178883904385
0.4,0.0520890750538628
0.4,0.0303214809638825
0.4,0.058818392879813
0.4,0.0360567518529993
0.4,0.0493507558601884
0.4,0.0537191857922896
0.4,0.0436550673344415
0.4,0.0604822418444423
0.4,0.0468454134429904
0.4,0.0215857307279091
0.4,0.0842011601190042
0.4,0.0416952600853303
0.4,0.0208191903621828
0.4,0.0145662983417233
0.4,0.0605945429226164
0.4,0.0329801168109258
0.4,0.0572983819447865
0.4,0.0101421525540674
0.4,0.0804765547406501
0.4,0.0611874868279221
0.4,0.0550175309221165
0.4,0.0422085966174514
0.4,0.0466872955685779
0.4,0.0300260463221016
0.4,0.0593248278585875
0.4,0.0181139867065743
0.4,0.0146803554490398
0.4,0.0458249686383396
0.4,0.0687904586770054
0.4,0.0611523926290581
0.4,0.083862890431844
0.4,-0.000969373324673539
0.4,0.0877802785291982
0.4,0.0289841609149122
0.4,0.0420692888137057
0.4,0.0298392572752194
0.4,0.0510168677465767
0.4,0.061823171180835
0.4,0.0435264081735825
0.4,0.0360388977659108
0.4,0.0420882646222031
0.4,0.0617483200428824
0.4,0.0320630519964811
0.4,0.100577254041303
0.4,0.049871032709876
0.4,0.0402678004658518
0.4,0.0521082098999703
0.4,-0.0289829725174131
0.4,0.0637406012127971
0.4,0.0736233711429788
0.4,0.0394309101648954
0.4,0.0441163335637622
0.4,0.03533506751804
0.4,0.064624620273461
0.4,0.0796775028019675
0.4,0.0295804640635287
0.4,0.0613279211829104
0.4,0.0389998619477895
0.4,0.0203038805908356
0.4,0.0382653584736608
0.4,0.0630096041924166
0.4,-0.00729876874815512
0.4,0.0553271282613608
0.4,0.0651318605476188
0.4,0.0467948095690714
0.4,0.0282414964799969
0.4,0.020914994228126
0.4,0.045086004503992
0.4,0.0733799095775197
0.4,0.0476961773713423
0.4,0.0510505814443641
0.4,0.0249910621590817
0.4,0.0373469251663118
0.4,0.048772411885061
0.4,0.0491248617975196
0.4,0.0595571580981115
0.4,0.0358181408203949
0.4,0.052326833699403
0.4,0.0323753044474938
0.4,0.0623666376657146
0.4,0.0193257563011196
0.4,0.0231957175605536
0.4,0.0677964934627918
0.4,0.0503921396153724
0.4,-0.00137948715757175
0.4,0.0556602756812483
0.4,0.0611894038973586
0.4,-0.0103747673465686
0.4,0.0336764133892217
0.4,0.0471746490752396
0.4,0.0853962907756954
0.4,0.0386909801384489
0.4,0.0581121294260692
0.4,0.0602818902721653
0.4,0.0594361175426506
0.4,0.0133802395722375
0.4,0.0116578885094013
0.4,0.0412501169296787
0.4,0.0566858699974246
0.4,0.0469267716073226
0.4,0.0266735745273761
0.4,0.0132352760973459
0.4,0.0503618768357014
0.4,0.04524739140337
0.4,0.0647455777447274
0.4,0.0659878456804237
0.4,0.0407048010380859
0.4,-0.0101594901351842
0.4,0.0694927907142927
0.4,0.0180818911299345
0.4,0.0681602183468882
0.4,0.0667138311839372
0.4,0.0621014706782797
0.4,0.012148409461909
0.4,0.0327015131702288
0.4,0.0428021277197215
0.4,0.102718120204176
0.4,0.0271839184237188
0.4,0.0926308511554424
0.4,0.0586920638431287
0.4,0.103992572200195
0.4,0.0412134179825975
0.4,0.057378761107939
0.4,0.020524842933386
0.4,0.0595717784844334
0.4,0.0587029340605555
0.4,0.0519931765302279
0.4,0.0295942537126107
0.4,0.0151879647997101
0.4,0.0170046419146958
0.4,0.0502664591788213
0.4,0.0882613086158135
0.4,0.078449393751958
0.4,0.0335371311562408
0.4,0.0597918601559455
0.4,0.0461763704842993
0.4,0.049110031161809
0.4,0.0334637031993488
0.4,0.053703178511597
0.4,0.0489418339910759
0.4,0.0635366530074984
0.4,-0.015142319945162
0.4,0.0485905161614347
0.4,0.00474101652905782
0.4,0.0792808923412406
0.4,0.0722396474980301
0.4,0.0778760597754431
0.4,0.0288882169073421
0.4,0.0493642885028201
0.4,0.0494073041793803
0.4,-0.00237475066375053
0.4,0.0330146471754011
0.4,0.0745984671993007
0.4,0.0488202320573145
0.4,0.0882240914013492
0.4,0.094463839525647
0.4,0.0267607510622945
0.4,-0.0226612155766569
0.4,0.0514049405810958
0.4,0.0357920587460743
0.4,0.0430462234696065
0.4,0.0227664514292605
0.4,0.0612870482009007
0.4,0.0737659501306618
0.4,0.0278002059926648
0.4,0.0573536699984414
0.4,0.0288685477451689
0.4,0.0385488974532465
0.4,0.0721809127959807
0.4,0.0783642391642989
0.4,0.0419993403801139
0.4,0.0645317464315254
0.4,0.0562265328806973
0.4,0.0453914337922595
0.4,0.0130212770682517
0.4,0.0321436785101257
0.4,0.0415760997440623
0.4,0.070449964229736
0.4,0.0410249586391148
0.4,0.0158734660854414
0.4,0.0447684178421296
0.4,0.0169829859955727
0.4,0.0389868674528011
0.4,0.0797507782589149
0.4,0.0629586832042839
0.4,0.0786566230782783
0.4,-0.0176648459912787
0.4,0.0865956914259706
0.4,0.0188507655502138
0.4,0.0627803286628363
0.4,0.0503855950463462
0.4,0.0604756833116085
0.4,0.0119910489087708
0.4,0.0868486183763715
0.4,0.0494704605248177
0.4,0.0681990612667808
0.4,0.0425829281259065
0.4,0.0468371059208686
0.4,0.00733386788317105
0.4,0.00472699519996926
0.4,0.0123440752098594
0.4,0.0730985445224302
0.4,0.0963118075469952
0.4,0.0495019494792167
0.4,0.0760619528262582
0.4,0.0137284763260411
0.4,0.108600394834496
0.4,0.035335192428025
0.4,0.0158001393552383
0.4,0.0673460611310412
0.4,0.0774114030717541
0.4,0.0646569462401489
0.4,0.0482121307603869
0.4,0.0681034037428345
0.4,0.0363882448281118
0.4,0.0312622939921434
0.4,0.0202182067145093
0.4,0.0186217435656181
0.4,0.014260484144785
0.4,0.0598949783434049
0.4,0.0682633191034177
0.4,0.046401800572529
0.4,0.017683925457098
0.4,0.0621755249870888
0.4,-0.0149777539644863
0.4,0.0308288853063504
0.4,0.0571071762928677
0.4,0.0459982081437232
0.4,0.075619089172805
0.4,0.0351787156677099
0.4,0.0682321233323269
0.4,0.0772468380108592
0.4,0.073276282900703
0.4,0.0687862747622931
0.4,0.0403961578517031
0.4,0.052556751615275
0.4,0.0561514822321796
0.4,0.0638363048006553
0.4,0.0416584121868378
0.4,0.0217614255975018
0.4,0.0749147748707533
0.4,0.0884402588704567
0.4,0.0566944914109371
0.4,0.0523282959861787
0.4,0.0627226035065667
0.4,0.041834044492752
0.4,0.0629304405341386
0.4,0.0526569583735334
0.4,0.0547906750653519
0.4,0.0763820796711362
0.4,0.0491396905955221
0.4,0.0451258426672859
0.4,0.0226471350210484
0.4,0.0647585815991858
0.4,0.0304122658758863
0.4,0.0248713914493773
0.4,0.0763600933100321
0.4,0.0410549377270849
0.4,0.0253881702842452
0.4,0.0291810237893163
0.4,0.0787710678925112
0.4,0.0278983855336128
0.4,0.00876253231403758
0.4,0.0608487293470751
0.4,0.0222574926589418
0.4,0.0460993092198361
0.4,0.0537169104013269
0.4,0.0764375633090952
0.4,0.0303450924353864
0.4,0.0556304531681799
0.4,0.0291868189582029
0.4,0.0390647646091653
0.4,0.0530064709085121
0.4,0.072351987517823
0.4,0.03951509746502
0.4,0.0622081177025863
0.4,-0.015837382578749
0.4,0.0475281185788904
0.4,0.0503287973233831
0.4,0.0237723877315314
0.4,0.088170018974655
0.4,0.0330860357605866
0.4,0.070658572963048
0.4,0.0919911702796767
0.4,0.0141731220882979
0.4,0.0536442453088441
0.4,0.0508473013508997
0.4,0.0179662143676329
0.4,0.0788814058205814
0.4,0.0338292311534079
0.4,0.0433243855926241
0.4,0.0313434048696475
0.4,0.0234587911356452
0.4,0.0182395148323424
0.4,0.0284733799916699
0.4,0.0404325677204763
0.4,0.0743920961416
0.4,-0.000428555218352649
0.4,0.0165466984776951
0.4,0.0572455923809849
0.4,0.0246591717928347
0.4,0.06983730341052
0.4,0.0605853279837475
0.4,0.0190639218261251
0.4,0.0622507212688298
0.4,0.0473163833298802
0.4,0.0184677797716164
0.4,0.02737472066709
0.4,0.0563070089324633
0.4,0.0769411875277456
0.4,0.0636906551220873
0.4,0.0559358988691894
0.4,0.0323134841070276
0.4,0.0926568570128822
0.4,0.0455612494378077
0.4,0.0888684888982158
0.4,0.00596190004249162
0.4,0.0985595434795073
0.4,0.0256122165505555
0.4,0.0923058895428461
0.4,0.0510455861899125
0.4,0.0541497752149095
0.4,0.0528254613639861
0.4,0.0675940388589413
0.4,0.0467201787527072
0.4,0.0748482413857362
0.4,0.0345770804953672
0.4,0.021110043917976
0.4,0.0550869163061724
0.4,0.0543346227996799
0.4,0.0167514737705339
0.4,0.036819390755819
0.4,0.0728700044732689
0.4,0.0288803553110435
0.4,0.0728488274694487
0.4,0.0554972226953198
0.4,0.0150170809177024
0.4,0.0509077792863239
0.4,0.0264755328601844
0.4,0.0627857348667525
0.4,0.0143299255466425
0.4,0.0556320140100601
0.4,0.0210617784591082
0.4,0.0560666903455104
0.4,0.0438424009165894
0.4,0.0637457364912004
0.4,0.048927290106384
0.4,0.0705347378572372
0.4,0.0099115506722587
0.4,0.074301945845374
0.4,0.0585630287069147
0.4,0.0474330272552601
0.4,0.0382391646747126
0.4,0.011092143134969
0.4,0.0406321432742794
0.4,0.043112035697957
0.4,0.0770075722205588
0.4,0.0656672092460681
0.4,0.0295826371748498
0.4,0.0749242246032451
0.4,0.0581193858484911
0.4,0.0506753852415281
0.4,0.0559759081089781
0.4,0.0206798893223724
0.4,0.0479502685373732
0.4,0.0361273581749833
0.4,0.0501570921533634
0.4,0.00779165398827405
0.4,0.0663182937918205
0.4,0.0957464667278152
0.4,0.0325647205474178
0.4,0.0266238775948353
0.4,0.0925903100053984
0.4,0.0323953956419691
0.4,0.0281942839521021
0.4,0.0309286119986806
0.4,0.0562360126886376
0.4,0.0593513942853732
0.4,0.0245781894862124
0.4,0.0281673134195548
0.4,0.0536008334169292
0.4,0.0245442226109752
0.4,0.0893127144638455
0.4,0.0245921615681314
0.4,0.0593298787994569
0.4,0.0628689726814068
0.4,0.0877036816775041
0.4,0.0613828978355482
0.4,-0.0128476366861683
0.4,0.0692230482287548
0.4,0.0634639472407316
0.4,0.0640954976037747
0.4,0.0536213945735803
0.4,0.0131847628715025
0.4,0.0690112101391621
0.4,0.023152955821769
0.4,0.0596585573951007
0.4,0.0557312657126353
0.4,0.0626047880698718
0.4,0.0576578313940878
0.4,0.0340023353370822
0.4,0.0730768268347183
0.4,0.0521674447216925
0.4,0.047811929936638
0.4,0.0660641514911951
0.4,0.0545422341985158
0.4,0.08702179721057
0.4,0.0501942409071637
0.4,0.0757800583955329
0.4,0.0347523409629855
0.4,0.0873865455370275
0.4,0.03855728980989
0.4,0.0634747841597426
0.4,0.0325829355944871
0.4,0.0168343700821447
0.4,0.0378642258728576
0.4,0.0489331276538639
0.4,0.0611581194142335
0.4,0.0180537100724991
0.4,0.034462145251738
0.4,0.0460961551496005
0.4,0.0362402992783366
0.4,0.0915996065827082
0.4,0.0374994395477609
0.4,0.062310013416433
0.4,0.0433865504957946
0.4,0.0498821727660711
0.4,0.0279433531896097
0.4,0.0707687650600042
0.4,0.0602443312176834
0.4,0.0527979938265838
0.4,0.0517172606229163
0.4,0.0634761918389373
0.4,0.0112107070045837
0.4,0.0430574537911688
0.4,0.0968347247964779
0.4,0.0497113466838509
0.4,0.0506954238712717
0.4,0.0295357728204017
0.4,0.0461716422541262
0.4,0.0175734203066378
0.4,-0.0117408049953991
0.4,0.053657860167912
0.4,0.0711158990512005
0.4,0.0391201446058219
0.4,0.0300893935812053
0.4,0.00473780490816628
0.4,0.00534450978779909
0.4,0.0363261746929847
0.4,0.0499497300649261
0.4,-0.0107013940084426
0.4,0.017397092508404
0.4,0.0625351489618917
0.4,0.113718567317165
0.4,0.0604709115844053
0.4,0.0468559837388982
0.4,0.0468334932392514
0.4,0.0447671008102919
0.4,0.0218579584426282
0.4,0.0192215175696512
0.4,0.0274324364641976
0.4,0.0268808838727854
0.4,0.0933995979270665
0.4,-0.00540327000095954
0.4,0.062268468809229
0.4,0.0477575308187837
0.4,0.0561628042629048
0.4,0.0241463118875932
0.4,0.0803023008202373
0.4,0.0408891590801232
0.4,0.0813677864836319
0.4,0.000621709248211088
0.4,0.0461963605888676
0.4,0.0391649149195843
0.4,0.0658839748453704
0.4,0.0413658872674572
0.4,0.0259995265744757
0.4,0.0171872156606782
0.4,0.0268741552034345
0.4,0.0503528982717939
0.4,0.0571463243320024
0.4,0.0129614167106416
0.4,0.026423880506751
0.4,0.0493070210532381
0.4,0.0127595770660056
0.4,0.0464408289973984
0.4,0.0144086808957229
0.4,0.0404528621895973
0.4,0.0708332901979127
0.4,0.0560657683993442
0.4,0.0802126667113613
0.4,0.0303408911601018
0.4,0.0757818550745539
0.4,0.0311284179575862
0.4,-0.00973724782392048
0.4,0.0967911245957101
0.4,0.0315155534006037
0.4,0.00107139358402998
0.4,0.0609488831958129
0.4,0.0228351924173775
0.4,0.058924046635616
0.4,0.0431034546467735
0.4,0.0857145553142708
0.4,0.0317380575206911
0.4,0.048325075843711
0.4,0.067452007034719
0.4,0.0191328272149885
0.4,0.050427039538858
0.4,0.0818015805622417
0.4,0.0522479835346075
0.4,0.0392338961268495
0.4,0.0274551533575018
0.4,0.0705611962137012
0.4,0.0810565580220537
0.4,0.0100682131984464
0.4,0.0252101469898072
0.4,0.0373260325734764
0.4,0.0871332902099718
0.4,0.0389365882074913
0.4,0.0375513096991261
0.4,0.0454135610305434
0.4,0.010319141957982
0.4,0.0592484545758992
0.4,0.0139779904306956
0.4,0.0752722954439098
0.4,0.0327829951174234
0.4,0.0123566905274277
0.4,0.0325786817395147
0.4,0.0611488184043114
0.4,-3.74012308537722e-05
0.4,0.0242340600152883
0.4,0.0209953807679873
0.4,0.0884026918878837
0.4,0.0374574614836446
0.4,0.025461129095028
0.4,0.0175331587500019
0.4,0.0277669599989023
0.4,0.0323237000071142
0.4,0.0449479689862017
0.4,0.021015544882585
0.4,0.0344040648702455
0.4,0.0233761706970745
0.4,0.0146342784550874
0.4,0.0661791711590531
0.4,0.0431882488723677
0.4,0.0543361239566451
0.4,0.0391541240561052
0.4,0.0655105136839032
0.4,0.0408204530389811
0.4,0.0367221080694858
0.4,0.0479455929413184
0.4,0.00997577696668504
0.4,0.106363931018887
0.4,0.0474357219510888
0.4,0.036251418324741
0.4,0.070843505950163
0.4,0.0509795044507757
0.4,0.0525739641976045
0.4,0.0653874028625466
0.4,0.0808055180104329
0.4,0.0750467891195289
0.4,0.0379392233376393
0.4,0.042872137679939
0.4,0.0630105729363906
0.4,0.040365039779167
0.4,0.0572272831913679
0.4,0.0620320718874264
0.4,0.0583523554340543
0.4,0.0516013784908978
0.4,0.0426632631186311
0.4,0.0585350140355214
0.4,0.0519397068463331
0.4,-0.00254553436921865
0.4,0.0620680662267969
0.4,0.0167717261541688
0.4,0.0472301481936149
0.4,0.0459882195401633
0.4,0.0352990686537905
0.4,0.0513837098969086
0.4,0.0566438059082775
0.4,0.0454584869044372
0.4,0.0352670195203881
0.4,0.0878449361406932
0.4,0.0467264727896612
0.4,0.053336496977218
0.4,0.0601114927416767
0.4,0.0336953783007258
0.4,0.052403075125552
0.4,0.032790738886568
0.4,0.043823526062835
0.4,0.0517563735295497
0.4,0.0543689907204231
0.4,0.0566589744331039
0.4,0.0622429828763266
0.4,0.0263560555969232
0.4,0.0141996428154347
0.4,0.0787008969577892
0.4,0.0431629613751117
0.4,0.0500312956542384
0.4,0.0724940775075196
0.4,0.076391822481124
0.4,0.0833483096366036
0.4,0.0255457988235713
0.4,0.0358509400815499
0.4,0.0651631235862706
0.4,0.00211650399318147
0.4,0.0531314212989708
0.4,0.023075053127797
0.4,0.0191285218564666
0.4,-0.0125162432008626
0.4,0.027903777174382
0.4,0.0100624523023463
0.4,0.0598708636923063
0.4,0.060754007804725
0.4,0.0365450052282379
0.4,0.0470755691202543
0.4,0.032941642174791
0.4,0.0313098229093981
0.4,0.0740035307055006
0.4,0.00146356925866404
0.4,0.0149898567055226
0.4,0.0529242574165733
0.4,0.0505463269177349
0.4,0.0513934768668393
0.4,0.0197395739061371
0.4,0.00213337846056924
0.4,0.019189612787928
0.4,0.0613235353126378
0.4,0.0526259220032059
0.4,0.028856088308531
0.4,0.0488956008782673
0.4,0.00501504630600143
0.4,0.0528711143369644
0.4,0.0521011284603646
0.4,0.021993416997078
0.4,0.048421639638731
0.4,0.0802492006963155
0.4,0.0661956727186223
0.4,0.0410503808514846
0.4,0.0688046621214982
0.4,0.058828569612099
0.4,0.0554264707099634
0.4,0.019454158867287
0.4,0.0359569726291042
0.4,0.0517499535267635
0.4,0.0644716020649345
0.4,0.0396846330436076
0.4,0.0797786212933103
0.4,0.0413473032192699
0.4,0.0508336442547629
0.4,0.0420491129907581
0.4,0.091086413370148
0.4,0.0927208444942421
0.4,0.0192887167556384
0.4,0.0904748977820619
0.4,0.087189609907412
0.4,0.0217994705036122
0.4,-0.000139387439196149
0.4,0.0361160653823748
0.4,0.049945369957556
0.4,0.0319162480072701
0.4,0.0355842894265094
0.4,0.0525623745623518
0.4,0.0830209726830119
0.4,0.0529932510707748
0.4,0.0740522027703992
0.4,0.0336985248368308
0.4,0.0220932961040271
0.4,0.0633169755997218
0.4,0.0108149415344266
0.4,0.035074608653749
0.4,0.0502324420145776
0.4,0.00255898967091675
0.4,0.0776601289715089
0.4,0.0430189256507897
0.4,0.0561698624588667
0.4,0.0622971028792889
0.4,0.0559369150824653
0.4,0.0165008384027444
0.4,0.0244367357474256
0.4,0.0724282896156115
0.4,0.0357502668640331
0.4,0.0690813932827337
0.4,0.038613537684286
0.4,0.0281331850849486
0.4,0.056808570116824
0.4,0.0441078145052911
0.4,0.0659211549895273
0.4,0.0448257355652668
0.4,0.0282139058189386
0.4,0.0457441038271563
0.4,0.0745361655199307
0.4,-0.00961906235158749
0.4,0.0602388267484065
0.4,0.0650968348890059
0.4,0.0407231350652192
0.4,0.052052683795503
0.4,0.0537002614746233
0.4,0.0454956794103133
0.4,0.0773601923826802
0.4,0.0440278620686432
0.4,0.054757137847611
0.4,0.0866617173553443
0.4,0.0514248155343179
0.4,0.04694122741141
0.4,0.0390311101543382
0.4,0.0419118092374623
0.4,0.0457447152700603
0.4,0.0768898166166866
0.4,0.0637417175067826
0.4,0.033056973436464
0.4,0.0572843990978646
0.4,0.0381064314256648
0.4,0.0271738043628329
0.4,0.0711247338994379
0.4,0.0366509047124081
0.4,0.0444879613186377
0.4,0.0241342046259158
0.4,0.0645004540732262
0.4,0.0437969375376697
0.4,0.049528126833572
0.4,0.0428080931461594
0.4,0.0215103785265521
0.4,0.0475671324659926
0.4,0.0511332893019078
0.4,0.0129800680178027
0.4,0.072073570790057
0.4,0.0598552559269175
0.4,0.0075260725459938
0.4,0.0301723632204947
0.4,0.0783774804761889
0.4,0.0416356186978441
0.4,0.00426462955146297
0.4,0.033207948216246
0.4,0.0623649297449877
0.4,0.0387360615338783
0.4,-0.0155450924870915
0.4,0.0230088314616971
0.4,0.0375699234959142
0.4,0.0418540653323557
0.4,0.0466273040477438
0.4,0.0509817510323308
0.4,0.0788062744577866
0.4,0.0643427875268894
0.4,0.0677016269103239
0.4,0.0175978483138122
0.4,0.0447191397233072
0.4,0.0391242012760357
0.4,0.0883940648403291
0.4,0.0169822786500275
0.4,0.0975834027093857
0.4,0.0356559289008757
0.4,0.00279676409554547
0.4,0.0430510017631187
0.4,0.0797355600702853
0.4,0.0372165498364003
0.4,0.0968507878733976
0.4,0.0537021667606471
0.4,0.032155036639139
0.4,0.0290811375202212
0.4,0.028135738732642
0.4,0.0495323662839567
0.4,0.0203736804528534
0.4,0.0640316344396277
0.4,0.0656445397984002
0.4,0.0457639890822867
0.4,0.0722579844878838
0.4,0.0514704486141627
0.4,0.0472678092293974
0.4,0.0492034081633825
0.4,0.0843782781226368
0.4,0.0761133007518329
0.4,0.0419292232104862
0.4,0.0753126709384307
0.4,0.0619165739506239
0.4,0.0528832575509064
0.4,0.0503948566436678
0.4,0.0487773234110615
0.4,0.0372339609038743
0.4,0.0723801134741671
0.4,0.0288519686825291
0.4,0.0422310710277518
0.4,0.0863845041148808
0.4,0.0493950373627389
0.4,0.0457888898987649
0.4,0.056798499547542
0.4,0.0638735282187822
0.4,0.0490774003578233
0.4,0.0257944591104191
0.4,0.0554364263846628
0.4,0.0191088353058484
0.4,0.0855981427139712
0.4,0.00505342696509123
0.4,0.0289780860234854
0.4,0.092773280629359
0.4,0.0619890345977549
0.4,0.0378607208697503
0.4,0.0153596762825636
0.4,0.0443145646151001
0.4,-0.00561924290684675
0.4,0.0510988472055088
0.4,0.0380588592012743
0.4,0.0444962262209051
0.4,0.0194835092707992
0.4,0.0437494197914812
0.4,0.0703721959763968
0.4,0.0535930915870617
0.4,0.056456983406436
0.4,0.0715017046132319
0.4,0.0343646163179207
0.4,0.0804831184161283
0.4,0.033113561286662
0.4,0.096159852108144
0.4,0.0468459498834576
0.4,0.0354408547057772
0.4,0.055443556857145
0.4,0.0517147195681638
0.4,0.0170220894587155
0.4,-0.0142875018193309
0.4,0.130200456231348
0.4,0.0744694463467454
0.4,0.049908962577094
0.4,0.0679166564332054
0.4,0.0811906196666573
0.4,0.0622963438692169
0.4,0.0250960701791299
0.4,0.0522379358292449
0.4,0.0428831198849381
0.4,0.0398974511060813
0.4,0.0554511421672823
0.4,0.0778225806141073
0.4,0.0340328480696164
0.4,0.0471179524437373
0.4,0.0817339546968993
0.4,0.0580780685910916
0.4,0.0368041776651437
0.4,0.0741809340574644
0.4,0.0232939196172318
0.4,0.024297427685395
0.4,0.0771680256475384
0.4,0.0309585418689067
0.4,0.0572064430216785
0.4,0.0711610773378593
0.4,0.0604749336095587
0.4,0.0425864484826601
0.4,0.0399104709739146
0.4,0.0543228139784078
0.4,0.0782350724222587
0.4,0.0484477539187337
0.4,0.0376378532830441
0.4,-0.00281352841998144
0.4,0.011821853360285
0.4,0.0594849867056595
0.4,0.0395115689208837
0.4,0.0576582221592934
0.4,0.0304736941574287
0.4,0.0664594678571396
0.4,0.0277001565323262
0.4,0.0164757832415746
0.4,0.0557368273382594
0.4,0.0644068259324103
0.4,0.0317427328171386
0.4,0.00314296540228871
0.4,0.0904315705748122
0.4,0.055990720034938
0.4,0.0539842015321935
0.4,0.0389940067004996
0.4,0.0538955668842818
0.4,0.105242886971954
0.4,0.0635452149480853
0.4,0.0694687713705601
0.4,0.0234809337923535
0.4,0.0592474490711541
0.4,0.0153979512547331
0.4,0.0603836021397213
0.4,0.0820409455415545
0.4,0.0398865714333751
0.4,0.0592221892139469
0.4,0.0801808474017759
0.4,6.24017742635674e-05
0.4,-0.0152861808495815
0.4,0.0582067898887626
0.4,0.0974502317185102
0.4,0.0216093426573072
0.4,0.0663382794027522
0.4,0.0156532076268056
0.4,0.0693009872023333
0.4,0.0380299637868898
0.4,0.0748961133615986
0.4,0.0518694421413546
0.4,0.0725323428592727
0.4,0.043870484739887
0.4,0.0733855021720851
0.4,0.0482927057421084
0.4,0.00848209094822184
0.4,0.0503480679944473
0.4,0.0478546900359859
0.4,0.0843089460057573
0.4,0.0305361387573867
0.4,0.0289686149051895
0.4,0.0624004617349632
0.4,0.0468284549093718
0.4,0.0601701956297863
0.4,0.0694508266538781
0.4,0.0331709823557183
0.4,0.0423653934093154
0.4,0.0801481861307672
0.4,0.0661577412295788
0.4,0.0577450919157379
0.4,0.0492138475903618
0.4,0.0597588758631584
0.4,0.035697398214313
0.4,0.0552594365363967
0.4,0.0702644435627929
0.4,0.0306704777426114
0.4,0.044475104486057
0.4,0.0599278109096521
0.4,0.0872153848228189
0.4,0.0233898039155223
0.4,0.0240256810511753
0.4,0.0760804901878517
0.4,0.0754135848673687
0.4,0.0520706484902588
0.4,0.0453358283083328
0.4,0.0231190554331918
0.4,0.0132558954304168
0.4,0.0965524914169607
0.4,0.0641411707896484
0.4,0.0289362129211712
0.4,0.0208644090599638
0.4,0.0696196869364803
0.4,0.0965271254180201
0.4,0.0673671371505568
0.4,0.035587669744317
0.4,0.0458277912568577
0.4,-0.0149795242750108
0.4,0.0608893085224701
0.4,0.0648492165202589
0.4,0.00717854440068414
0.4,-0.016489563953258
0.4,0.0509406372393724
0.4,0.0390106764484819
0.4,0.0817350188270747
0.4,0.0603526383639466
0.4,0.0170865977776282
0.4,0.0435063957782557
0.4,0.00481987441006576
0.4,0.0482515499241807
0.4,0.0444530686060251
0.4,0.050725652555888
0.4,0.0666031238681448
0.4,0.0554369896282175
0.4,0.0479169500913054
0.4,0.0244558509827502
0.4,0.0498914700888295
0.4,0.0383893621090579
0.4,0.0685722487522597
0.4,0.0211782812166356
0.4,0.0322462913316737
0.4,0.0222978167992495
0.4,0.0400890914276103
0.4,0.0600619958084209
0.4,0.0331219862439585
0.4,0.048145120451025
0.4,0.0559899546234271
0.4,0.0629226592923849
0.4,0.0477659980426112
0.4,0.0504002749448097
0.4,0.0810647016021266
0.4,0.043031568572665
0.4,0.0244795818812991
0.4,0.0510406221703015
0.4,0.0797131867851255
0.4,0.0659381495018264
0.4,0.054320136105367
0.4,0.0337868628485846
0.4,0.0039486006887604
0.4,0.0641777943003567
0.4,0.0356640475067061
0.4,0.0702482198626347
0.4,0.0391424780542622
0.4,0.0612426293029687
0.4,0.0556061064782963
0.4,0.0451637863919137
0.4,0.0552162461577805
0.4,0.0611443942169971
0.4,0.0223542807198759
0.4,0.0152867609363153
0.4,0.0292128735971603
0.4,0.0619821850461568
0.4,0.023511687894598
0.4,0.0512177036036746
0.4,0.0392586322766118
0.4,0.0452037762840687
0.4,0.0566687459001267
0.4,0.069171973659829
0.4,0.0489524130511731
0.4,0.110910942843954
0.4,0.0148614954430515
0.4,0.0476565745602564
0.4,0.0697345617888682
0.4,0.0499476228625371
0.4,0.0180367206337721
0.4,0.103012064790894
0.4,0.0359944910002167
0.4,0.0801076902668073
0.4,0.0494511179672481
0.4,0.0340294405287066
0.4,0.0419011274141768
0.4,0.0249476327235643
0.4,0.0557240299744691
0.4,0.0438897294052157
0.4,0.088641208300997
0.4,0.045061334175205
0.4,0.0401410266730889
0.4,0.0872912563278671
0.4,0.0125463612962031
0.4,0.0178936227657878
0.4,0.016236952880372
0.4,0.0220031805633731
0.4,0.00941669402175329
0.4,0.035763814570869
0.4,0.0103243713099509
0.4,0.0828562157130325
0.4,0.0878493791256119
0.4,0.0589091235238743
0.4,0.0493758522828111
0.4,0.0227244444908538
0.4,0.0316483727930331
0.4,-0.0415968815624161
0.4,0.055032623748966
0.4,0.0487403726297506
0.4,0.00869283370992131
0.4,0.0700617738199902
0.4,0.0133224514249716
0.4,0.0381717704390653
0.4,0.0296842747704483
0.4,0.0265886246891759
0.4,0.0759548425709332
0.4,0.0205542908617261
0.4,0.0538207607382813
0.4,0.0488107008433486
0.4,0.0585541270314057
0.4,0.0363587843910898
0.4,0.0192192495290611
0.4,0.0394335002253405
0.4,0.0469235100013622
0.4,0.0340069268071033
0.4,-0.00688215196636746
0.4,0.0373729376502259
0.4,0.0554429995200627
0.4,0.049773032370901
0.4,0.0266004070970497
0.4,0.0690345714871895
0.4,0.0336704711156873
0.4,0.0641578159511222
0.4,0.0386691457480302
0.4,0.0879195005716949
0.4,0.0546972821372438
0.4,0.080043236409706
0.4,0.0344851208270937
0.4,0.0491482876332563
0.4,0.0630040762053626
0.4,0.057477591209418
0.4,0.085579217694259
0.4,0.0565574444566018
0.4,0.0244490266158762
0.4,0.0532519155244706
0.4,0.00150493812752552
0.4,0.109017075269562
0.4,0.0573824257353427
0.4,0.0584023776890722
0.4,0.0439720128276884
0.4,0.0199766777340741
0.4,0.025605102333449
0.4,0.0217723770750772
0.4,0.0335479727494689
0.4,0.0156562673127285
0.4,0.0515164547089991
0.4,0.0613554300537321
0.4,0.0504284221281775
0.4,0.0329426380868951
0.4,0.0751886978533661
0.4,0.0527434950153422
0.4,0.0262059024776218
0.4,0.047514841298907
0.4,0.0394621487647143
0.4,0.0309190688774404
0.4,0.031225297546169
0.4,0.0534077528475273
0.4,0.0662033177746114
0.4,0.0870382956677281
0.4,0.035052616378692
0.4,0.0252572196276609
0.4,0.0483970416854718
0.4,0.041316578564112
0.4,0.0609746683484844
0.4,0.0260552222751756
0.4,0.0385606378470528
0.4,0.0317687410894399
0.4,0.0346705345610084
0.4,0.0588963302639203
0.4,0.0211733282971946
0.4,0.0180290082913958
0.4,0.0525170612302769
0.4,0.0229730771241762
0.4,0.0635531271489692
0.4,0.0298240228842075
0.4,0.00435925842445343
0.4,0.0465620484603524
0.4,0.0388697615941042
0.4,0.057451217515863
0.4,0.0594746760017744
0.4,0.0690973411386683
0.4,0.0101938135985235
0.4,0.0415514606823145
0.45,0.0277106586142796
0.45,0.00417349430030962
0.45,0.0441121878521391
0.45,0.0734248084177406
0.45,0.076891983722775
0.45,0.0390613684321751
0.45,0.0878420024789786
0.45,0.0793458533982735
0.45,0.0506494118848781
0.45,0.033137975037213
0.45,0.0135937415384388
0.45,0.00959028987849481
0.45,0.0853141515471395
0.45,0.0611975507758645
0.45,0.0550372717082016
0.45,0.0747241618245243
0.45,0.0571203132048674
0.45,0.078226516685316
0.45,-0.00328168669372119
0.45,0.0322201879629064
0.45,0.0742718733355447
0.45,0.0583573051321609
0.45,0.011135770705702
0.45,0.0527266095902177
0.45,0.0463124439883517
0.45,-0.0106272045596549
0.45,0.0282483745355045
0.45,0.048671112601425
0.45,0.0446893141215122
0.45,0.0337061643360578
0.45,0.0476593469239731
0.45,0.0181001367613619
0.45,0.0783112901311391
0.45,0.0312410510955736
0.45,0.0329552975258597
0.45,0.0419030589913886
0.45,0.0623747957761111
0.45,0.0306150253085123
0.45,0.0495260342204377
0.45,0.0252488383837272
0.45,0.00523288823636422
0.45,0.0535793311934134
0.45,0.0423941809860607
0.45,0.0851871289534483
0.45,0.0139401343275566
0.45,0.0461796241530551
0.45,0.0579860475359206
0.45,0.106497821225602
0.45,0.0444889992322778
0.45,0.0670022629191844
0.45,0.0252712039527035
0.45,0.0461596843821097
0.45,0.0340902195525245
0.45,0.0752727093347388
0.45,0.0499402144946133
0.45,0.0328774741235596
0.45,0.0845646402615713
0.45,0.0275082364528674
0.45,0.0347198835441846
0.45,0.0384543262393109
0.45,0.0651082048035719
0.45,0.066537199686684
0.45,0.0909944662109272
0.45,0.043371019798891
0.45,0.0593022745043525
0.45,0.0213818528343799
0.45,0.0328372036053927
0.45,0.0287437741799572
0.45,0.0482448705183573
0.45,0.0451303603668476
0.45,0.0754507546981527
0.45,0.00294362195408349
0.45,0.041258554669225
0.45,0.0675346475262156
0.45,0.0784067458509355
0.45,0.0031050824313529
0.45,0.0454117338725606
0.45,0.0769835169163872
0.45,0.0417942919517549
0.45,0.0392524873096209
0.45,0.0513958689547791
0.45,0.0544704623457203
0.45,0.080727965759175
0.45,0.0599595175833114
0.45,0.0653336394628292
0.45,0.0426719256980713
0.45,0.061252522426354
0.45,0.0650738650768493
0.45,0.0671143469977192
0.45,0.0893870831526517
0.45,0.0368423823307065
0.45,0.0756871433583485
0.45,0.0177242825971672
0.45,0.000777858710375171
0.45,0.0536182091040794
0.45,0.0535599734908148
0.45,0.0753923481274437
0.45,0.102066897302529
0.45,0.0393707875091783
0.45,0.0669675535550919
0.45,0.100241684125635
0.45,0.0106527613592181
0.45,0.0667970065423766
0.45,0.0457161211751422
0.45,0.033868412724566
0.45,0.0828378405871406
0.45,0.0601668485245203
0.45,0.0671825699377968
0.45,0.00979143973669976
0.45,0.0514663167386695
0.45,0.0766860086624041
0.45,0.0473915922258209
0.45,0.0817660941746734
0.45,0.0299377250468158
0.45,0.0598517601695983
0.45,0.0771958918806184
0.45,0.0663398843872558
0.45,0.0735778649080519
0.45,0.025619438536055
0.45,0.062397385263784
0.45,0.0389259414929352
0.45,0.0851838941205299
0.45,0.0370477560674757
0.45,0.0606654344337697
0.45,0.000916074970168256
0.45,0.0230861470037877
0.45,0.071856980088952
0.45,0.0466754625291351
0.45,0.0359075123820147
0.45,0.0572313941075465
0.45,0.0332095110267949
0.45,0.0172316475087796
0.45,0.0353139252816188
0.45,0.0293664663462768
0.45,0.0293930564899444
0.45,0.0489161130369607
0.45,0.0401078136671874
0.45,0.0761275173716686
0.45,0.0444129030212377
0.45,0.0982947845961324
0.45,0.0231174831076453
0.45,0.0543736124598359
0.45,0.0688856217690307
0.45,0.0397217507902644
0.45,0.0649814555882531
0.45,0.0325575249925705
0.45,0.0577488992160632
0.45,0.0226470955473256
0.45,0.043080914613781
0.45,0.0582014182948259
0.45,0.076319203523003
0.45,0.0672443160709376
0.45,0.0566437478557405
0.45,-0.0150243129348385
0.45,0.0277352740906653
0.45,0.0496251695132933
0.45,0.0622566297468626
0.45,0.0375449473433733
0.45,0.0565777510470213
0.45,0.074581988362681
0.45,0.0387579149355227
0.45,0.0195499533690169
0.45,0.101511435271898
0.45,0.00900838786566753
0.45,0.0569572538542755
0.45,0.0412416243439843
0.45,0.050619283063902
0.45,0.0611898108315967
0.45,0.0403713297497171
0.45,0.0469449154994377
0.45,0.0189280040026952
0.45,0.0674286313136664
0.45,0.019255811749414
0.45,0.034404562083508
0.45,0.030694139289828
0.45,0.0232364965699575
0.45,-0.0200792324054773
0.45,0.0318286739862495
0.45,0.0752324221350912
0.45,0.0165680467537153
0.45,0.0570935747775645
0.45,0.024736465728047
0.45,0.0471105512765178
0.45,0.0619367104488131
0.45,0.00468844494956904
0.45,0.0472585044638657
0.45,0.0137928984069015
0.45,0.0330055555030148
0.45,0.0687665118988163
0.45,0.0757570173514875
0.45,0.0716418169557094
0.45,0.0836788594169865
0.45,0.0497115212551581
0.45,0.02431902247243
0.45,-0.00231357102180795
0.45,0.053373520583043
0.45,0.017454284887864
0.45,-0.00544538536263938
0.45,0.103883335925148
0.45,0.0535479731741476
0.45,0.0551802017276898
0.45,0.055499758765179
0.45,0.0229042435993028
0.45,0.103908503484013
0.45,0.0375779474923186
0.45,0.0350874607109244
0.45,0.0312111799518821
0.45,0.0356008303313201
0.45,0.0724969127634434
0.45,0.0464141237824738
0.45,0.0450361247583306
0.45,0.019541641014105
0.45,0.0240551398831836
0.45,0.0587345755774605
0.45,0.0235551021893854
0.45,0.0114695779588759
0.45,0.0418349133193565
0.45,0.00957676952843245
0.45,0.0337872800042921
0.45,0.0184524481471563
0.45,0.050450307436076
0.45,0.0425785457043526
0.45,0.0383494643609557
0.45,0.0620427930310848
0.45,0.0315341981229776
0.45,0.0580345061019229
0.45,0.0496289637030108
0.45,0.0255838412898187
0.45,0.0041583574134437
0.45,0.0501169084214129
0.45,0.0339012691307271
0.45,0.0558082377551786
0.45,0.0593761896446391
0.45,0.0432392491835999
0.45,0.0758421620877107
0.45,0.0409613671591874
0.45,0.0569915592763561
0.45,0.0596837790399304
0.45,0.0255049102098694
0.45,0.055233393843502
0.45,-0.0127656384333592
0.45,0.0635985904733188
0.45,0.036316037159285
0.45,0.00503901781902216
0.45,0.044380381283513
0.45,0.066847507593763
0.45,0.039226631011952
0.45,0.0574662083804726
0.45,0.0409737100375726
0.45,0.0187523843555838
0.45,0.041421243660094
0.45,0.0654047844455625
0.45,0.117539285441495
0.45,0.00820245332227949
0.45,0.0714371300361222
0.45,0.00743269984091188
0.45,0.0361833490303609
0.45,0.0413046904017642
0.45,0.00622126375083598
0.45,0.0569424759623195
0.45,0.0143057147386532
0.45,0.0274886414782421
0.45,0.0850479013189063
0.45,0.0946843443640678
0.45,0.0739262313857133
0.45,0.0495167016033988
0.45,0.0637967878882074
0.45,0.0460662317468839
0.45,0.0976090545807772
0.45,0.0823087803962974
0.45,0.0139598785997259
0.45,0.0691976715537678
0.45,0.0264702793040396
0.45,0.0456160698784172
0.45,0.0506588400219612
0.45,0.0649753355412673
0.45,0.0190393762477773
0.45,0.0367121433688662
0.45,0.0817057903233348
0.45,0.0756487004033732
0.45,0.0189951871613105
0.45,0.0471773419251965
0.45,0.0611459533848422
0.45,0.0411583257714528
0.45,0.061475469265962
0.45,0.0141954299657807
0.45,0.0489387764490746
0.45,0.0720252725883142
0.45,0.0754585659915404
0.45,0.0475613563463033
0.45,0.00522901150975435
0.45,0.0485269967056687
0.45,0.0471035017148237
0.45,0.0409769732903138
0.45,0.0815139787789856
0.45,0.0280136776864027
0.45,0.053917921157353
0.45,0.0210583290895837
0.45,0.0678216800832327
0.45,0.0669097027968285
0.45,0.0356350941492428
0.45,0.0711823930777642
0.45,0.0431276727675216
0.45,0.0534279934565935
0.45,0.0611991395358676
0.45,0.0134155546928031
0.45,0.108464460824522
0.45,0.0382364140723149
0.45,0.0345707059629167
0.45,0.0447968520806956
0.45,0.0296659460793102
0.45,0.0352435107223843
0.45,0.0552619543316586
0.45,0.0212976843920105
0.45,0.024671470901219
0.45,0.056678964822372
0.45,0.0457084520728423
0.45,0.0726822941240543
0.45,0.048660938489279
0.45,0.0442058462991885
0.45,0.061100034498345
0.45,0.025711660747599
0.45,-0.0209608616863027
0.45,0.0916304743473397
0.45,0.0295924579869177
0.45,0.0330899516899598
0.45,-0.00880060330909938
0.45,0.0646460227011897
0.45,0.0188314942039273
0.45,0.046644948559903
0.45,0.0269757587756421
0.45,0.0924030465110123
0.45,0.0464816094774469
0.45,0.0347996163114216
0.45,0.0742470175092404
0.45,0.0788002606332332
0.45,0.0689102242425353
0.45,-0.020070870521302
0.45,0.0209938082087091
0.45,0.00977850834722726
0.45,0.0625215915224344
0.45,0.0689380259201203
0.45,0.0465768756080915
0.45,0.0470167893802436
0.45,0.0588160614277627
0.45,0.0137344242286137
0.45,0.0644475444466903
0.45,0.123096622774663
0.45,0.0264901790681855
0.45,0.058519994693166
0.45,0.0414997033750484
0.45,0.0305395432668935
0.45,0.0469778197842572
0.45,0.0496108187264822
0.45,0.0453354117300469
0.45,0.0726300735612442
0.45,0.0460705165560101
0.45,0.0486537149104321
0.45,0.0079984604232302
0.45,0.0586396889380007
0.45,0.0111983021002545
0.45,0.00913057088518324
0.45,0.000376285309563747
0.45,0.0361545480360926
0.45,0.0660261447983288
0.45,0.0140386950182583
0.45,0.00615887601099718
0.45,0.015680490194092
0.45,0.0574008210806899
0.45,0.0931337752909579
0.45,0.0548609011373753
0.45,0.0123918403134034
0.45,0.0389923447583038
0.45,0.0977098211284
0.45,0.0765460732877969
0.45,0.0265553063306013
0.45,0.0230828609071377
0.45,0.0648914805906507
0.45,0.0498813247621568
0.45,0.0410694671940782
0.45,0.0596790617645092
0.45,0.0286766858488812
0.45,0.0669138388026554
0.45,0.0607919705176664
0.45,-0.00571971552136601
0.45,0.0335760552571964
0.45,0.0698846931013118
0.45,0.0846291195268059
0.45,7.53658328823512e-05
0.45,0.0329636707139823
0.45,0.0421128139304201
0.45,0.0586788214064748
0.45,0.0455842730814109
0.45,0.0628222968434012
0.45,0.0663118657592339
0.45,0.0484178275818659
0.45,0.0801875055857955
0.45,0.0532267985815899
0.45,0.0234191747226774
0.45,0.0230657853606586
0.45,0.0569939469631655
0.45,0.0881275412410577
0.45,0.0361328655644675
0.45,0.0329893982634767
0.45,0.00622889885560499
0.45,0.0222026985886692
0.45,0.0281204333058406
0.45,0.0148600776253261
0.45,0.0327506377747222
0.45,0.0238905717166753
0.45,0.0425907370843072
0.45,0.0441119115882954
0.45,0.0778865121702249
0.45,0.0422316906183728
0.45,0.0165778110162326
0.45,0.0980538262971485
0.45,0.0290701875564916
0.45,0.0393799385881066
0.45,0.0361715241980596
0.45,0.0566079737322069
0.45,0.0696982803479376
0.45,0.00269076173324773
0.45,0.0741854977088121
0.45,0.0680790163959355
0.45,-0.0038164146168212
0.45,0.0587036345886325
0.45,0.0438607976498926
0.45,0.0294695430025682
0.45,0.0333856586546177
0.45,0.00103644009304397
0.45,0.10564063411964
0.45,0.0913531349650493
0.45,0.0622290049059554
0.45,0.0253278783087743
0.45,0.051579241906623
0.45,0.0454257870891128
0.45,-0.00304225615723628
0.45,0.0317806086907094
0.45,0.0155684268432334
0.45,0.0338180491786769
0.45,0.0581760221004104
0.45,0.0591477314217226
0.45,0.0523135876891675
0.45,0.0158803286021481
0.45,0.0402143347579085
0.45,0.0558958797229161
0.45,0.0502194877315614
0.45,0.0939515963659094
0.45,0.0180253425789287
0.45,9.1777251789e-05
0.45,-0.00311197689893773
0.45,0.0641820621989419
0.45,0.0294877732882894
0.45,0.0267258400427837
0.45,0.0698519997436797
0.45,0.0494364169479476
0.45,0.0616704750785599
0.45,0.0676339390602213
0.45,0.0484741618989956
0.45,0.0599570357547795
0.45,0.034559271947074
0.45,0.0175316703545421
0.45,0.0598108630237646
0.45,0.0694850171847178
0.45,0.0273921020804121
0.45,0.0779655890093257
0.45,0.0248720915004005
0.45,0.0503812194881158
0.45,0.0405746780305881
0.45,-0.0167294011258527
0.45,0.0653629981427227
0.45,0.037390576330869
0.45,0.0225981159222886
0.45,0.0520098468475005
0.45,0.0292292500647929
0.45,0.0129645852556804
0.45,0.0771893366254894
0.45,0.0393437931741432
0.45,0.02083584069141
0.45,0.0994518013816357
0.45,0.0437030741604686
0.45,0.0775558402635054
0.45,0.0386071315593491
0.45,0.0442711624847379
0.45,0.0813534215846305
0.45,0.0633875030664278
0.45,0.0292457780420348
0.45,0.0548500805259597
0.45,0.0737731044750393
0.45,0.0486112778520165
0.45,0.051638850769255
0.45,0.066317132791642
0.45,0.0732071636603975
0.45,0.0533572918672138
0.45,0.0793760539083827
0.45,0.036572428080896
0.45,0.114785635814896
0.45,0.0440874713202881
0.45,0.0671668343167078
0.45,0.0570862768123042
0.45,0.0872072887434508
0.45,0.0478632532242544
0.45,0.0288075621330394
0.45,0.084663687477963
0.45,0.0201153677977027
0.45,0.0420330225335401
0.45,0.0250617154320557
0.45,0.046825034551733
0.45,0.0718529919639839
0.45,0.0647141209719778
0.45,0.0661644514557325
0.45,0.0507366805788999
0.45,0.0412528627241037
0.45,0.0252462832567335
0.45,0.0727493381680396
0.45,0.0467113004935889
0.45,0.0287807167589175
0.45,0.0621105987900943
0.45,0.0478924858221951
0.45,-0.0214751303016861
0.45,0.0248873339513599
0.45,0.0647574638797923
0.45,0.0719602547849193
0.45,0.0304080256085105
0.45,0.0650213917291311
0.45,0.015967110000432
0.45,0.0232146014984596
0.45,-0.00820620306289369
0.45,0.0510774065434054
0.45,0.040091975168251
0.45,0.0831558478505331
0.45,-0.0105889568153293
0.45,0.0564977845032349
0.45,0.0204258677868737
0.45,0.0935255628119946
0.45,0.0551371256597563
0.45,0.0830534473348787
0.45,0.0434241868420575
0.45,0.070384438542811
0.45,0.0270450391853191
0.45,0.0589220170034281
0.45,0.0267735795983668
0.45,0.0314811755522874
0.45,0.00865394077837849
0.45,0.0129685741616124
0.45,0.0280760339850552
0.45,-0.026357642176046
0.45,0.0737304093321788
0.45,0.0540172215370499
0.45,0.0956008386335218
0.45,0.0300653289714564
0.45,0.0544179572843024
0.45,0.0305057980044777
0.45,0.0647865813351253
0.45,0.100329607713198
0.45,0.0330797790488362
0.45,0.0522806539691016
0.45,0.0469883764070079
0.45,0.0819600471583945
0.45,-0.0138184557340604
0.45,0.0138935645949371
0.45,0.0236040550824255
0.45,0.0693236526144427
0.45,0.0671513426784339
0.45,0.00879753402789173
0.45,0.0561898057790468
0.45,0.0412589282629255
0.45,0.0796199837765082
0.45,0.0510447518172584
0.45,-5.05924264261647e-05
0.45,0.0550412513525609
0.45,0.0122111651677957
0.45,-0.0246402610913195
0.45,0.0571230287866007
0.45,0.0472916788878891
0.45,0.062013142004492
0.45,0.035036748178987
0.45,0.0345594223562115
0.45,0.0150916245822811
0.45,0.020422193036541
0.45,0.0136648647595055
0.45,0.0357695174590825
0.45,0.0291825866400896
0.45,0.0139514777716075
0.45,0.0238649348196797
0.45,0.0357917769210284
0.45,0.0125275325052359
0.45,0.0457148399171878
0.45,0.035344602492712
0.45,0.0388813130723709
0.45,0.0350324436381612
0.45,0.065093983122617
0.45,0.0342877858635905
0.45,0.0194816025970367
0.45,0.0116916015088558
0.45,0.0699050758710955
0.45,0.0562214420870534
0.45,0.0460295522246078
0.45,0.0388924524625112
0.45,0.0165562975494096
0.45,0.0298752653487495
0.45,0.0708559194082383
0.45,0.0227309363829018
0.45,0.0466515932467039
0.45,0.0693980778977232
0.45,0.0416672441519166
0.45,0.0414391767855074
0.45,0.00955346025320632
0.45,0.0378105678100276
0.45,0.0176595653318956
0.45,0.0825083090885318
0.45,0.0331544663008458
0.45,0.063618665312298
0.45,0.0360835817514746
0.45,0.0269370067365475
0.45,0.0598643052568436
0.45,0.0128567921952504
0.45,0.0752746284650963
0.45,0.0693188393898413
0.45,0.0243163788756499
0.45,0.0270808539533906
0.45,0.0468784876426152
0.45,0.0128665509813246
0.45,0.0341512443657208
0.45,-0.00379129720496416
0.45,0.0276012925494893
0.45,0.0707648346195572
0.45,0.00126822966655391
0.45,0.0276685514576946
0.45,0.0640118705029594
0.45,0.0447994373569502
0.45,0.0630182922203134
0.45,0.0924007460180569
0.45,0.0841558726989161
0.45,0.0316490197372252
0.45,0.066283367142133
0.45,-0.00223609679406525
0.45,-0.00432400133311729
0.45,0.0283115397561332
0.45,0.0101089759689533
0.45,0.0375990210467601
0.45,0.0334254304033955
0.45,0.045687883155683
0.45,0.0903912437827125
0.45,0.0446728545989163
0.45,0.0411181227433075
0.45,-0.00520961679815716
0.45,0.0600720496727054
0.45,0.02840331995817
0.45,0.0203863272205568
0.45,0.0654629949136297
0.45,0.0715604247949205
0.45,0.0659829344372444
0.45,0.0391052224324748
0.45,0.0683755771063227
0.45,0.0412488642453947
0.45,0.0465116626570218
0.45,0.0587970700110738
0.45,0.0156720756204884
0.45,0.0458466556277391
0.45,0.0701490006546705
0.45,0.0337639424212792
0.45,0.00335330852700262
0.45,0.038525536725839
0.45,0.0128691356408765
0.45,0.043777874501456
0.45,0.0227707387834889
0.45,0.0750211744328418
0.45,0.0522156523934063
0.45,0.061859599338963
0.45,0.0165581780603392
0.45,0.0228641609852937
0.45,0.0670779709047093
0.45,0.0440426016600392
0.45,0.0367632442904281
0.45,0.0878743154311963
0.45,0.0829556719111014
0.45,0.0513649631520714
0.45,0.0453074670506178
0.45,0.0696963801834177
0.45,0.0134667033141883
0.45,0.0272193407865698
0.45,0.0437888730034249
0.45,0.0225644096998892
0.45,0.0509664398983209
0.45,0.0220416607114411
0.45,0.0909754726630535
0.45,0.0736527822923117
0.45,0.0369790488638
0.45,0.0728113852334786
0.45,0.03259862704794
0.45,0.0690403842106788
0.45,0.031661985927685
0.45,0.0673704440610963
0.45,0.0361011978429101
0.45,0.0858221638617622
0.45,0.0779883478756894
0.45,0.069472798603462
0.45,0.0613237725690167
0.45,0.0346311049401445
0.45,0.0656013524315492
0.45,0.0304413522490241
0.45,0.0172986086853011
0.45,0.0387797314562383
0.45,0.0454810051597455
0.45,0.0636760907732698
0.45,0.00217918340410996
0.45,0.0724784570955458
0.45,0.0529835947782437
0.45,0.038736069464921
0.45,-0.00763500994749304
0.45,0.0404229523518301
0.45,0.0598533299572936
0.45,0.0755863572257443
0.45,0.045772482658827
0.45,0.0589500022137397
0.45,0.0147371665829603
0.45,0.00920212007392705
0.45,0.0604695867880056
0.45,0.0428446149068368
0.45,0.0800881044782727
0.45,0.0804501856179173
0.45,0.0761425094415011
0.45,0.0626208783060673
0.45,0.0711113776165683
0.45,0.0886175132402482
0.45,0.0757431461234058
0.45,0.0392694048700484
0.45,0.0423303989794454
0.45,0.0316685026641839
0.45,0.0365518059776056
0.45,0.0164892338033028
0.45,0.0739602641699363
0.45,0.0771646725233627
0.45,0.0450460421354737
0.45,0.0420315924329797
0.45,0.0773926069979408
0.45,0.0185199288010461
0.45,0.0386042907134151
0.45,0.0516187602277644
0.45,0.0514047271183042
0.45,0.00843618295066604
0.45,0.0760502591383062
0.45,0.0494438433261672
0.45,0.0426017122938034
0.45,0.0607812720534011
0.45,0.0314274892858501
0.45,0.0330986628506105
0.45,0.0393177614790294
0.45,0.0233401185574285
0.45,0.103478247652542
0.45,0.0421284609143208
0.45,0.0851165119380374
0.45,0.026016470209426
0.45,0.0537294167554848
0.45,0.0685749813014092
0.45,0.0361245086437531
0.45,0.0743643294181194
0.45,0.0592188079558722
0.45,0.0355783919090529
0.45,-0.00182078222999876
0.45,0.0156433594619877
0.45,0.0458069467511767
0.45,0.0930494160216879
0.45,0.0271672392231564
0.45,0.0272291016112729
0.45,0.00717940690613415
0.45,0.0654233292823283
0.45,0.0786189042270636
0.45,0.0238273553745783
0.45,0.0525665637630116
0.45,0.0872242754346131
0.45,0.076156090315978
0.45,0.0559238010132125
0.45,0.0562875485713276
0.45,0.0285770012162572
0.45,0.0043768721390514
0.45,0.0317061607602231
0.45,0.0185559704296685
0.45,0.0136002461210352
0.45,0.0554012150174393
0.45,0.040318122218279
0.45,0.0459620426766652
0.45,0.0305675294832699
0.45,0.0276576339937094
0.45,0.0502184542663131
0.45,0.0302985974781539
0.45,0.060577895343783
0.45,0.0243362063638306
0.45,0.0652008155235926
0.45,0.0824455297654841
0.45,0.0508874810328993
0.45,0.0150187827912941
0.45,0.0353509920649978
0.45,0.0908825862294547
0.45,0.0480546469502854
0.45,-0.000869945028801046
0.45,0.0370122180498301
0.45,0.0390136194512196
0.45,0.0957206316750891
0.45,0.0749245361103248
0.45,0.0858446522572754
0.45,0.0593651642604033
0.45,0.0627054356937047
0.45,0.0188630649707429
0.45,0.0334512207233532
0.45,0.0368207505174443
0.45,0.0620442872843189
0.45,0.0220860926487418
0.45,0.055523990372866
0.45,0.044327110738674
0.45,0.0940355217004105
0.45,0.0866708784286444
0.45,0.0843911573151836
0.45,0.0439042208479601
0.45,0.0339229619669802
0.45,0.0478910685600658
0.45,0.0166599072362506
0.45,0.0357397861246739
0.45,0.0246456614390902
0.45,0.0318932922703458
0.45,0.0380995188101566
0.45,0.0543212481453295
0.45,-0.00658171259206442
0.45,0.0860356989028578
0.45,0.0483651348761548
0.45,0.0596839519240948
0.45,0.0387026909785882
0.45,0.0293453594353429
0.45,0.0131201869231365
0.45,0.00907121629573134
0.45,0.0653507525854541
0.45,0.067153578287038
0.45,0.0553508980910094
0.45,0.0252438158098768
0.45,0.0685393891976612
0.45,0.0117717595621272
0.45,0.0499178919562907
0.45,0.0144891387366904
0.45,-0.00449235337936051
0.45,0.0767260380433404
0.45,0.0593240294672761
0.45,0.0451115451774202
0.45,0.0449253269847742
0.45,0.041457882955182
0.45,0.0643296299410415
0.45,0.0551759094964449
0.45,0.0375727858665286
0.45,-0.00797547829391428
0.45,0.0426561252095205
0.45,0.0413357819961863
0.45,0.0141116428851308
0.45,0.0603110378262217
0.45,0.0723715281776775
0.45,0.0564760994841645
0.45,0.0638961647536926
0.45,0.0629940891926299
0.45,0.0536772074838163
0.45,0.0230915686659296
0.45,0.0923629330518778
0.45,0.0336605254497191
0.45,0.036877036610504
0.45,0.0868133977786712
0.45,0.0191075272172532
0.45,0.0540616176458564
0.45,-0.0201481250722843
0.45,0.0192701942237812
0.45,0.0399709391798661
0.45,0.0173981729544217
0.45,0.0580941982503353
0.45,0.0612804912469548
0.45,0.0467902737096013
0.45,0.0118153525438449
0.45,0.0791660126205369
0.45,0.0535507595313389
0.45,0.0798957727324939
0.45,0.0829936667677727
0.45,0.0346649525376209
0.45,0.0369298215628568
0.45,0.00872657181942161
0.45,0.0155440651075743
0.45,0.0923992386904826
0.45,0.0494730531243292
0.45,0.0702992024205221
0.45,0.0519933994341082
0.45,0.0308873197841021
0.45,0.0594901462375975
0.45,0.0368023913843087
0.45,0.0497333288848528
0.45,0.0541040465576373
0.45,0.0437784758360472
0.45,0.0606198645101337
0.45,0.0475420133964117
0.45,0.0218704434584776
0.45,0.0847423378997409
0.45,0.0414164455825157
0.45,0.0207557738679471
0.45,0.0152781505962253
0.45,0.0609793792299281
0.45,0.0338730112244092
0.45,0.0573296977704041
0.45,0.0108460877551712
0.45,0.0802861579290803
0.45,0.0612340016943927
0.45,0.0554126051497744
0.45,0.0427640316453472
0.45,0.0475871212917943
0.45,0.0308217003137365
0.45,0.0591624532824291
0.45,0.0181926426380527
0.45,0.0148462538800019
0.45,0.0461196384814467
0.45,0.0682459642789565
0.45,0.0608923593376593
0.45,0.0843646015040222
0.45,-0.00091299893347821
0.45,0.0887997318179785
0.45,0.0317186836795261
0.45,0.0426856970678135
0.45,0.0299033971251013
0.45,0.0515147982870024
0.45,0.0624887563559648
0.45,0.0437630396876163
0.45,0.0366394016761998
0.45,0.0426432907218717
0.45,0.0614103426054549
0.45,0.033316556581346
0.45,0.100704700550848
0.45,0.0502077705692009
0.45,0.0412791465584949
0.45,0.0525948885638221
0.45,-0.0293029990349448
0.45,0.0642962595179571
0.45,0.0736778902442879
0.45,0.0398717956502379
0.45,0.0456187926940979
0.45,0.0358114815611272
0.45,0.0649669515455949
0.45,0.0800206813753062
0.45,0.0316218019321922
0.45,0.0617638465689513
0.45,0.0395680342774732
0.45,0.0202738661997057
0.45,0.038876978476878
0.45,0.0631799734571204
0.45,-0.006004011400091
0.45,0.056150619421234
0.45,0.0656968013659497
0.45,0.0471365440997593
0.45,0.0284685923088144
0.45,0.022536571165165
0.45,0.0456236837335635
0.45,0.0736842517322652
0.45,0.0481525009331782
0.45,0.0511251012345378
0.45,0.0253420382491525
0.45,0.0377667749942369
0.45,0.0492736617782353
0.45,0.0490199019462872
0.45,0.060251079970817
0.45,0.0363797586224328
0.45,0.0524235508978177
0.45,0.0325499926979029
0.45,0.0630878816615638
0.45,0.0199040792761434
0.45,0.0234726231564979
0.45,0.0675597613439969
0.45,0.0507608624256813
0.45,-0.00100653554293951
0.45,0.056441284439888
0.45,0.0625791751371861
0.45,-0.00918696213615867
0.45,0.0345294888383814
0.45,0.0471815979986059
0.45,0.0866965103959914
0.45,0.039495313826505
0.45,0.0583913060293291
0.45,0.0607360830967941
0.45,0.0597800901313714
0.45,0.0145889745443763
0.45,0.0128363586177538
0.45,0.0412564546220547
0.45,0.0570076043102611
0.45,0.0469815671538836
0.45,0.026504378731156
0.45,0.0135072453735813
0.45,0.0505816426802123
0.45,0.0455586515022205
0.45,0.0653003657451225
0.45,0.0661591631901543
0.45,0.0408340703557589
0.45,-0.00759478513259005
0.45,0.0704457480035387
0.45,0.0181139299403013
0.45,0.0685762234051016
0.45,0.066895992170814
0.45,0.0624050644071775
0.45,0.0133695490199471
0.45,0.0329797342150601
0.45,0.0439858609263922
0.45,0.103082264260679
0.45,0.0279360562378957
0.45,0.0929186363146323
0.45,0.0588528778269678
0.45,0.103680403333721
0.45,0.0419039950378516
0.45,0.0573657697095544
0.45,0.0219428662554999
0.45,0.0599141522843883
0.45,0.0590859577662187
0.45,0.0523368388271833
0.45,0.0301013162194219
0.45,0.0168321106154069
0.45,0.0172468508343144
0.45,0.0513181762622486
0.45,0.088146576309528
0.45,0.0788445733061069
0.45,0.0343975680950195
0.45,0.060554256425384
0.45,0.0470018763140381
0.45,0.0491318428046259
0.45,0.0339093511341363
0.45,0.0544124078624997
0.45,0.0498493851471789
0.45,0.0635054480766047
0.45,-0.0146731068806897
0.45,0.0486429973547232
0.45,0.00668735070194085
0.45,0.080080124111573
0.45,0.0722181756533268
0.45,0.078318581421107
0.45,0.0294723359880443
0.45,0.0498056348240783
0.45,0.0502028479959309
0.45,-0.00173171744628182
0.45,0.0335431023150658
0.45,0.0750192012450055
0.45,0.0489733956284185
0.45,0.0889757641603819
0.45,0.094670893750376
0.45,0.0268959584796789
0.45,-0.0223894449908294
0.45,0.0521307322705306
0.45,0.035757035149194
0.45,0.0436323112014986
0.45,0.0240144978869458
0.45,0.0633151196885812
0.45,0.074468438619743
0.45,0.0282281881332148
0.45,0.0581730214849418
0.45,0.0293929514159062
0.45,0.0389323488509994
0.45,0.0723317843502196
0.45,0.0790256572069105
0.45,0.0424880689680329
0.45,0.0650761071000104
0.45,0.0566549648375492
0.45,0.0458775532171547
0.45,0.0132451348358555
0.45,0.0331289017197318
0.45,0.0418316808190181
0.45,0.0708446131014705
0.45,0.0412415928896691
0.45,0.0167298608578428
0.45,0.0452306730626099
0.45,0.0172642112388466
0.45,0.039116389228946
0.45,0.0804239635697024
0.45,0.0632855675413789
0.45,0.0793186677913214
0.45,-0.0173339213931741
0.45,0.0865601292594531
0.45,0.019872821526034
0.45,0.062758463713597
0.45,0.0510013457594945
0.45,0.06096043434607
0.45,0.0118896480056729
0.45,0.0868138989738853
0.45,0.0502827822088776
0.45,0.0690892682628782
0.45,0.0433081488177006
0.45,0.0473363480366853
0.45,0.0087335738560396
0.45,0.0050085933231072
0.45,0.012649189100167
0.45,0.0740263285580534
0.45,0.0966448155469232
0.45,0.0504860862661208
0.45,0.0764036046638347
0.45,0.0141322222205163
0.45,0.109062830659328
0.45,0.0350733828518206
0.45,0.0158840017575461
0.45,0.0678571515197106
0.45,0.077784857909313
0.45,0.0645430271497502
0.45,0.0484851451263972
0.45,0.0685338934331909
0.45,0.0371167401366465
0.45,0.031228574619489
0.45,0.0213864588813447
0.45,0.0192023642971783
0.45,0.0146899905145374
0.45,0.0601402989674684
0.45,0.0688939931141793
0.45,0.0470698149784104
0.45,0.0188761308908475
0.45,0.0622797241382503
0.45,-0.0146049877211689
0.45,0.0322384124611318
0.45,0.0577055944840605
0.45,0.0469338112523638
0.45,0.0764111681679627
0.45,0.035288205162063
0.45,0.068703058107605
0.45,0.0772115746838816
0.45,0.0734358419706069
0.45,0.0688783126876938
0.45,0.0407779777821314
0.45,0.0532092975925029
0.45,0.0565276847491179
0.45,0.0641269680534485
0.45,0.0420473368697391
0.45,0.0222638684937809
0.45,0.0750919735989195
0.45,0.0889179237048185
0.45,0.0571214507464097
0.45,0.0527657926477438
0.45,0.06357889685474
0.45,0.0422141948458424
0.45,0.0628222608504544
0.45,0.0528867171130784
0.45,0.0548312707500523
0.45,0.0765971935672033
0.45,0.0491811999685665
0.45,0.0456562619514322
0.45,0.022706117216585
0.45,0.0652173221995542
0.45,0.0306637528934733
0.45,0.0256079751956941
0.45,0.0766012691757251
0.45,0.0415834350212997
0.45,0.0255985642875162
0.45,0.0289650454313809
0.45,0.0788408928168701
0.45,0.0283037066787367
0.45,0.00893961404058458
0.45,0.0611712980650136
0.45,0.0226126831418947
0.45,0.0468739637096791
0.45,0.0543879427000354
0.45,0.0772100307055986
0.45,0.0312977588065331
0.45,0.0562406829262251
0.45,0.0292479641764084
0.45,0.0397260063077391
0.45,0.0536585908327583
0.45,0.0730028187616745
0.45,0.0398017294346631
0.45,0.0625694648980709
0.45,-0.0177869671039404
0.45,0.0479171141771299
0.45,0.0510200392055321
0.45,0.0243378053243829
0.45,0.0878667444879858
0.45,0.0335558554234058
0.45,0.0713727633893011
0.45,0.0925374659647351
0.45,0.0148401451030185
0.45,0.0539732594497648
0.45,0.051384780144881
0.45,0.0186111983320909
0.45,0.0792560880272475
0.45,0.0350501286151164
0.45,0.0449286535293809
0.45,0.0323651995075014
0.45,0.0241997128330181
0.45,0.0182356384047326
0.45,0.0284681292884333
0.45,0.0409165512375388
0.45,0.0747312885815359
0.45,-9.7714207230174e-05
0.45,0.0173502115908209
0.45,0.0578200332845579
0.45,0.0248549013786891
0.45,0.0701875697598474
0.45,0.0604545560561385
0.45,0.0197797733595216
0.45,0.0623428478227984
0.45,0.0473985867261329
0.45,0.0193111832566699
0.45,0.0279715010545442
0.45,0.056669945843706
0.45,0.0772251641225348
0.45,0.0638079458503675
0.45,0.0565294645603366
0.45,0.0331339887137837
0.45,0.0930410784753673
0.45,0.0459974344248649
0.45,0.0897023419907804
0.45,0.00656122636637346
0.45,0.0993932565360273
0.45,0.0262575218700286
0.45,0.0930295736713312
0.45,0.0514137427742198
0.45,0.0542838522864226
0.45,0.0537083997807125
0.45,0.0679420593714047
0.45,0.0466811990546459
0.45,0.0752134189852403
0.45,0.0350935680412144
0.45,0.0220848791171048
0.45,0.0559345585516754
0.45,0.0553455219292529
0.45,0.0173006032089469
0.45,0.0373532330167192
0.45,0.0738229852917604
0.45,0.0283800848648299
0.45,0.0732479574714616
0.45,0.0562392686296043
0.45,0.0158755756756677
0.45,0.0522692678011491
0.45,0.0271754786050051
0.45,0.0639009567441768
0.45,0.0152529507272376
0.45,0.0565884235337869
0.45,0.021863146677593
0.45,0.0563585837525366
0.45,0.0442900521516736
0.45,0.0646045713862233
0.45,0.049007449606378
0.45,0.071312517877539
0.45,0.0103683127381266
0.45,0.0769825015338593
0.45,0.0587886635011839
0.45,0.0479128149322797
0.45,0.0387634103948657
0.45,0.0113411362037271
0.45,0.0410872776687107
0.45,0.0435399700768089
0.45,0.0771610372698162
0.45,0.0650585672723229
0.45,0.0294337358854495
0.45,0.0753541907695871
0.45,0.0582504107682539
0.45,0.051486502987708
0.45,0.0558929404818032
0.45,0.0202796915819591
0.45,0.0485097785895585
0.45,0.0365275626667707
0.45,0.0504257845040178
0.45,0.00742886670792774
0.45,0.0665597985693092
0.45,0.0959381443669444
0.45,0.0334463152466057
0.45,0.0267454058849034
0.45,0.0927413891305384
0.45,0.0327185598208705
0.45,0.028373155718596
0.45,0.0312213027844439
0.45,0.0570536560447197
0.45,0.0598735049410821
0.45,0.0255471921738245
0.45,0.0289564298099775
0.45,0.0540902964325395
0.45,0.024512707717303
0.45,0.0894989701969667
0.45,0.0252592709160371
0.45,0.0599258145009253
0.45,0.0633756394062258
0.45,0.0880832089403543
0.45,0.0614866001027326
0.45,-0.012283352041232
0.45,0.0698119591438314
0.45,0.0644501347889157
0.45,0.0649843840728657
0.45,0.0536250872182397
0.45,0.0127279357219124
0.45,0.0692701297305708
0.45,0.0249991209101197
0.45,0.0599317632686774
0.45,0.0562689845746439
0.45,0.062991558859619
0.45,0.0581921508048406
0.45,0.0344990632766672
0.45,0.0741090133863232
0.45,0.0525729953676763
0.45,0.0478404039432926
0.45,0.0665639751579167
0.45,0.0553916495404255
0.45,0.0869451470050749
0.45,0.0504710844938569
0.45,0.076027668115459
0.45,0.0352896703120337
0.45,0.0879087928437755
0.45,0.0394223017760132
0.45,0.0637037134536273
0.45,0.0328568570702558
0.45,0.0176919707177392
0.45,0.0388513972720447
0.45,0.0499511786186859
0.45,0.0611570896456013
0.45,0.0181634069791781
0.45,0.0347081182689395
0.45,0.0466636925186926
0.45,0.0367121505880423
0.45,0.0911823112825441
0.45,0.0383772939021886
0.45,0.0629377161110518
0.45,0.0445458389316435
0.45,0.0503089835701113
0.45,0.0282624135569786
0.45,0.0707782788629641
0.45,0.0600481239574347
0.45,0.0535401573988495
0.45,0.0514722821678375
0.45,0.0633972079146787
0.45,0.0124973076266298
0.45,0.0438588978912629
0.45,0.0964019957358331
0.45,0.0502664603495686
0.45,0.0510151743834657
0.45,0.0313740591493879
0.45,0.0468225705547677
0.45,0.0175942825076086
0.45,-0.0118709219464488
0.45,0.0542059862355187
0.45,0.0711543774779691
0.45,0.039353006673376
0.45,0.0307677100062011
0.45,0.00608962429140748
0.45,0.00564555035482913
0.45,0.0367169403524675
0.45,0.0502645248452959
0.45,-0.00999592325843548
0.45,0.0177793302483423
0.45,0.0631792581992436
0.45,0.113994787291814
0.45,0.0605877763042037
0.45,0.0475731767730471
0.45,0.0475210439004555
0.45,0.0454690370521146
0.45,0.021949069398014
0.45,0.0201272042330334
0.45,0.0274242851888912
0.45,0.0279548254236516
0.45,0.0938876284112291
0.45,-0.0038161528061426
0.45,0.0629316958338596
0.45,0.0483182702903174
0.45,0.0562230522706472
0.45,0.0245838238325458
0.45,0.0801771558341641
0.45,0.0405447132084971
0.45,0.0820367469589842
0.45,0.000108892017670747
0.45,0.0459357135867183
0.45,0.0400768601779523
0.45,0.0663027494308975
0.45,0.0422189985169731
0.45,0.0257787466228575
0.45,0.0178551115655749
0.45,0.0277575632730351
0.45,0.0502607601720977
0.45,0.0575908998645142
0.45,0.0133335897366452
0.45,0.0268461438437965
0.45,0.0496329041993239
0.45,0.0141681627419288
0.45,0.047067653114864
0.45,0.0151634156658892
0.45,0.041297520018019
0.45,0.0713551858422303
0.45,0.0562369347918016
0.45,0.0804583421095517
0.45,0.0314973195393242
0.45,0.0768203325680961
0.45,0.0313074823644791
0.45,-0.0100585917171128
0.45,0.0969418286083367
0.45,0.0317639043280977
0.45,0.00035815333811465
0.45,0.0613305259791958
0.45,0.0238574501161637
0.45,0.0601257135234345
0.45,0.0442259024433045
0.45,0.0857659108796248
0.45,0.0325247167778314
0.45,0.048420878016197
0.45,0.0681111654946142
0.45,0.0196814427998331
0.45,0.0505092558841046
0.45,0.0826399872108303
0.45,0.0524186751827049
0.45,0.0402198795967887
0.45,0.0276432704593698
0.45,0.0711657570689452
0.45,0.0812139473692642
0.45,0.0101215672844169
0.45,0.0254708258770358
0.45,0.0380690854435333
0.45,0.0873801217819659
0.45,0.0399515104813344
0.45,0.0375032869655261
0.45,0.0456209240627485
0.45,0.01052237880705
0.45,0.0591801382243992
0.45,0.0143550752986165
0.45,0.075715100457373
0.45,0.0336930654491557
0.45,0.0124777633780866
0.45,0.0334025842802702
0.45,0.0614757615846904
0.45,0.00149734617504547
0.45,0.0244858142410168
0.45,0.0217719247465698
0.45,0.0888162673017888
0.45,0.0381241342719214
0.45,0.0260428752511413
0.45,0.0178642550219113
0.45,0.0288390195571041
0.45,0.0335180313047753
0.45,0.045497279829408
0.45,0.0218837228525471
0.45,0.03573399553139
0.45,0.0242044895129395
0.45,0.0146772043689529
0.45,0.0669009436231657
0.45,0.0436970444683223
0.45,0.0550264786563458
0.45,0.0394170834613329
0.45,0.0657379478943874
0.45,0.0411170406327967
0.45,0.0375987452540806
0.45,0.048045456157484
0.45,0.0107866665987507
0.45,0.106872620367154
0.45,0.0476616425108387
0.45,0.0368145484940463
0.45,0.0709122008975664
0.45,0.0519966623331074
0.45,0.0529433941237467
0.45,0.0658204235154539
0.45,0.0812743594499422
0.45,0.0754254183723832
0.45,0.0387420617436591
0.45,0.0436671228617697
0.45,0.0631745407036976
0.45,0.0408422068045277
0.45,0.05771761864796
0.45,0.0624734492993675
0.45,0.0585713907456035
0.45,0.051851204136074
0.45,0.0435283855427306
0.45,0.0589938126731365
0.45,0.0521576889656903
0.45,-0.00215243258906804
0.45,0.0623270227847905
0.45,0.0170477920831323
0.45,0.0475279928149723
0.45,0.0467693697537661
0.45,0.0359152732756771
0.45,0.0512824730499056
0.45,0.0570717604282583
0.45,0.0457044400404741
0.45,0.0358586610967151
0.45,0.0884871479601868
0.45,0.0469525525182551
0.45,0.0534975961695691
0.45,0.060854330640645
0.45,0.0338850058022723
0.45,0.0526437498533486
0.45,0.0335665700081918
0.45,0.044466836521115
0.45,0.052466702431289
0.45,0.0547314358839943
0.45,0.0574122680450668
0.45,0.0625954620480375
0.45,0.0272588516761333
0.45,0.014999843807215
0.45,0.0790666241505941
0.45,0.0436788200992437
0.45,0.0499196005911128
0.45,0.073492779089532
0.45,0.0770763746194411
0.45,0.0841924599881223
0.45,0.0262116301322937
0.45,0.0364684865611996
0.45,0.0658108862365207
0.45,0.00264129582204176
0.45,0.0542389083203994
0.45,0.0240197259614051
0.45,0.0201375301857801
0.45,-0.0129201384797901
0.45,0.028680725922985
0.45,0.0115264571946217
0.45,0.0608599236595248
0.45,0.0609026974265535
0.45,0.0363582285080832
0.45,0.047664365882061
0.45,0.033193875418266
0.45,0.031422249635689
0.45,0.0743226616740378
0.45,0.00225880933537539
0.45,0.0166535242848728
0.45,0.0533746838374043
0.45,0.0508717263521303
0.45,0.051823011695441
0.45,0.0203887438498705
0.45,0.00153699375489271
0.45,0.0204806737347662
0.45,0.0619070025463056
0.45,0.0531703150029489
0.45,0.02921737968162
0.45,0.0498067354627502
0.45,0.00642428193412562
0.45,0.053647898524011
0.45,0.0520995717616965
0.45,0.0224705172657595
0.45,0.0493327808686485
0.45,0.0809225215817293
0.45,0.0669929037917046
0.45,0.041823602149194
0.45,0.0693239553743443
0.45,0.0594002237509965
0.45,0.0559127347601531
0.45,0.0194308002085482
0.45,0.0362514978667668
0.45,0.0521303133153922
0.45,0.064551662053342
0.45,0.0398552964887086
0.45,0.0803184129952129
0.45,0.0418319790187047
0.45,0.0515214729224822
0.45,0.0427397236819481
0.45,0.0919782469370613
0.45,0.0928649285886287
0.45,0.0201350878255701
0.45,0.0905194598569588
0.45,0.0877837494605437
0.45,0.0233551277074791
0.45,0.000867113573817137
0.45,0.0370458576161268
0.45,0.0505899353939279
0.45,0.0328882966642988
0.45,0.0359002015124139
0.45,0.0530763263581118
0.45,0.082053928278092
0.45,0.0533869817512658
0.45,0.0749677656330248
0.45,0.0343548314448043
0.45,0.0230733034923474
0.45,0.0643106277093516
0.45,0.0116066123525371
0.45,0.0353682778302304
0.45,0.0511939111269879
0.45,0.00281311393325773
0.45,0.0780475426128854
0.45,0.043682012400705
0.45,0.0567774361994059
0.45,0.062374567677865
0.45,0.0570778291011741
0.45,0.0169518788909714
0.45,0.0253474053481972
0.45,0.0730996926437771
0.45,0.0370028439531289
0.45,0.0688761945906855
0.45,0.0387438264697521
0.45,0.0290753042972839
0.45,0.0574383308051149
0.45,0.04383088709429
0.45,0.0662121496284075
0.45,0.0454109483860233
0.45,0.0292010353721306
0.45,0.0462196279424646
0.45,0.074850600031136
0.45,-0.00949215764806145
0.45,0.0606479415301754
0.45,0.0658012280153757
0.45,0.0415263650824866
0.45,0.0523225006978372
0.45,0.0544824840716729
0.45,0.0462317306458763
0.45,0.0782418242172584
0.45,0.0448682801997083
0.45,0.0552807694233808
0.45,0.087280720843283
0.45,0.0513360055698588
0.45,0.0473129720751128
0.45,0.0398323562819839
0.45,0.0426586625627899
0.45,0.0460839568726049
0.45,0.0774156416751371
0.45,0.0638008262013788
0.45,0.0333959076888263
0.45,0.0582803853929096
0.45,0.0375391499410909
0.45,0.028401445085973
0.45,0.0711664451153333
0.45,0.0374704266186381
0.45,0.0447990466537439
0.45,0.0241753775177079
0.45,0.0651917972498537
0.45,0.0439628876860637
0.45,0.0497245429857508
0.45,0.0432849909402801
0.45,0.0230005071318297
0.45,0.0484328538819379
0.45,0.0513153856183177
0.45,0.0138282606734809
0.45,0.0719814174842073
0.45,0.0606212897733611
0.45,0.00886025692647349
0.45,0.0313334427341451
0.45,0.0786441584021618
0.45,0.0422313412438689
0.45,0.00364177640744304
0.45,0.0336062811837214
0.45,0.0624539375148256
0.45,0.0390903983488835
0.45,-0.0151102556591051
0.45,0.0236742875930882
0.45,0.0382654308896579
0.45,0.0420520312121947
0.45,0.0474602560170789
0.45,0.0517424416776716
0.45,0.0790545199413412
0.45,0.0652434892802244
0.45,0.0676379333614708
0.45,0.018331869680574
0.45,0.045007310996589
0.45,0.0393719925343616
0.45,0.0886805904940479
0.45,0.0173432469209257
0.45,0.098190782916899
0.45,0.0365298747859487
0.45,0.00395036419757655
0.45,0.0439863477548384
0.45,0.0799015398742304
0.45,0.0373744864204014
0.45,0.096653600363989
0.45,0.0544858245140834
0.45,0.0320016245116167
0.45,0.0298528407442191
0.45,0.0287720158207593
0.45,0.0496526422300206
0.45,0.0210800499605253
0.45,0.0648526189407602
0.45,0.0664861806302737
0.45,0.0458045482527202
0.45,0.0729408879391915
0.45,0.0517559738986877
0.45,0.0476206734572692
0.45,0.0501113674657957
0.45,0.0855231677425562
0.45,0.0762310480536112
0.45,0.0423857619629921
0.45,0.0761695691138004
0.45,0.0617915858668674
0.45,0.0540704247583176
0.45,0.0508555841517227
0.45,0.0487599604102882
0.45,0.0378485932078147
0.45,0.0728759133740549
0.45,0.0291442209469923
0.45,0.0423047517448574
0.45,0.0867913138154993
0.45,0.0495010898235693
0.45,0.0458964654488211
0.45,0.0575703874639305
0.45,0.0635767051146981
0.45,0.0496112244975637
0.45,0.0259359622231086
0.45,0.0556219340354473
0.45,0.0191352519603104
0.45,0.0857438487709177
0.45,0.00610159233870429
0.45,0.0308069941980098
0.45,0.0931166793987237
0.45,0.0622026641645865
0.45,0.0384950743383703
0.45,0.0156858609975754
0.45,0.0444539800869087
0.45,-0.00601291635505236
0.45,0.0513788436729852
0.45,0.0383733382873725
0.45,0.0447612119346293
0.45,0.020228687163753
0.45,0.0432751842450307
0.45,0.0707394850577243
0.45,0.054404343682737
0.45,0.0566746171237663
0.45,0.072121453496068
0.45,0.0348599241862803
0.45,0.081060360100531
0.45,0.033550264067132
0.45,0.0961744920224263
0.45,0.0466939672629435
0.45,0.0358131914379325
0.45,0.0554561548995456
0.45,0.0521958135390675
0.45,0.0176710479979216
0.45,-0.0165097616152351
0.45,0.129929136802852
0.45,0.0747069920064591
0.45,0.050234223430673
0.45,0.0685354360821101
0.45,0.0815466843457013
0.45,0.0627514751808406
0.45,0.0251447011663317
0.45,0.0525545054561837
0.45,0.0435710964413122
0.45,0.0403125049614123
0.45,0.055536448432431
0.45,0.078768890660223
0.45,0.0343008012820187
0.45,0.0474389300136404
0.45,0.0831957280044557
0.45,0.0587414678394999
0.45,0.0372232733326241
0.45,0.074648613614111
0.45,0.0233353712089171
0.45,0.0246377149226022
0.45,0.0776501508172737
0.45,0.0314714663826203
0.45,0.0576910291997009
0.45,0.0719893930480085
0.45,0.0606963128304661
0.45,0.0432844254410013
0.45,0.0402360580539766
0.45,0.0546381104798152
0.45,0.0780057794442852
0.45,0.0486763118611076
0.45,0.037602093142271
0.45,-0.00277903271561962
0.45,0.0133770073884751
0.45,0.0597346843024623
0.45,0.0405036048024391
0.45,0.0581996681738482
0.45,0.0313914153837027
0.45,0.0668312789918415
0.45,0.0284180100616887
0.45,0.0171695709788314
0.45,0.0555938105759735
0.45,0.064987869773799
0.45,0.0328898266310805
0.45,0.00417660818596681
0.45,0.0908033430220429
0.45,0.0567919496977014
0.45,0.0543989426483693
0.45,0.0393881242358835
0.45,0.0541921399693265
0.45,0.105445473299155
0.45,0.0640848965288789
0.45,0.0701428812109219
0.45,0.0235080981828182
0.45,0.05949203179353
0.45,0.0158232730231738
0.45,0.0607492032304007
0.45,0.0826592674843095
0.45,0.0404129337261361
0.45,0.0591079847717867
0.45,0.0798794882198977
0.45,-9.13428894401748e-05
0.45,-0.0147546772209977
0.45,0.058806267627712
0.45,0.0987779049242624
0.45,0.0222951275370276
0.45,0.0662507655376712
0.45,0.0163224987064479
0.45,0.0695924524515133
0.45,0.0385692282842815
0.45,0.0752429920919951
0.45,0.0521825019466678
0.45,0.0732925587970698
0.45,0.0443605703975473
0.45,0.0739165460850585
0.45,0.0483615270810363
0.45,0.00828553490543497
0.45,0.0511589912718017
0.45,0.0485968377885804
0.45,0.0838336587444113
0.45,0.0315306789596604
0.45,0.0298079591750195
0.45,0.0631281058439362
0.45,0.0471607331832418
0.45,0.0604211361609133
0.45,0.0697531845294252
0.45,0.034035447425372
0.45,0.0429351974575159
0.45,0.0804566747376815
0.45,0.0665994639696372
0.45,0.058596649396383
0.45,0.0498168545619629
0.45,0.0602424518631713
0.45,0.0360047250340824
0.45,0.0556401579581003
0.45,0.0702485193782833
0.45,0.0313597431938935
0.45,0.0449797458221383
0.45,0.0604996536614851
0.45,0.0875915203252629
0.45,0.0241920754999517
0.45,0.0251915053991731
0.45,0.0769353037299728
0.45,0.0753140372097264
0.45,0.0529123704656748
0.45,0.0454905437495233
0.45,0.023936399156402
0.45,0.0138798769979531
0.45,0.0976336174725691
0.45,0.0648636310603791
0.45,0.0293479646527783
0.45,0.0214752398046345
0.45,0.0703413377145307
0.45,0.0970691741246309
0.45,0.0679147122173854
0.45,0.03602276882914
0.45,0.0463869762935325
0.45,-0.0139765606112129
0.45,0.0615578021213335
0.45,0.0651266429486821
0.45,0.00851542937615993
0.45,-0.0163008222853213
0.45,0.051609776983393
0.45,0.0394449010717928
0.45,0.0823758168926293
0.45,0.060979815947178
0.45,0.0169550993001652
0.45,0.0438506982673094
0.45,0.0052293840731841
0.45,0.0480087905461656
0.45,0.045089032916653
0.45,0.0511027784766638
0.45,0.0672808196128663
0.45,0.0555002997825186
0.45,0.0486869098767888
0.45,0.0254114878299505
0.45,0.0506148527366546
0.45,0.0392440591287466
0.45,0.0687308386887681
0.45,0.0221909541707944
0.45,0.0329262061280634
0.45,0.0230517651550129
0.45,0.0408966270686478
0.45,0.0603097789278961
0.45,0.0332449944083665
0.45,0.0481750093816937
0.45,0.0559480870212531
0.45,0.063267318917996
0.45,0.048257688076154
0.45,0.0504183135786545
0.45,0.0813600792482213
0.45,0.0438754904349237
0.45,0.0252268172145658
0.45,0.0511810873846028
0.45,0.0799005898086184
0.45,0.0667728626737541
0.45,0.054830840725813
0.45,0.0342310714541188
0.45,0.0035308601948879
0.45,0.0650880358976034
0.45,0.0358475963184753
0.45,0.069822074023506
0.45,0.0401953444411093
0.45,0.0614044518897653
0.45,0.0563005655314274
0.45,0.0453514419560227
0.45,0.0557765063196793
0.45,0.0620830756538977
0.45,0.0228425976911498
0.45,0.0162320532757556
0.45,0.0300036060472343
0.45,0.0621789520553135
0.45,0.0232790698238449
0.45,0.0509557657658813
0.45,0.0399505102642454
0.45,0.0458143672347104
0.45,0.0565263769643776
0.45,0.0693064486224257
0.45,0.0490972769357671
0.45,0.110884546087328
0.45,0.0162555022995755
0.45,0.0477969954129777
0.45,0.0699518876898712
0.45,0.0506671904041131
0.45,0.0183606834712031
0.45,0.103283001608533
0.45,0.0362993845334246
0.45,0.0797699513957259
0.45,0.0498258686208304
0.45,0.0359453732285301
0.45,0.0425927877212542
0.45,0.0258349675521883
0.45,0.0558954114419275
0.45,0.043862442224911
0.45,0.0895886649625582
0.45,0.0453221347165445
0.45,0.0403865842015877
0.45,0.0874824525742235
0.45,0.0126249260970795
0.45,0.0181420193773486
0.45,0.0166799143778374
0.45,0.023008204009346
0.45,0.00948691992083701
0.45,0.0363743594652141
0.45,0.012001447246205
0.45,0.0835283136259359
0.45,0.0870115491939241
0.45,0.0593916333617422
0.45,0.0504141301024699
0.45,0.0230802628293794
0.45,0.0326426994068221
0.45,-0.0417038403115221
0.45,0.055306820419
0.45,0.0485803631108736
0.45,0.00955707500330421
0.45,0.0706079998443538
0.45,0.013938572570077
0.45,0.0385598425964051
0.45,0.0301974728219867
0.45,0.0272596233430375
0.45,0.0761031792775625
0.45,0.0206990062602746
0.45,0.0544795523384329
0.45,0.0495385307372831
0.45,0.0592341758933625
0.45,0.0363181491517944
0.45,0.0205118950223813
0.45,0.0402942658623516
0.45,0.0475052798782098
0.45,0.035022986134775
0.45,-0.00692494406355811
0.45,0.0375610020216488
0.45,0.0559363351668621
0.45,0.0502847838754286
0.45,0.0264255534969026
0.45,0.0690760651516496
0.45,0.0344967372229714
0.45,0.0646364120363512
0.45,0.0389416013960546
0.45,0.0887908678304623
0.45,0.0554927714623744
0.45,0.0802073701973676
0.45,0.0342786904824703
0.45,0.0503042476263473
0.45,0.0637607553502037
0.45,0.0576819404024268
0.45,0.0861823561201095
0.45,0.0572778853903415
0.45,0.0254767989767329
0.45,0.0534136113375275
0.45,0.00183834734408424
0.45,0.109519914062821
0.45,0.0579609537151381
0.45,0.0589672684429412
0.45,0.0444995508864572
0.45,0.0204904706046518
0.45,0.0263481732497276
0.45,0.0222289018286463
0.45,0.0337716327783573
0.45,0.015722184403081
0.45,0.0521594486841653
0.45,0.0615545019891501
0.45,0.0507313547416768
0.45,0.0335184157541927
0.45,0.0760166148108451
0.45,0.052918559342035
0.45,0.0269929881302687
0.45,0.0481175364591024
0.45,0.0401464658425417
0.45,0.0310092018331326
0.45,0.0318488251059861
0.45,0.0534070921099907
0.45,0.0666747835882588
0.45,0.0870704970100472
0.45,0.0353706247023077
0.45,0.0259294904985361
0.45,0.0489844834584213
0.45,0.0416880425540751
0.45,0.0610811306245862
0.45,0.0267257017953286
0.45,0.0388849963166282
0.45,0.0322877655543888
0.45,0.0356587172509028
0.45,0.0592833228236416
0.45,0.0213639621673619
0.45,0.0186067814879681
0.45,0.0534124624596163
0.45,0.0233011890728186
0.45,0.0645356848733061
0.45,0.0299515839798132
0.45,0.00414640766659046
0.45,0.0468155828839989
0.45,0.0388696333824682
0.45,0.0574916916513289
0.45,0.059921983014639
0.45,0.0692334723806069
0.45,0.0103279933934893
0.45,0.0420967349040636
0.55,0.0290446127049649
0.55,0.00470267816650996
0.55,0.0433230226883392
0.55,0.0740375168834886
0.55,0.0779066596220232
0.55,0.0397874157684729
0.55,0.0885337720432843
0.55,0.0814900948116331
0.55,0.0505155360505623
0.55,0.0344748140611923
0.55,0.014113781483211
0.55,0.0103691591546808
0.55,0.085468399275915
0.55,0.0620873228022732
0.55,0.055161818705566
0.55,0.0756386823866868
0.55,0.0592120659191713
0.55,0.0788450786142777
0.55,-0.00358281300800368
0.55,0.0334466380220001
0.55,0.0753549451155112
0.55,0.060353101654622
0.55,0.0106301368545998
0.55,0.0529207418191185
0.55,0.0465143674714169
0.55,-0.0112443898909015
0.55,0.0277622711000001
0.55,0.0508009839848419
0.55,0.0451606076944048
0.55,0.0346932317850052
0.55,0.0486515274511284
0.55,0.0183716940143147
0.55,0.0793558361062708
0.55,0.0319690756758029
0.55,0.0329706088780004
0.55,0.0430673496358286
0.55,0.0637523499687663
0.55,0.0314828753862756
0.55,0.0500338277904974
0.55,0.0253317179413087
0.55,0.00686666895248994
0.55,0.0538035253383851
0.55,0.0423455322335425
0.55,0.0861115908711493
0.55,0.0143497400151158
0.55,0.0466021053347884
0.55,0.0592241127569809
0.55,0.107402230282464
0.55,0.0462329501082068
0.55,0.0673929645317619
0.55,0.0265093203879624
0.55,0.0467116898138282
0.55,0.0353737892569923
0.55,0.0759197734116671
0.55,0.0510302054211292
0.55,0.0328154649557666
0.55,0.0860792038380438
0.55,0.0275745901031342
0.55,0.0358800907758259
0.55,0.0401283245457205
0.55,0.0652330654986388
0.55,0.0674224485159125
0.55,0.0920082108216272
0.55,0.0443176260804867
0.55,0.0589048807011524
0.55,0.022650578298094
0.55,0.0337499012642132
0.55,0.0304953992057434
0.55,0.0490465159913682
0.55,0.0471519903383621
0.55,0.0761548775455402
0.55,0.00446856689979995
0.55,0.0411445489890364
0.55,0.0686873265724594
0.55,0.0788513484172093
0.55,0.00367475993261668
0.55,0.0477258007387896
0.55,0.0761546818686695
0.55,0.0426130234428884
0.55,0.040845821296522
0.55,0.0538732378035769
0.55,0.0553817125184326
0.55,0.0811034821039099
0.55,0.0601007855415849
0.55,0.0662965845687087
0.55,0.0438708240336228
0.55,0.0611998626445885
0.55,0.066551789706021
0.55,0.0670178086618018
0.55,0.0896451602024995
0.55,0.0395064947912937
0.55,0.0772242713664107
0.55,0.0187565479449348
0.55,0.000806425297561655
0.55,0.0542889862776773
0.55,0.0540403335864173
0.55,0.0771729445052552
0.55,0.10333159385421
0.55,0.0386026525141601
0.55,0.0680654905722962
0.55,0.102509270919693
0.55,0.0127091933052774
0.55,0.0683202435342326
0.55,0.0478720523186027
0.55,0.033950459664001
0.55,0.0840288382815266
0.55,0.0609019473322193
0.55,0.0680118849673345
0.55,0.0110844069465935
0.55,0.0522579319339655
0.55,0.0776477713083989
0.55,0.0478559643672483
0.55,0.0829461014653507
0.55,0.0303615049529715
0.55,0.0611484672196562
0.55,0.0779681008523858
0.55,0.0662482007057819
0.55,0.0752250617981564
0.55,0.0264275562098586
0.55,0.0641025057079179
0.55,0.0400594739834348
0.55,0.0856933444212006
0.55,0.0383173741838214
0.55,0.0630185767882902
0.55,0.00213154724915129
0.55,0.0237236583026312
0.55,0.0733464468636871
0.55,0.0483911452282957
0.55,0.0373758399261747
0.55,0.0574594239080487
0.55,0.034008434991211
0.55,0.0179157102818026
0.55,0.0358731779461045
0.55,0.0294305400390943
0.55,0.0316425461826213
0.55,0.0503915939136269
0.55,0.0403175851307671
0.55,0.0761484369115486
0.55,0.045220121939337
0.55,0.0989432641443413
0.55,0.025132286402045
0.55,0.0546392741688552
0.55,0.0691297208823743
0.55,0.0399581060203276
0.55,0.0666319794680889
0.55,0.0329909564449501
0.55,0.0589796779960031
0.55,0.024070530881028
0.55,0.0433954251345403
0.55,0.058737891657949
0.55,0.0757020370809843
0.55,0.0681549043016001
0.55,0.0570649442468215
0.55,-0.0152721121112558
0.55,0.0282016875311432
0.55,0.0499983212059252
0.55,0.0624239990207928
0.55,0.0372772840450295
0.55,0.0573662186448752
0.55,0.0760028523493555
0.55,0.0404607496724896
0.55,0.0214800938792268
0.55,0.102298376839609
0.55,0.00890866190412447
0.55,0.0573549153339446
0.55,0.0434932230474911
0.55,0.0516006280198669
0.55,0.0623045556461041
0.55,0.0425822078300252
0.55,0.0482341728993559
0.55,0.0189931250947442
0.55,0.0682441932232887
0.55,0.0201080934692024
0.55,0.0361434381717693
0.55,0.0324534327711774
0.55,0.0240892361709642
0.55,-0.0193681216425628
0.55,0.0325997141175541
0.55,0.0774344174902183
0.55,0.0178647733443153
0.55,0.0581457986286819
0.55,0.0249599199824135
0.55,0.0477899873530188
0.55,0.0623718834851496
0.55,0.00623990064152627
0.55,0.0485104092420602
0.55,0.014570734395044
0.55,0.0345317815986059
0.55,0.0689566316322273
0.55,0.0762143761468405
0.55,0.0714559318572892
0.55,0.0844445483484251
0.55,0.0500170394795976
0.55,0.0239788570806509
0.55,-0.00301739352690024
0.55,0.0541324448662393
0.55,0.0186781410122745
0.55,-0.00223138425348946
0.55,0.104719440548029
0.55,0.054303557415857
0.55,0.0565215160563705
0.55,0.0567054183679637
0.55,0.0234155164391068
0.55,0.105183545647213
0.55,0.0376066117115757
0.55,0.0356699352496103
0.55,0.032727832405575
0.55,0.0361416126889231
0.55,0.0728415440055231
0.55,0.0463659633749914
0.55,0.0464081834517718
0.55,0.0200606242833185
0.55,0.0236498721005505
0.55,0.0581451604205717
0.55,0.0261885705744846
0.55,0.0111134971628817
0.55,0.0426311937827009
0.55,0.00950781668681836
0.55,0.0339533880050696
0.55,0.0187836529178309
0.55,0.0535627147204809
0.55,0.0449580035683045
0.55,0.0395542023383191
0.55,0.0616847353692875
0.55,0.0324144276169899
0.55,0.0592379618381433
0.55,0.0503314202767447
0.55,0.0264830777640275
0.55,0.00626673775037689
0.55,0.0506789282682028
0.55,0.0343703975091388
0.55,0.055552615017983
0.55,0.0602556534460676
0.55,0.0427023139458495
0.55,0.0762694988109338
0.55,0.0418910963447498
0.55,0.0569561247694602
0.55,0.0611781216194333
0.55,0.0259233948400494
0.55,0.0566490527114333
0.55,-0.0150154851594399
0.55,0.0637142268597693
0.55,0.0367852832568007
0.55,0.00543734696649297
0.55,0.0443780668392074
0.55,0.066861910370325
0.55,0.0393939470548269
0.55,0.057720432588978
0.55,0.0420522709012747
0.55,0.0199374336519077
0.55,0.0416286001152684
0.55,0.0654183958312509
0.55,0.117286925205413
0.55,0.00850762045985058
0.55,0.0707290214409033
0.55,0.00842300184597787
0.55,0.0376344769337558
0.55,0.0428682264253817
0.55,0.00685915217331384
0.55,0.0573845276655114
0.55,0.0159861162965384
0.55,0.030544521936684
0.55,0.086089960076024
0.55,0.0968744900928454
0.55,0.0752788013342002
0.55,0.0513421777836453
0.55,0.0647000167745496
0.55,0.0461153807023716
0.55,0.0967415319536487
0.55,0.0830674449113098
0.55,0.0146377288149938
0.55,0.0697726782326016
0.55,0.0281505007260552
0.55,0.046232834430754
0.55,0.052393116059026
0.55,0.0644315432900654
0.55,0.0210699432282718
0.55,0.0365456415180218
0.55,0.0830931304971015
0.55,0.0771142948662936
0.55,0.019272110279717
0.55,0.0488973963599798
0.55,0.0607491750658168
0.55,0.042200486456976
0.55,0.0614417403629995
0.55,0.0157991611349546
0.55,0.0494684393436468
0.55,0.0727047072935485
0.55,0.0756057167941791
0.55,0.0482169140413549
0.55,0.00630061193759407
0.55,0.0489491068386983
0.55,0.048918773607942
0.55,0.0422026334202254
0.55,0.0821979198225572
0.55,0.0290152003026229
0.55,0.0548500740076841
0.55,0.0225732368460861
0.55,0.0675765114506455
0.55,0.0681513384709885
0.55,0.0371780436651183
0.55,0.0705467707957667
0.55,0.0445298162153227
0.55,0.0530207358962413
0.55,0.0621234983278316
0.55,0.0147117426520914
0.55,0.108045289003353
0.55,0.0391752543472199
0.55,0.0349715889987045
0.55,0.0444261741670812
0.55,0.030462342082584
0.55,0.0368304348485044
0.55,0.0555741694128552
0.55,0.0216151878493582
0.55,0.0256909115008753
0.55,0.0569663102752795
0.55,0.0462722483228562
0.55,0.0723984686924342
0.55,0.0497933692153312
0.55,0.0454080394073773
0.55,0.0619512616191588
0.55,0.0265533908778252
0.55,-0.0211832610976561
0.55,0.0937122823854071
0.55,0.0320214134076906
0.55,0.0349375436954042
0.55,-0.00980049538100159
0.55,0.0650038858660124
0.55,0.018253968377138
0.55,0.0477590035909657
0.55,0.0262143046908859
0.55,0.093114015248086
0.55,0.0466608996726775
0.55,0.034347886457684
0.55,0.0737738976929452
0.55,0.078420695315141
0.55,0.0693032699361708
0.55,-0.0203193192532138
0.55,0.0195317779265685
0.55,0.0121918403223486
0.55,0.0628619301203157
0.55,0.0682411647226867
0.55,0.0472254389018996
0.55,0.047600709613656
0.55,0.0604332891452768
0.55,0.0142828031045231
0.55,0.0661098284985584
0.55,0.123669651444285
0.55,0.0283512974642669
0.55,0.0585912939074395
0.55,0.0432634183962986
0.55,0.0321300081215734
0.55,0.0474140399708396
0.55,0.0502925099483952
0.55,0.0466374288901666
0.55,0.0741447989506276
0.55,0.0462799433095046
0.55,0.0495291088651948
0.55,0.00782723511883772
0.55,0.0599418522074045
0.55,0.0132450912487337
0.55,0.0106540264956753
0.55,0.00109980593303146
0.55,0.037468105774817
0.55,0.0668671467313574
0.55,0.0158217581589683
0.55,0.00675144752371094
0.55,0.0170735164433847
0.55,0.0586005670242417
0.55,0.0936932485144891
0.55,0.0540440745898205
0.55,0.01490035569372
0.55,0.0387126006144553
0.55,0.0983751532509954
0.55,0.0766198933449073
0.55,0.0253647087271203
0.55,0.024902408993053
0.55,0.0645887092263261
0.55,0.0502905126818235
0.55,0.0423112279464166
0.55,0.0599085102011555
0.55,0.027938102827551
0.55,0.0671478667376632
0.55,0.0599180130483873
0.55,-0.00433793852181463
0.55,0.0330833909746813
0.55,0.0691739518154523
0.55,0.0854059023792366
0.55,-7.23828487741088e-05
0.55,0.0339399759619603
0.55,0.0426100519807953
0.55,0.0596314475877535
0.55,0.0456740662982737
0.55,0.063073403016287
0.55,0.0659871517500689
0.55,0.0502102661090365
0.55,0.0804661090220576
0.55,0.0524758795109984
0.55,0.0233019635464991
0.55,0.0249064942157692
0.55,0.0571683072100224
0.55,0.0870845969439443
0.55,0.0369032785551816
0.55,0.0342153246035846
0.55,0.00716279076928545
0.55,0.0221420634768302
0.55,0.029227555412123
0.55,0.016621063426716
0.55,0.0317464874013044
0.55,0.0245412118793208
0.55,0.0431462040894171
0.55,0.0453538335476085
0.55,0.0787314601052652
0.55,0.0433748508903762
0.55,0.0171943148765674
0.55,0.098424887745029
0.55,0.0307113302033596
0.55,0.0400581246587089
0.55,0.0361716229592844
0.55,0.0575252311039793
0.55,0.0701960312164628
0.55,0.00547911394685385
0.55,0.0762128497010519
0.55,0.0678246886184222
0.55,-0.0029369117832271
0.55,0.0611496013111369
0.55,0.0449039210662879
0.55,0.0307837529484641
0.55,0.0337240918064813
0.55,0.00320704678247552
0.55,0.106928131655934
0.55,0.0925520492994142
0.55,0.0629125584135247
0.55,0.0265827535169287
0.55,0.0531960223659941
0.55,0.0461527002061158
0.55,-0.00111561712976217
0.55,0.0344739830761746
0.55,0.0168877177295675
0.55,0.034999613612877
0.55,0.058004585310949
0.55,0.0601082547488246
0.55,0.0528760216075915
0.55,0.0167045135118232
0.55,0.0400013456655466
0.55,0.0558204122319705
0.55,0.0519294449618562
0.55,0.0941084442755615
0.55,0.0204305230438225
0.55,0.00196141049783875
0.55,-0.00267437995180921
0.55,0.0658605108760774
0.55,0.0304519730913218
0.55,0.028420940740212
0.55,0.0702382039139508
0.55,0.0513962568526498
0.55,0.0624410258524307
0.55,0.0674113070161198
0.55,0.0496649592457712
0.55,0.0611444711050064
0.55,0.0356951602888943
0.55,0.017998264792685
0.55,0.0603086707922442
0.55,0.0703344643214043
0.55,0.0278010338037194
0.55,0.0787586991351508
0.55,0.0262260885918655
0.55,0.0499849354274698
0.55,0.0411655894849282
0.55,-0.0182004597607749
0.55,0.0668043717298748
0.55,0.0386985908045562
0.55,0.0245965830611447
0.55,0.0530876093542221
0.55,0.0293837358537573
0.55,0.014369587591482
0.55,0.0782881417429102
0.55,0.0409403645606246
0.55,0.0220987605791696
0.55,0.10138022774963
0.55,0.0440514232266344
0.55,0.0782985104420986
0.55,0.0397905751872023
0.55,0.0449289258238603
0.55,0.0820196614651191
0.55,0.0644821525391265
0.55,0.0306394949488079
0.55,0.0553154176278191
0.55,0.0747798593676174
0.55,0.049428350580685
0.55,0.0533624804062156
0.55,0.0673344332646686
0.55,0.0741394461705394
0.55,0.0545875902549493
0.55,0.0804109817820515
0.55,0.0379906417945949
0.55,0.114570852361043
0.55,0.0457631812431655
0.55,0.0674932599638685
0.55,0.0568167098736342
0.55,0.0879742239905554
0.55,0.0489226491593779
0.55,0.0306507787832186
0.55,0.0857315632793361
0.55,0.0213839223480745
0.55,0.0427597634336527
0.55,0.0258852488998579
0.55,0.0479989943249594
0.55,0.0724124761745343
0.55,0.0647861098745915
0.55,0.0686244832770657
0.55,0.0504446652969189
0.55,0.0417874988445715
0.55,0.0261504325559994
0.55,0.0727368168141393
0.55,0.0480598741860429
0.55,0.0298968891550934
0.55,0.062933434490777
0.55,0.0487928496884418
0.55,-0.0214634278767136
0.55,0.0251436659431836
0.55,0.0662656271682329
0.55,0.0728398557456068
0.55,0.0319476651003577
0.55,0.0653014017624928
0.55,0.0171917474142952
0.55,0.0236769950121767
0.55,-0.00618322167654473
0.55,0.0512316342446198
0.55,0.0407653549490056
0.55,0.083662705653459
0.55,-0.00678433087253371
0.55,0.0577327719495855
0.55,0.0210091928933759
0.55,0.0939036450448825
0.55,0.0557932189585753
0.55,0.0840979638437173
0.55,0.0441829955059524
0.55,0.0710601879992753
0.55,0.0281772674940856
0.55,0.0609556094949569
0.55,0.0277686636121621
0.55,0.0316356911570368
0.55,0.00865558757929496
0.55,0.0136881664736263
0.55,0.0281180621826924
0.55,-0.0265660596501158
0.55,0.0740092960170255
0.55,0.0535037260698755
0.55,0.095048425143534
0.55,0.029756255492503
0.55,0.0552973050875046
0.55,0.0317519869537345
0.55,0.0640928274415309
0.55,0.1004863941819
0.55,0.0334535606563808
0.55,0.0539526718245227
0.55,0.0479890513019817
0.55,0.0834251883031947
0.55,-0.00952784005795097
0.55,0.0138774776529575
0.55,0.0245025635317061
0.55,0.0709241500420837
0.55,0.0680442803153425
0.55,0.0107142122540906
0.55,0.0578324382441749
0.55,0.0442210199699998
0.55,0.0799864145780314
0.55,0.0510382376597688
0.55,0.00400799419456646
0.55,0.0553998467542042
0.55,0.0136104576048759
0.55,-0.0247009026623452
0.55,0.0580295444236259
0.55,0.0485289882073214
0.55,0.0623368931454617
0.55,0.0361764906649017
0.55,0.0346385885732569
0.55,0.0158637640435713
0.55,0.0212559878393508
0.55,0.0142430204746036
0.55,0.0368552743714685
0.55,0.0321506582371073
0.55,0.0159209232827658
0.55,0.0253151093936235
0.55,0.036927529172956
0.55,0.0129680133170714
0.55,0.0456340950674209
0.55,0.0369240652476172
0.55,0.0396210027068542
0.55,0.0350472830990015
0.55,0.0662634828615056
0.55,0.0364185956088971
0.55,0.0216753994310964
0.55,0.0124541341089166
0.55,0.0717055669913977
0.55,0.057835187377525
0.55,0.0465431709279824
0.55,0.0384942390324358
0.55,0.0174780448780804
0.55,0.0300084754837638
0.55,0.0701661374314092
0.55,0.0229893274553959
0.55,0.0470904185615022
0.55,0.0706562040206736
0.55,0.0433993776690611
0.55,0.0420582929039796
0.55,0.0105763629199763
0.55,0.0385366364242928
0.55,0.0182015917747333
0.55,0.0814394515052309
0.55,0.0338468704718705
0.55,0.0657128352126039
0.55,0.0379992476042831
0.55,0.0257018100048257
0.55,0.0605862919310976
0.55,0.0128308138112291
0.55,0.075445810340271
0.55,0.0703654196278075
0.55,0.0240303111068258
0.55,0.0279479102825174
0.55,0.0478716754102016
0.55,0.0144823736221392
0.55,0.0352609182808308
0.55,-0.00360976191007642
0.55,0.0289314371264313
0.55,0.0712102358402721
0.55,0.000760475016763104
0.55,0.0288742884066776
0.55,0.0650063326142871
0.55,0.0450173717762465
0.55,0.0651617862221057
0.55,0.0931682770242398
0.55,0.0849066823377301
0.55,0.0321758401812728
0.55,0.0672511214575217
0.55,-0.00206250540934196
0.55,-0.00203047514745733
0.55,0.0285889794999253
0.55,0.0111095854109984
0.55,0.0387193370780741
0.55,0.0347542902206021
0.55,0.04665345138328
0.55,0.0926667506902586
0.55,0.0453848123695057
0.55,0.0412066637418853
0.55,-0.00651030247281231
0.55,0.0609257752163642
0.55,0.0292293076805542
0.55,0.0216336838492679
0.55,0.0657853798515527
0.55,0.0705781196068545
0.55,0.0651584085439926
0.55,0.0394899153472937
0.55,0.069696019904797
0.55,0.04289682897857
0.55,0.0467189619731123
0.55,0.0590130393316499
0.55,0.0165529633265279
0.55,0.0451204439334944
0.55,0.0706211415672416
0.55,0.0356086131277977
0.55,0.00326346305376213
0.55,0.0411918089288391
0.55,0.01443257076308
0.55,0.0447749212844175
0.55,0.0238443475924467
0.55,0.0764115473843954
0.55,0.0535322622917778
0.55,0.0616030601395655
0.55,0.0177156024149756
0.55,0.0239253864667715
0.55,0.0662221779630247
0.55,0.0440539678318216
0.55,0.036678415979045
0.55,0.0895192791617695
0.55,0.0835398306449484
0.55,0.0519489634533288
0.55,0.0457318550480423
0.55,0.0708941259738901
0.55,0.0143794387389973
0.55,0.027846235618743
0.55,0.044175090332261
0.55,0.0231507915075867
0.55,0.051824794728874
0.55,0.0224998401373084
0.55,0.0919774470264358
0.55,0.0738487670885373
0.55,0.0371083174060272
0.55,0.0736566508294292
0.55,0.0339131264134591
0.55,0.0694828073945768
0.55,0.0337404710211327
0.55,0.0689129269164996
0.55,0.0368143579663802
0.55,0.0856482722157029
0.55,0.0790904176750889
0.55,0.0707833295495528
0.55,0.0631923019668853
0.55,0.0355083207111314
0.55,0.0664834268524324
0.55,0.0318416818937823
0.55,0.0182251211692293
0.55,0.0403535967089959
0.55,0.0459809801098343
0.55,0.0642403001083336
0.55,0.00211927778405112
0.55,0.0739134731585419
0.55,0.053370086885955
0.55,0.0406576618951626
0.55,-0.00276731095829098
0.55,0.0409325330205213
0.55,0.059903405613015
0.55,0.075760532387982
0.55,0.0463499646405351
0.55,0.0595318399536209
0.55,0.0155727423721575
0.55,0.011303098866542
0.55,0.0608745640011669
0.55,0.0436308007592155
0.55,0.0825884996652889
0.55,0.0813699815448563
0.55,0.0766044086940572
0.55,0.0626469189340134
0.55,0.0723592701684698
0.55,0.0899523999780256
0.55,0.0752611045811834
0.55,0.0399649404416405
0.55,0.0437390574463247
0.55,0.03257060059467
0.55,0.0349828077061418
0.55,0.0161086965304856
0.55,0.0756448550626296
0.55,0.0778577781296296
0.55,0.0461938885076575
0.55,0.0420994068999256
0.55,0.0783619038216069
0.55,0.0205780006353154
0.55,0.0400324296264269
0.55,0.0522364357178545
0.55,0.0525953268694581
0.55,0.00942803459476903
0.55,0.0782023864135699
0.55,0.0498840153115941
0.55,0.0435810979455397
0.55,0.0617449480948998
0.55,0.031731677391102
0.55,0.0340136095598827
0.55,0.0405502974999601
0.55,0.0260012028234894
0.55,0.104808393128455
0.55,0.0428318735052046
0.55,0.0873609859216114
0.55,0.0265295152652552
0.55,0.0553249924060176
0.55,0.0703764199042674
0.55,0.0372976392698903
0.55,0.075452321425522
0.55,0.0589810470723996
0.55,0.0369070323147698
0.55,-0.000355016735083573
0.55,0.016981469641122
0.55,0.0471254610561277
0.55,0.0928578781934571
0.55,0.0277246801470666
0.55,0.0277798981505674
0.55,0.00798014533030649
0.55,0.0667362421799494
0.55,0.0793439883185686
0.55,0.0246946996189515
0.55,0.0525212910161405
0.55,0.0872442450668958
0.55,0.075171135471181
0.55,0.056675674400119
0.55,0.0563796849813405
0.55,0.0298014400893119
0.55,0.00600805240976992
0.55,0.0322735168318475
0.55,0.0183822353391223
0.55,0.01607163236527
0.55,0.0560113942946516
0.55,0.0404355368481047
0.55,0.0472020932152265
0.55,0.0319402109234814
0.55,0.0277648953536065
0.55,0.0502422360107902
0.55,0.0313267266337761
0.55,0.0608204668828453
0.55,0.0258105402605706
0.55,0.0642405873054471
0.55,0.0830326354489267
0.55,0.0518282707619997
0.55,0.0168216071443625
0.55,0.0353628988676853
0.55,0.0908303052809462
0.55,0.0489586166821762
0.55,-0.000780050918930305
0.55,0.0385591581043216
0.55,0.0396655052194712
0.55,0.0967356920953231
0.55,0.0758561224413798
0.55,0.0872012652886585
0.55,0.0614334769136445
0.55,0.0623862025485617
0.55,0.0202519647941277
0.55,0.034734304462423
0.55,0.0380632387536336
0.55,0.0629155167296841
0.55,0.0230181391111703
0.55,0.0562514043304085
0.55,0.045693040420474
0.55,0.0943735406156714
0.55,0.0869858490889799
0.55,0.085062800315476
0.55,0.045123925231181
0.55,0.0341199292376911
0.55,0.0491156151006265
0.55,0.0163963341100597
0.55,0.0372533011835961
0.55,0.0264525829345074
0.55,0.0326394005358924
0.55,0.0390745190002852
0.55,0.0552618339235258
0.55,-0.00749850143244741
0.55,0.0863374514334886
0.55,0.0491553144826568
0.55,0.0615361002316626
0.55,0.0398418186256498
0.55,0.0296308109912619
0.55,0.0130546504046859
0.55,0.0099305399140305
0.55,0.0653758567736532
0.55,0.068248358437264
0.55,0.0551142805826217
0.55,0.0256061384160121
0.55,0.0686334316495875
0.55,0.0135218988911505
0.55,0.0501065050140031
0.55,0.0160341193646411
0.55,-0.00270829017034263
0.55,0.0758037978135741
0.55,0.059463932229896
0.55,0.0454359507962335
0.55,0.0451154292356985
0.55,0.0410208596574949
0.55,0.0644360098406922
0.55,0.0561758538568912
0.55,0.0387165048745725
0.55,-0.00688639319127133
0.55,0.0429751090652036
0.55,0.0429503407351236
0.55,0.0154353575690023
0.55,0.0610221895328057
0.55,0.073436052005534
0.55,0.0576217704804579
0.55,0.065298614806135
0.55,0.0644952960192146
0.55,0.0532446248985183
0.55,0.0239877192029116
0.55,0.0936624678171865
0.55,0.0339797798785701
0.55,0.0371165195556186
0.55,0.088102567456527
0.55,0.0195827482234541
0.55,0.0550567972746619
0.55,-0.0197795249265089
0.55,0.020104287706562
0.55,0.0398268899172572
0.55,0.0161888941510816
0.55,0.058173352813544
0.55,0.0609357691892122
0.55,0.0492971820373766
0.55,0.0133396358312368
0.55,0.0797284891475871
0.55,0.0551670764374498
0.55,0.0801847100504161
0.55,0.0837307383625536
0.55,0.035784047340481
0.55,0.0373231614498544
0.55,0.00959816233382035
0.55,0.0160502136735543
0.55,0.0929220369632339
0.55,0.0492944397951545
0.55,0.0719598088120359
0.55,0.0516586230995251
0.55,0.0317727216751055
0.55,0.060941616086866
0.55,0.0380496682838534
0.55,0.0503480168511076
0.55,0.0545946533113134
0.55,0.0438883061095336
0.55,0.061003834630396
0.55,0.0487605094636262
0.55,0.0222691577710692
0.55,0.08594116662657
0.55,0.0408433964722318
0.55,0.0203340232214162
0.55,0.0166356417955298
0.55,0.0616174042066942
0.55,0.035350204520934
0.55,0.0573276785919974
0.55,0.0118295558592025
0.55,0.079943141920132
0.55,0.061581358304411
0.55,0.0559067306592121
0.55,0.0435986650821838
0.55,0.0492145635081189
0.55,0.032126239302855
0.55,0.0590788378404563
0.55,0.0181662004788237
0.55,0.0150109199089344
0.55,0.0472816039321146
0.55,0.0670099657362666
0.55,0.0603748345294197
0.55,0.0855709939697236
0.55,-0.00117708633764074
0.55,0.0887726263612179
0.55,0.0346419627043325
0.55,0.0438444039340612
0.55,0.0301617438961866
0.55,0.052307800094965
0.55,0.0634916245217163
0.55,0.0442109356952456
0.55,0.0376386072792269
0.55,0.0434831952994904
0.55,0.0605502599135468
0.55,0.0348771550166405
0.55,0.100645238565607
0.55,0.0507406932263893
0.55,0.0432527329466945
0.55,0.0535177489881987
0.55,-0.0297516175669357
0.55,0.0656982673076555
0.55,0.0738815677916168
0.55,0.0404682688673915
0.55,0.047068505322099
0.55,0.0366216207551098
0.55,0.0656131891107046
0.55,0.0805878936983638
0.55,0.0345669785895691
0.55,0.0626914501514348
0.55,0.0401172043124678
0.55,0.0197998221387006
0.55,0.0400668629722055
0.55,0.0633031522526908
0.55,-0.00428863475055547
0.55,0.0577652654287609
0.55,0.0670343252976148
0.55,0.0473822421441568
0.55,0.0285150726950515
0.55,0.0251212532155382
0.55,0.0464942673158515
0.55,0.0740827478884002
0.55,0.048731375714705
0.55,0.051294464971957
0.55,0.0257795144731197
0.55,0.0386822922700342
0.55,0.0503681805244686
0.55,0.048980182676511
0.55,0.0613911438401913
0.55,0.0371401061606595
0.55,0.0523763801676454
0.55,0.0326161279637541
0.55,0.0645100961603094
0.55,0.0209705979996319
0.55,0.0235830577110562
0.55,0.0668372093684579
0.55,0.0515052680678768
0.55,-0.000466708114180316
0.55,0.0579575593260655
0.55,0.0642851258375457
0.55,-0.00767794862499869
0.55,0.036549006034934
0.55,0.0473260968480549
0.55,0.0891887008245155
0.55,0.0410570457993874
0.55,0.0584566455931827
0.55,0.0620066195128314
0.55,0.060262938429297
0.55,0.0168134878383373
0.55,0.0148730293493317
0.55,0.0414098549660105
0.55,0.0579214257998089
0.55,0.0468733022172881
0.55,0.0256192797864516
0.55,0.0138996131743222
0.55,0.0509389584990028
0.55,0.0456087430357435
0.55,0.0663295796225031
0.55,0.0664103202339664
0.55,0.0407583706785532
0.55,-0.00431806669247203
0.55,0.0725876689452752
0.55,0.0178304351903652
0.55,0.0691850300595247
0.55,0.0673212530144267
0.55,0.0631943216852126
0.55,0.0158034930738929
0.55,0.0332935765949673
0.55,0.046245151954347
0.55,0.103658117827853
0.55,0.0292369499867187
0.55,0.0938190101029346
0.55,0.059070475288595
0.55,0.102800254670453
0.55,0.0431187096671851
0.55,0.0570568536041849
0.55,0.0238795956732253
0.55,0.0603952597566131
0.55,0.0597410811863721
0.55,0.0529638373199806
0.55,0.0314476051729923
0.55,0.0195005224958448
0.55,0.0175576992286779
0.55,0.053152013034902
0.55,0.087701681327414
0.55,0.0794364745291333
0.55,0.0358925890668094
0.55,0.0618994487193053
0.55,0.0486043261428765
0.55,0.0489930463470412
0.55,0.0346119670217867
0.55,0.0557560155443596
0.55,0.0509035456571982
0.55,0.0632328662693688
0.55,-0.0129596014193854
0.55,0.0486763540608205
0.55,0.0100457840891486
0.55,0.0811118352415453
0.55,0.0720731536429129
0.55,0.0788146070955878
0.55,0.0305022379880218
0.55,0.0503262086920032
0.55,0.0510810513245587
0.55,-0.000606194377985218
0.55,0.0343341822624288
0.55,0.0757280470106804
0.55,0.0492397041577506
0.55,0.0901167854702012
0.55,0.0950604876031581
0.55,0.0270612892420946
0.55,-0.0218591144349716
0.55,0.0533102228644754
0.55,0.0356567891921073
0.55,0.0446924326640865
0.55,0.0263213836281979
0.55,0.0649728046820055
0.55,0.0758250643677019
0.55,0.0288012879743984
0.55,0.0598112119023707
0.55,0.0300546472039107
0.55,0.0400393145499065
0.55,0.0735162688460365
0.55,0.0801484873171957
0.55,0.0431672497728894
0.55,0.0658450109297851
0.55,0.0573528545019037
0.55,0.046628133546127
0.55,0.0133821042856412
0.55,0.0349421410256327
0.55,0.0421241641485096
0.55,0.0710971047364695
0.55,0.0415061077573605
0.55,0.018101047078702
0.55,0.0461387921824111
0.55,0.0176298310587274
0.55,0.0389966818285172
0.55,0.081659320553389
0.55,0.0637976069288654
0.55,0.0803743528851844
0.55,-0.0166194578817387
0.55,0.0863512924010979
0.55,0.0216402593731935
0.55,0.0625941911176789
0.55,0.0520951935566403
0.55,0.0620316869930341
0.55,0.0112873679856286
0.55,0.0867023085708399
0.55,0.0514860396829199
0.55,0.0707462437966387
0.55,0.0446692483628285
0.55,0.047844209452039
0.55,0.0111482932333717
0.55,0.00545584615197148
0.55,0.0130187559466138
0.55,0.075958365316584
0.55,0.0971583750298886
0.55,0.0522944736346222
0.55,0.077316717019643
0.55,0.014492606669219
0.55,0.109870785716168
0.55,0.034109837665007
0.55,0.0158794588459636
0.55,0.0689217592642055
0.55,0.0785262736820472
0.55,0.0641147381526431
0.55,0.0491809008490221
0.55,0.0692877106764929
0.55,0.0381888632022524
0.55,0.030994313962119
0.55,0.0234166661600703
0.55,0.0202269854205578
0.55,0.0153484920608167
0.55,0.0603248222535301
0.55,0.0700366261608362
0.55,0.0481101540392946
0.55,0.0210249341193289
0.55,0.062868918518071
0.55,-0.0136979511055271
0.55,0.0345647555949879
0.55,0.058733018910782
0.55,0.0487165792023253
0.55,0.077914604179802
0.55,0.0353815423651316
0.55,0.0694993576640804
0.55,0.0773468778875427
0.55,0.0735652056612681
0.55,0.0691418144298921
0.55,0.0414488192037299
0.55,0.0544395057034108
0.55,0.0572455492411881
0.55,0.0646725822549026
0.55,0.0427493132820822
0.55,0.0229788319866063
0.55,0.0752584097795073
0.55,0.0901256054045662
0.55,0.0577887743361436
0.55,0.0534765677283472
0.55,0.0646414901094187
0.55,0.0424333115980278
0.55,0.0629854605622736
0.55,0.0535837971786145
0.55,0.0550324781476585
0.55,0.0766374155298679
0.55,0.0493848875926153
0.55,0.04659669997974
0.55,0.0224318786532684
0.55,0.0665049040547931
0.55,0.0307866721358878
0.55,0.0268454772164333
0.55,0.0770352832031881
0.55,0.0421358822313578
0.55,0.0257945696103427
0.55,0.0282928501298207
0.55,0.0787918084337755
0.55,0.028847204614142
0.55,0.00906002450197714
0.55,0.0615377121693509
0.55,0.0231321153349167
0.55,0.0485125046177461
0.55,0.0559034817575058
0.55,0.0783168096620166
0.55,0.0333383114020304
0.55,0.0577277821408507
0.55,0.0291239131793611
0.55,0.0411953695971205
0.55,0.0547951323181574
0.55,0.0742384693277249
0.55,0.0402156205309766
0.55,0.0637580875419141
0.55,-0.0207550497989641
0.55,0.0484890498636285
0.55,0.0523216383529855
0.55,0.0253404865814645
0.55,0.0869978795082793
0.55,0.034405431771731
0.55,0.0726506515427312
0.55,0.0937645149764607
0.55,0.0159450383055896
0.55,0.0546770001393851
0.55,0.0524602473344657
0.55,0.0195112257357191
0.55,0.0794544489686925
0.55,0.0373637216672234
0.55,0.047970452485053
0.55,0.0341933283983934
0.55,0.0252702885987123
0.55,0.0178694410397482
0.55,0.0282345126033572
0.55,0.0417465860473491
0.55,0.0752707292837278
0.55,0.000210469677184519
0.55,0.0187315910135686
0.55,0.0587438235615713
0.55,0.0251335912209568
0.55,0.0709842933224285
0.55,0.059924885354273
0.55,0.0209405455339678
0.55,0.0626808251064469
0.55,0.0476743469030187
0.55,0.0208550351225654
0.55,0.029105870232524
0.55,0.0576659021216471
0.55,0.0777722901456615
0.55,0.064800612313345
0.55,0.057588550741946
0.55,0.0348386507399508
0.55,0.0936484305784351
0.55,0.0467721412269592
0.55,0.0913469886607544
0.55,0.00738957239031764
0.55,0.100504206762639
0.55,0.0274842404193564
0.55,0.0943967651086741
0.55,0.0521275969449168
0.55,0.0544347539072618
0.55,0.0554142340930667
0.55,0.06824697930991
0.55,0.0461495454129545
0.55,0.0759987567619476
0.55,0.035928965344418
0.55,0.0239338298381467
0.55,0.0576361049365193
0.55,0.0573323163743109
0.55,0.0181679697567208
0.55,0.0383202839605023
0.55,0.0757349662734438
0.55,0.0270513839462948
0.55,0.0740044432176581
0.55,0.0573289020221625
0.55,0.0172095804615756
0.55,0.0546131049621294
0.55,0.0281778029794593
0.55,0.0659028112130651
0.55,0.017131786200003
0.55,0.0582697203813778
0.55,0.0234198741651851
0.55,0.0569273211506147
0.55,0.0450972087774015
0.55,0.0663169108335094
0.55,0.0494402227155387
0.55,0.0728881543603859
0.55,0.0109013315561581
0.55,0.0789378094224907
0.55,0.0593204025916716
0.55,0.0487439608098109
0.55,0.0395731617857565
0.55,0.0114993073793123
0.55,0.0418351342308869
0.55,0.0444119793573359
0.55,0.0773936134427355
0.55,0.0656384217414674
0.55,0.0288095704244585
0.55,0.0761808462046031
0.55,0.0582616884859891
0.55,0.0530301651356686
0.55,0.0556013827717183
0.55,0.0189718166201584
0.55,0.0496096949437466
0.55,0.0371222720523052
0.55,0.0510696965770796
0.55,0.00649571668796174
0.55,0.0670109732941416
0.55,0.0961290428206131
0.55,0.0346239582932412
0.55,0.0272704641083353
0.55,0.0930287615076068
0.55,0.0331839686928786
0.55,0.0284012033881462
0.55,0.0316449077302337
0.55,0.0584366639230297
0.55,0.0610887838475858
0.55,0.0276503875286138
0.55,0.030409277204421
0.55,0.055167415390452
0.55,0.0241655195109404
0.55,0.090038564357967
0.55,0.0264444058154397
0.55,0.0610147986229895
0.55,0.0644382895838276
0.55,0.0887179180386512
0.55,0.0614524868238959
0.55,-0.0118166128398217
0.55,0.0707014496341117
0.55,0.0664513998001977
0.55,0.0666935922765107
0.55,0.0533268449952313
0.55,0.0115997234421998
0.55,0.0700499537310644
0.55,0.0278135399458435
0.55,0.0603934748422719
0.55,0.0571706698057516
0.55,0.0637169024268406
0.55,0.0591938684832337
0.55,0.03505500225769
0.55,0.076083582762435
0.55,0.0531417395009217
0.55,0.0478657908188248
0.55,0.0678453953285556
0.55,0.0572460257111721
0.55,0.086671482689827
0.55,0.0507542649437753
0.55,0.0765854532158024
0.55,0.0361329131547131
0.55,0.0891447461589731
0.55,0.0404811025649281
0.55,0.0639383098408144
0.55,0.0332767451305189
0.55,0.0192046164305344
0.55,0.0406331595455437
0.55,0.0515325007505064
0.55,0.0610673420688029
0.55,0.0182086640416661
0.55,0.0349820168526998
0.55,0.0477566404239045
0.55,0.0376061977642664
0.55,0.0908049308444895
0.55,0.0402932623967059
0.55,0.064101752542437
0.55,0.0467047034377041
0.55,0.0511775783228071
0.55,0.0288864720043824
0.55,0.0712699893203266
0.55,0.0599340156320622
0.55,0.0547033383288319
0.55,0.0510579606951573
0.55,0.0633319285116818
0.55,0.0141811867745991
0.55,0.0455488228722232
0.55,0.0955421948446833
0.55,0.0510980780382455
0.55,0.051351950917137
0.55,0.0340285897606207
0.55,0.0479034344160246
0.55,0.0177063728541683
0.55,-0.0120851702519574
0.55,0.0554263374285099
0.55,0.0709298388376372
0.55,0.0398631617123178
0.55,0.0322740338032322
0.55,0.0085416481285865
0.55,0.00613820705663329
0.55,0.0372068493385117
0.55,0.0508234275403675
0.55,-0.00940424124940811
0.55,0.018349534122841
0.55,0.0642937401128581
0.55,0.114554736348456
0.55,0.0608282800994776
0.55,0.0487576640680244
0.55,0.0484940397557862
0.55,0.0465739538440388
0.55,0.021893216885093
0.55,0.0218438624618854
0.55,0.0270692726146418
0.55,0.0296614107314057
0.55,0.0946674239829845
0.55,-0.00135660258032285
0.55,0.0641390677777259
0.55,0.0492209769793545
0.55,0.0563028383974546
0.55,0.0252114898009759
0.55,0.0797438421868019
0.55,0.0396095479231785
0.55,0.083226281054866
0.55,-0.00127459378129215
0.55,0.0455518588069551
0.55,0.0416308400026623
0.55,0.0671466170934094
0.55,0.0438843800923264
0.55,0.0253632789938131
0.55,0.0187846246996804
0.55,0.0292629752196773
0.55,0.0498622186285777
0.55,0.058095741422846
0.55,0.0138946178636529
0.55,0.0274017549933944
0.55,0.0499507574161341
0.55,0.0168979250685918
0.55,0.0482319897608701
0.55,0.016500020402613
0.55,0.0427326399365875
0.55,0.0722659056809416
0.55,0.0567339283884227
0.55,0.0810491475737184
0.55,0.0331430075703083
0.55,0.0788850281040054
0.55,0.0313984401454702
0.55,-0.0110567751546017
0.55,0.0972510694393269
0.55,0.0321649733377842
0.55,-0.000536006440805681
0.55,0.0619407370966774
0.55,0.0257314127653965
0.55,0.0623188841066456
0.55,0.0462655710848397
0.55,0.0858722066018595
0.55,0.0342806938580472
0.55,0.0485331110196783
0.55,0.0696831739082497
0.55,0.0204720283366193
0.55,0.0503912521622905
0.55,0.0834648189532868
0.55,0.0525693897615167
0.55,0.042087620070472
0.55,0.0278193767075466
0.55,0.0723375263446519
0.55,0.0821018627507729
0.55,0.00998891893799423
0.55,0.0258865809285794
0.55,0.0394712371435237
0.55,0.0875550647911652
0.55,0.0419332352595848
0.55,0.0372161441843438
0.55,0.045901572459128
0.55,0.0108158145302129
0.55,0.0592504505913847
0.55,0.0149928985141043
0.55,0.0764414244781775
0.55,0.0352764770397638
0.55,0.0125043823748041
0.55,0.0343833765729829
0.55,0.0621190465798271
0.55,0.00354112096674162
0.55,0.0250075340936852
0.55,0.0229768823245852
0.55,0.0896272924411503
0.55,0.0392672461499145
0.55,0.0269172286373286
0.55,0.0183223826696634
0.55,0.0307147355807972
0.55,0.035558540461213
0.55,0.0467903951221008
0.55,0.02359759098966
0.55,0.0383847258152004
0.55,0.0257383780011884
0.55,0.0143157445790348
0.55,0.0677715993057284
0.55,0.0445407402901129
0.55,0.0562165467319397
0.55,0.0405528570393763
0.55,0.066388971912418
0.55,0.0417517380607611
0.55,0.0392723941339535
0.55,0.0480304863173916
0.55,0.0124600146302146
0.55,0.107779793327952
0.55,0.0479058705112036
0.55,0.037556950253518
0.55,0.0710153462947076
0.55,0.053904284821505
0.55,0.0534818347599238
0.55,0.0665851359047563
0.55,0.0820907406037226
0.55,0.0760253419050006
0.55,0.040005814353131
0.55,0.0444635574214161
0.55,0.0634244502402453
0.55,0.0416777887634668
0.55,0.05839401821283
0.55,0.0633650717589358
0.55,0.0591884484202847
0.55,0.0524127903964743
0.55,0.0446249876003253
0.55,0.0597762808222347
0.55,0.0523721826492145
0.55,-0.00160202107841832
0.55,0.0628655228359241
0.55,0.0174549842726735
0.55,0.0480393947162766
0.55,0.047938008013322
0.55,0.036788319010146
0.55,0.0508735957378957
0.55,0.0579089561330785
0.55,0.0461616718579708
0.55,0.036824050306138
0.55,0.0894230748711073
0.55,0.0476744814974478
0.55,0.0535843998085364
0.55,0.0621143208913441
0.55,0.0340635383621641
0.55,0.0529874675601663
0.55,0.0346592343140759
0.55,0.0458177460249878
0.55,0.0535069575584611
0.55,0.055285579920491
0.55,0.0586598621781442
0.55,0.0634662192986928
0.55,0.0289244368825712
0.55,0.0162471824018569
0.55,0.079569939690287
0.55,0.0444969465777434
0.55,0.049746679287597
0.55,0.0751591691282639
0.55,0.07819869273446
0.55,0.0858333038392903
0.55,0.027015717795609
0.55,0.0374708805962561
0.55,0.0668331087291967
0.55,0.00328642731249081
0.55,0.0562519325941562
0.55,0.0255971935036703
0.55,0.0220875551582361
0.55,-0.0135180986249226
0.55,0.0300454887511147
0.55,0.0141112100263298
0.55,0.0624784384573973
0.55,0.0610378106594663
0.55,0.0358087304035248
0.55,0.0485768020993557
0.55,0.0334370577114
0.55,0.0314078743607034
0.55,0.0746568499126718
0.55,0.00343809509715456
0.55,0.01944860668794
0.55,0.0544261107490662
0.55,0.0514010801454354
0.55,0.0523281464301022
0.55,0.0215056046448366
0.55,2.22470918215278e-05
0.55,0.0226121689931356
0.55,0.0631349073308535
0.55,0.054252755239771
0.55,0.0296701934948041
0.55,0.0516901863102538
0.55,0.00868904266852163
0.55,0.0543685111427062
0.55,0.0519168044812666
0.55,0.0233856273355894
0.55,0.0512897917310127
0.55,0.0821628888162335
0.55,0.0680503360462209
0.55,0.0429902114921129
0.55,0.0701515087818015
0.55,0.060495443234546
0.55,0.05702350912646
0.55,0.0191276287698047
0.55,0.0364533548157768
0.55,0.0528615464223558
0.55,0.064847846958513
0.55,0.0398844626077547
0.55,0.0813366354160572
0.55,0.0429151268848721
0.55,0.0528031268567965
0.55,0.0440037526764018
0.55,0.093828277074732
0.55,0.0929342186956226
0.55,0.0211240137756341
0.55,0.0905754218025974
0.55,0.0884925586474384
0.55,0.0260264566333436
0.55,0.00254633061760136
0.55,0.0385178996214384
0.55,0.0513537063423587
0.55,0.0347967318818365
0.55,0.0362447648984774
0.55,0.053836715061627
0.55,0.0810378072142636
0.55,0.0537467543276153
0.55,0.0768074692349787
0.55,0.0353911265826692
0.55,0.0242917667209693
0.55,0.0658828280893986
0.55,0.0130343807267425
0.55,0.0361164672247597
0.55,0.0529310616044108
0.55,0.00300660694507971
0.55,0.0786892629222504
0.55,0.0449449638366705
0.55,0.057869166006676
0.55,0.0619182634522784
0.55,0.0589325075227756
0.55,0.0175179104939609
0.55,0.027014974899746
0.55,0.0744984453285893
0.55,0.0391515245256502
0.55,0.068477616373017
0.55,0.0389173881243354
0.55,0.0308991897247219
0.55,0.0585979797637941
0.55,0.0433958050437912
0.55,0.0666843836539233
0.55,0.0464608435376026
0.55,0.0310147819839331
0.55,0.0468746360158194
0.55,0.0757397017617078
0.55,-0.00950845867350249
0.55,0.0612456436394287
0.55,0.0672530310220037
0.55,0.0426104129908236
0.55,0.0530104190351629
0.55,0.0560170134113457
0.55,0.0478272714495705
0.55,0.0798096085440677
0.55,0.0463808131020593
0.55,0.0564815244819356
0.55,0.08858210499197
0.55,0.0513330468201372
0.55,0.0479591527004849
0.55,0.0407648609718175
0.55,0.0441187956693452
0.55,0.0469119906810753
0.55,0.0784156746238307
0.55,0.0636028342786252
0.55,0.0342221086058521
0.55,0.0603138735863402
0.55,0.0361201182610875
0.55,0.0305626122274782
0.55,0.0717428470215139
0.55,0.0387440212236853
0.55,0.0452578085663937
0.55,0.0239665920491309
0.55,0.066425054612518
0.55,0.0442137240168982
0.55,0.0500173047031704
0.55,0.0443255219354202
0.55,0.0256797563393358
0.55,0.0499721648048437
0.55,0.0516176160261348
0.55,0.0153245082485571
0.55,0.0719111178691677
0.55,0.0619071614204254
0.55,0.0112941737014329
0.55,0.0326629997809905
0.55,0.079231204156961
0.55,0.0432247291322969
0.55,0.00205230855779619
0.55,0.0343279421934664
0.55,0.0624214125229482
0.55,0.039772460587809
0.55,-0.0136122735779964
0.55,0.0250330682441063
0.55,0.0396064017848836
0.55,0.0424612567118373
0.55,0.0491437409525393
0.55,0.0532806378721296
0.55,0.0794838818600527
0.55,0.0669122766418338
0.55,0.0674030409314942
0.55,0.0195521289089772
0.55,0.0455552075520804
0.55,0.0397329017711683
0.55,0.0893859352055246
0.55,0.017835745371311
0.55,0.0995780725472438
0.55,0.0379696542917532
0.55,0.0057581087871734
0.55,0.0457206080994527
0.55,0.0802793128717149
0.55,0.03756196588078
0.55,0.0966244956030544
0.55,0.0559770686819058
0.55,0.0314895142918479
0.55,0.031475455002806
0.55,0.0300047810315561
0.55,0.0497339110247246
0.55,0.0229621546072572
0.55,0.0662806068212188
0.55,0.0678258112366408
0.55,0.0456331318393145
0.55,0.0741942676360638
0.55,0.0516615182875662
0.55,0.0481365253115317
0.55,0.0514964106868364
0.55,0.0877231351085401
0.55,0.0763685046654227
0.55,0.0434497880503788
0.55,0.0774475226537545
0.55,0.0615793441729266
0.55,0.0563960026683819
0.55,0.0515903287623961
0.55,0.0486233145750222
0.55,0.0390068340371464
0.55,0.073825893622556
0.55,0.0294895005682234
0.55,0.0422661759881042
0.55,0.0874565603436034
0.55,0.0499594458760137
0.55,0.046214523128562
0.55,0.0591499319290228
0.55,0.0627416759224273
0.55,0.0506315311070582
0.55,0.0263237464182133
0.55,0.0557964495697837
0.55,0.0192937368987043
0.55,0.0858713806615416
0.55,0.00790597935927113
0.55,0.0327672481290066
0.55,0.0937053153596124
0.55,0.0626086752044078
0.55,0.0395433154367468
0.55,0.0162013524977058
0.55,0.0442657225104993
0.55,-0.00712724306281318
0.55,0.0518610655446669
0.55,0.038806243587511
0.55,0.0454445164886833
0.55,0.0214360829849452
0.55,0.0427475405473837
0.55,0.0713560229548125
0.55,0.0558087985132867
0.55,0.0571315012767812
0.55,0.0732936698730771
0.55,0.0356530188829813
0.55,0.0818543789398455
0.55,0.0346101123266487
0.55,0.0959344223258559
0.55,0.0463454161790016
0.55,0.0361959803960499
0.55,0.0555481359380693
0.55,0.0529708204363524
0.55,0.0186780660043616
0.55,-0.0196002731869946
0.55,0.129392131079719
0.55,0.0750164108117746
0.55,0.0506609158535527
0.55,0.0695611266963673
0.55,0.0822302051320483
0.55,0.0636756630765258
0.55,0.0249422965743885
0.55,0.0529695033821413
0.55,0.0448323823093082
0.55,0.0409266550771474
0.55,0.0555463274196678
0.55,0.0806764190212715
0.55,0.0347704468100115
0.55,0.0476831181078905
0.55,0.0851671200886193
0.55,0.0598650843838608
0.55,0.0377985535126306
0.55,0.0755882589087399
0.55,0.0233026656026964
0.55,0.0251280207516244
0.55,0.0786879620190812
0.55,0.0322431943965799
0.55,0.0582622107315233
0.55,0.0738019289931589
0.55,0.0612416824369295
0.55,0.0446235158262935
0.55,0.040495325560999
0.55,0.0555531990980877
0.55,0.077300335271612
0.55,0.0487529164959431
0.55,0.0375086161505699
0.55,-0.00299671278031556
0.55,0.0159034631182117
0.55,0.0604071436926554
0.55,0.0423908503793145
0.55,0.0591218505388561
0.55,0.032810114363769
0.55,0.0676134912651914
0.55,0.0297440519082068
0.55,0.0182500550254269
0.55,0.055036075497353
0.55,0.0661295336707778
0.55,0.034878027703105
0.55,0.00591146433794078
0.55,0.0915683123152202
0.55,0.0583071419761514
0.55,0.0549335522199611
0.55,0.0399032304426502
0.55,0.0546603079624285
0.55,0.105841647290338
0.55,0.0651588328940945
0.55,0.0722443845647073
0.55,0.0234110730964871
0.55,0.0598679632436253
0.55,0.0163949356802695
0.55,0.0614341095965444
0.55,0.0837042248872139
0.55,0.0412985297421777
0.55,0.0588324225062287
0.55,0.0792456276451887
0.55,-0.000605382006415127
0.55,-0.013610181083474
0.55,0.0597918858158663
0.55,0.101016605767635
0.55,0.0234881138903598
0.55,0.0663832272336394
0.55,0.0174668754236662
0.55,0.0702681707828649
0.55,0.0393442815011555
0.55,0.0758527299476107
0.55,0.0531124268243786
0.55,0.0746174663268949
0.55,0.0453827924575166
0.55,0.0750368960712252
0.55,0.0484233907712426
0.55,0.00761199004850612
0.55,0.0526216047477261
0.55,0.0499151365521841
0.55,0.0833915617239172
0.55,0.0331454313233046
0.55,0.0312534156739154
0.55,0.0640781547234439
0.55,0.0477221079021918
0.55,0.0607150468437034
0.55,0.0698774513536649
0.55,0.0356191540880801
0.55,0.0442220543814168
0.55,0.08106532299319
0.55,0.0678574652766886
0.55,0.0604468696978701
0.55,0.0509048746222548
0.55,0.0611665336885098
0.55,0.036407104942834
0.55,0.0561128861980384
0.55,0.0706120190305643
0.55,0.0327547201436776
0.55,0.0457545362685194
0.55,0.0613687826113374
0.55,0.0886526580686577
0.55,0.0257217453231549
0.55,0.0272660226233143
0.55,0.0777555609197465
0.55,0.074982672735299
0.55,0.0547621257793377
0.55,0.0458410679530258
0.55,0.0254490334775323
0.55,0.0148493361754831
0.55,0.0990074449695414
0.55,0.0662058307008614
0.55,0.0301909159557892
0.55,0.0227139828206296
0.55,0.0718042078443059
0.55,0.0984911774721722
0.55,0.0688187285514165
0.55,0.036597072035468
0.55,0.0474527982159569
0.55,-0.0130314960181859
0.55,0.0628025897251023
0.55,0.0654317478820861
0.55,0.010619938372211
0.55,-0.0160020330498384
0.55,0.0529100590476375
0.55,0.0404648500904253
0.55,0.083044556371161
0.55,0.0617920465958996
0.55,0.0166470945943814
0.55,0.0445684700773
0.55,0.00617683077776597
0.55,0.0473424193752696
0.55,0.0461890983536046
0.55,0.0516144502661029
0.55,0.0683753695940335
0.55,0.0557149639854458
0.55,0.0504415562021364
0.55,0.0275077261303402
0.55,0.0518691836725346
0.55,0.0407429215779861
0.55,0.0687766997622527
0.55,0.0237903992774037
0.55,0.0336043174748883
0.55,0.0242419271738003
0.55,0.0428594315437057
0.55,0.0608270110353398
0.55,0.0333685089028735
0.55,0.0482463952201423
0.55,0.0560773786121192
0.55,0.0639112223733253
0.55,0.0489917071200286
0.55,0.0502166174403219
0.55,0.0820260460800542
0.55,0.0454723064157784
0.55,0.0266486565375495
0.55,0.051602718241672
0.55,0.0802311367929334
0.55,0.0679163990568387
0.55,0.0557387643282342
0.55,0.0349795903523385
0.55,0.00243042861588112
0.55,0.0667542854129483
0.55,0.0358571557632976
0.55,0.0689823807328531
0.55,0.0415523429755878
0.55,0.061474577269227
0.55,0.0577463778643743
0.55,0.0455823678656814
0.55,0.05683129345147
0.55,0.0639978949395235
0.55,0.0235730250208369
0.55,0.0179227892585953
0.55,0.0310642676661364
0.55,0.0625978072796027
0.55,0.0224790513895438
0.55,0.0502995790013628
0.55,0.0415493476341726
0.55,0.0464665002571159
0.55,0.0561266540808721
0.55,0.0696972708806497
0.55,0.0492861246989329
0.55,0.110681684107081
0.55,0.01859235762651
0.55,0.0483048606609446
0.55,0.0702188241309719
0.55,0.0520043028131811
0.55,0.018754979153128
0.55,0.103739044866155
0.55,0.0367229224416943
0.55,0.0793017393249785
0.55,0.050198634131393
0.55,0.0371049504427771
0.55,0.0436687235841559
0.55,0.0271127011730045
0.55,0.0560915787463362
0.55,0.0437755920954514
0.55,0.0910934834163486
0.55,0.0456589956744201
0.55,0.0407411720721268
0.55,0.087694272718949
0.55,0.0124619950155226
0.55,0.0183114194326566
0.55,0.0173392480599596
0.55,0.0248702428386957
0.55,0.00922652265660935
0.55,0.0375433468562683
0.55,0.0144966321181264
0.55,0.084784273528075
0.55,0.0854453066929329
0.55,0.0605120414588868
0.55,0.0523459061439402
0.55,0.02351849155919
0.55,0.0338810415715008
0.55,-0.0417777141803791
0.55,0.0559675087677116
0.55,0.048376277601929
0.55,0.0111410677759835
0.55,0.0716635812877542
0.55,0.014913620485102
0.55,0.0392327491106237
0.55,0.0306119016956726
0.55,0.0283822912738821
0.55,0.0765476861806356
0.55,0.0208150574366898
0.55,0.0557124557984264
0.55,0.0514418274266197
0.55,0.0603062341176411
0.55,0.0360288984694201
0.55,0.0235936825335234
0.55,0.0416209320679612
0.55,0.0485582919694928
0.55,0.0368436115702727
0.55,-0.00729903953817007
0.55,0.0376236796828163
0.55,0.0568916478690486
0.55,0.0515166982984092
0.55,0.026616350215243
0.55,0.0691119679855605
0.55,0.0363027534592048
0.55,0.0655251184533438
0.55,0.0390842308088531
0.55,0.0907694766965411
0.55,0.056771681376021
0.55,0.0804549522865702
0.55,0.0336722459053314
0.55,0.0518414358089344
0.55,0.0650883376860137
0.55,0.0577999259217935
0.55,0.0873012793483993
0.55,0.0585888771282322
0.55,0.0273634609521782
0.55,0.0537165258457831
0.55,0.00234945887572685
0.55,0.110830490325415
0.55,0.0590826931394929
0.55,0.0600047776826438
0.55,0.045325520323588
0.55,0.0212957067266474
0.55,0.0277804202740186
0.55,0.0228275087305072
0.55,0.0339735260701144
0.55,0.0155594467155367
0.55,0.0533162301762937
0.55,0.0613607107393278
0.55,0.0512600715579429
0.55,0.0345450912213083
0.55,0.0776872390655325
0.55,0.0527315898551608
0.55,0.0280641055998471
0.55,0.0491244554341405
0.55,0.0414612558207918
0.55,0.0309909141187561
0.55,0.0330084763180484
0.55,0.0534466728553757
0.55,0.0679305441218284
0.55,0.0870410892866228
0.55,0.035858400697042
0.55,0.0270794178802132
0.55,0.049994891686963
0.55,0.0421908529692489
0.55,0.0611048487337606
0.55,0.027622263232424
0.55,0.0397270717141432
0.55,0.0329964268104971
0.55,0.0371653663624367
0.55,0.0599035317219562
0.55,0.0213282584312172
0.55,0.0196170747372583
0.55,0.054943570560809
0.55,0.0237556786468581
0.55,0.0660101670368349
0.55,0.0300492016205347
0.55,0.00340078798889953
0.55,0.0471817391696543
0.55,0.0387907451133058
0.55,0.0573762405276508
0.55,0.0606289746293275
0.55,0.0695095235555675
0.55,0.0103440258688178
0.55,0.0428858470553382
0.6,0.0296576419425851
0.6,0.00491391748591815
0.6,0.0427234423113116
0.6,0.0742626565624037
0.6,0.0784552543397332
0.6,0.0400582708246411
0.6,0.0887521594147169
0.6,0.0823215265728616
0.6,0.0503929354386297
0.6,0.0350759502277189
0.6,0.0142007325337699
0.6,0.0105909800237693
0.6,0.0855607947751625
0.6,0.0626347262184738
0.6,0.0550327942201224
0.6,0.0761169092019797
0.6,0.0602456937841729
0.6,0.0789707131431391
0.6,-0.00375682511526256
0.6,0.0339107077368786
0.6,0.0758495224766084
0.6,0.0612366308152163
0.6,0.0102461482431806
0.6,0.0528400987138395
0.6,0.0464838461974712
0.6,-0.0118090490306866
0.6,0.0274294057225095
0.6,0.0519197317823113
0.6,0.0451855845860292
0.6,0.0351240924219581
0.6,0.0490066806232833
0.6,0.0184202378768702
0.6,0.0798923071919196
0.6,0.0322456372318299
0.6,0.0328281290656294
0.6,0.0436230942790752
0.6,0.0644971217890682
0.6,0.0318388411951878
0.6,0.0501816403761991
0.6,0.0252192309571825
0.6,0.00752184606889352
0.6,0.0539591577524693
0.6,0.042236571205737
0.6,0.0865419166188043
0.6,0.0145592769361764
0.6,0.0466515872990578
0.6,0.059700820390692
0.6,0.107820183885322
0.6,0.0470027539579113
0.6,0.0674123331400385
0.6,0.0271622596591799
0.6,0.0468229328038482
0.6,0.0359940370559563
0.6,0.0761891639292379
0.6,0.0514994272053311
0.6,0.0327021322570457
0.6,0.0867367490809534
0.6,0.0274098125475089
0.6,0.0363893287702512
0.6,0.0408795874762121
0.6,0.0652113492739209
0.6,0.0677545662069473
0.6,0.0923137610063643
0.6,0.0446955498356036
0.6,0.0583014315973694
0.6,0.0231383043518188
0.6,0.0340040116037757
0.6,0.0312378953212194
0.6,0.0493454804718273
0.6,0.0480257597254651
0.6,0.0766183724877404
0.6,0.00512010958755647
0.6,0.0411490884793219
0.6,0.0690716859121402
0.6,0.0791264902174363
0.6,0.00389034783341255
0.6,0.0487288735323199
0.6,0.0756166623062579
0.6,0.0428465842385479
0.6,0.0414431817368396
0.6,0.0549125974941355
0.6,0.0557959589729813
0.6,0.0813046666910553
0.6,0.0600757973897385
0.6,0.0668238610334175
0.6,0.0444519399526892
0.6,0.0609968585178202
0.6,0.0672090336863694
0.6,0.0668721208148871
0.6,0.0897007558073165
0.6,0.0407725908479796
0.6,0.0780540304823867
0.6,0.0191199799294976
0.6,0.00078969256806557
0.6,0.0544780881332493
0.6,0.0541683688643857
0.6,0.0780649697088587
0.6,0.104094227305304
0.6,0.0381520063495384
0.6,0.0685539099311586
0.6,0.103519465960309
0.6,0.0135813452080184
0.6,0.0690103411065393
0.6,0.0488365584160382
0.6,0.0338347078921556
0.6,0.0845647262326358
0.6,0.061194228895683
0.6,0.0683033253231066
0.6,0.011614474854264
0.6,0.0525727322187094
0.6,0.0781786682419882
0.6,0.0479575576783197
0.6,0.0834693275176286
0.6,0.0304106337703324
0.6,0.0617161662289725
0.6,0.0783007956980061
0.6,0.0663819081173174
0.6,0.0759867821356703
0.6,0.0265588741966635
0.6,0.0648747854462597
0.6,0.0406104788651496
0.6,0.0859130536263901
0.6,0.0388726920395507
0.6,0.064394237786792
0.6,0.00262597639484107
0.6,0.0238744047658567
0.6,0.0741319854606851
0.6,0.0491927882515355
0.6,0.0381073394584483
0.6,0.0575543844101301
0.6,0.0342727764726251
0.6,0.0182140244892902
0.6,0.0360994945594553
0.6,0.0293161716346918
0.6,0.0326618610692968
0.6,0.0511063720257372
0.6,0.0403541328280969
0.6,0.076081992373716
0.6,0.0454233912326948
0.6,0.0991729023143982
0.6,0.0258546830707182
0.6,0.0546288572697265
0.6,0.0691917066823383
0.6,0.0399140134145533
0.6,0.067390898059422
0.6,0.0330865871958008
0.6,0.0595447695874244
0.6,0.0246438274182562
0.6,0.0435743564623872
0.6,0.0589536612080943
0.6,0.075362069546113
0.6,0.068503702745415
0.6,0.0570297408215664
0.6,-0.0153153185584811
0.6,0.0283808421514381
0.6,0.0500611806686866
0.6,0.0625422732478414
0.6,0.0370044290428738
0.6,0.0576588699465096
0.6,0.0767335471279997
0.6,0.0412281146055134
0.6,0.0222397292995506
0.6,0.102743671113034
0.6,0.00871459641187141
0.6,0.0574318548125952
0.6,0.0445361180308037
0.6,0.051898993186133
0.6,0.0628380361822533
0.6,0.0435557947695166
0.6,0.0487661457909091
0.6,0.018859443133287
0.6,0.0685956676101065
0.6,0.0204285704124202
0.6,0.0366962875537055
0.6,0.0331811637975076
0.6,0.0244088470446231
0.6,-0.018943025177054
0.6,0.032870524573838
0.6,0.0786697693367246
0.6,0.0184302633653378
0.6,0.0586522449441254
0.6,0.0248415034868816
0.6,0.0480451374667112
0.6,0.0627794478592224
0.6,0.00688197329019025
0.6,0.0490936724724843
0.6,0.0148365497814865
0.6,0.035088791635034
0.6,0.0691027922889493
0.6,0.0764057609111203
0.6,0.0712821580431998
0.6,0.0847608641281038
0.6,0.0500541065808252
0.6,0.0236136943531978
0.6,-0.00339044003651791
0.6,0.0544932209903081
0.6,0.0192019393827472
0.6,-0.000938601883284539
0.6,0.105098047748113
0.6,0.0545459483046295
0.6,0.0571602317822875
0.6,0.0572050788837439
0.6,0.0235595441355355
0.6,0.105680991516302
0.6,0.0374769445023052
0.6,0.0358463422967573
0.6,0.0333861360910638
0.6,0.0361775924925168
0.6,0.0728830575816473
0.6,0.0462263945005154
0.6,0.0469581106002041
0.6,0.0202352733256238
0.6,0.0233761113222346
0.6,0.0577270955177968
0.6,0.0273979609191241
0.6,0.01079312546355
0.6,0.0429966155715308
0.6,0.00929837451375199
0.6,0.0339865551642398
0.6,0.0188906305150447
0.6,0.0549179430085506
0.6,0.0460446517752011
0.6,0.0402500745750008
0.6,0.0613977494259559
0.6,0.0328577152068514
0.6,0.0596173814966097
0.6,0.0505844974819127
0.6,0.0267564843536208
0.6,0.00715504017698171
0.6,0.0509085870768242
0.6,0.0344655821280288
0.6,0.0554930979083033
0.6,0.0604868535805982
0.6,0.0422530008506912
0.6,0.0763728770242153
0.6,0.0422181956530068
0.6,0.0569538337634659
0.6,0.0618712560622866
0.6,0.0258685184902021
0.6,0.0574278450037123
0.6,-0.0158163811482379
0.6,0.0636183808517392
0.6,0.036930816706302
0.6,0.00550800052991837
0.6,0.0442133894068606
0.6,0.0667581041764498
0.6,0.0393377672031047
0.6,0.0578451487236257
0.6,0.0424922566398296
0.6,0.0204545216270347
0.6,0.0415682530101993
0.6,0.0652686255416148
0.6,0.117163119313452
0.6,0.00849535668312862
0.6,0.0700466350975174
0.6,0.0087336205415495
0.6,0.0382265000189618
0.6,0.0435970767172524
0.6,0.00710169164927765
0.6,0.0575130566246985
0.6,0.0166467484568061
0.6,0.0320747322173287
0.6,0.0865317269086417
0.6,0.0978490829482744
0.6,0.0759342904892893
0.6,0.0519755691965874
0.6,0.0650822140326474
0.6,0.0460976675845284
0.6,0.0962183466604223
0.6,0.0834684649177085
0.6,0.0148006878629888
0.6,0.0699021509675934
0.6,0.02889618441624
0.6,0.0464750975494884
0.6,0.0531443964993608
0.6,0.0640456286678811
0.6,0.0220749898132723
0.6,0.0362969324926713
0.6,0.0836879119593781
0.6,0.0776025259828547
0.6,0.0192878401258059
0.6,0.0496777231474181
0.6,0.0604696232544401
0.6,0.0427502725206274
0.6,0.0615243708593776
0.6,0.0165060815435654
0.6,0.0496373568355476
0.6,0.0729655942701978
0.6,0.0756232105669108
0.6,0.0486093998067812
0.6,0.00673695248021047
0.6,0.0491148120298704
0.6,0.0498092405956663
0.6,0.042764312027368
0.6,0.082378615971048
0.6,0.0293278319438417
0.6,0.0552210033617277
0.6,0.023273790663087
0.6,0.0673217829101221
0.6,0.0686240687297567
0.6,0.037804185841688
0.6,0.0701372421926997
0.6,0.0452072415955364
0.6,0.0527201657941201
0.6,0.0624419695240772
0.6,0.0151833463673801
0.6,0.107625128778802
0.6,0.0394541149245452
0.6,0.0351054949505643
0.6,0.0443589402747006
0.6,0.0307431955176327
0.6,0.0374712275302144
0.6,0.0555257243145483
0.6,0.0217043115872081
0.6,0.0260646514237395
0.6,0.0572361630297782
0.6,0.046394426838929
0.6,0.0721992097898911
0.6,0.0501138842491737
0.6,0.0460236816106664
0.6,0.0621750456219454
0.6,0.0268144760491632
0.6,-0.0212137919999794
0.6,0.0946491791647887
0.6,0.0331348886607891
0.6,0.0357501377882033
0.6,-0.0103649651372748
0.6,0.0651547545525386
0.6,0.0178287157858719
0.6,0.0481941352568688
0.6,0.0257797624577561
0.6,0.0934507380020188
0.6,0.046600384060511
0.6,0.0340083442097992
0.6,0.0734346791886662
0.6,0.0780949545589131
0.6,0.0694505482772734
0.6,-0.0204097958639317
0.6,0.0186348926865557
0.6,0.0132402029715023
0.6,0.0629653362676129
0.6,0.0677477010747873
0.6,0.0474020984712233
0.6,0.0478410473296154
0.6,0.061177395759878
0.6,0.014390932078403
0.6,0.0667972734738393
0.6,0.124073847498917
0.6,0.0291374048313134
0.6,0.0585164002629557
0.6,0.0440173984688612
0.6,0.032941707232531
0.6,0.0474202391210966
0.6,0.0504723148639094
0.6,0.0471292471808031
0.6,0.074898379592942
0.6,0.0464583326572003
0.6,0.0498757622933807
0.6,0.00765639707480766
0.6,0.0604719938288385
0.6,0.0141089470869572
0.6,0.0113175154692573
0.6,0.00134949038600385
0.6,0.0380860023137461
0.6,0.0671444158298714
0.6,0.0165706620876536
0.6,0.00687612416241734
0.6,0.0176530182477935
0.6,0.0591227578925321
0.6,0.0939797269132591
0.6,0.0534522143411134
0.6,0.0161752459043086
0.6,0.0383978183438549
0.6,0.0986456991608148
0.6,0.0766474646416178
0.6,0.0247241104484567
0.6,0.0256654337052044
0.6,0.064416492923632
0.6,0.050399330263686
0.6,0.0428217614099137
0.6,0.0600230882040988
0.6,0.027314410808335
0.6,0.0673043278834698
0.6,0.0593355583453532
0.6,-0.0038976258915716
0.6,0.0327413692728208
0.6,0.0686638506236467
0.6,0.08578955707437
0.6,-0.000239853717009627
0.6,0.0342999307257964
0.6,0.0426911954698168
0.6,0.0601035474523962
0.6,0.0456881078679536
0.6,0.063061533851152
0.6,0.0657547726388382
0.6,0.0511794564419615
0.6,0.0805342674988184
0.6,0.0521962215212155
0.6,0.0230752419323431
0.6,0.0256406647783658
0.6,0.0572033498526383
0.6,0.0864641914283655
0.6,0.0370778552161955
0.6,0.0347745399322464
0.6,0.00752384721288093
0.6,0.0219437534596981
0.6,0.0297555033003935
0.6,0.0174240156839182
0.6,0.0311303664142904
0.6,0.0247683332413212
0.6,0.0433251530886541
0.6,0.0457640268271222
0.6,0.0791430443317262
0.6,0.0438907910768986
0.6,0.0173564897859055
0.6,0.0985287504879846
0.6,0.0314970347662031
0.6,0.040338000824357
0.6,0.0360440090133018
0.6,0.0579632698323584
0.6,0.0702950719157352
0.6,0.0067953090229163
0.6,0.0772004975886932
0.6,0.0676130918394146
0.6,-0.00269889974197018
0.6,0.0622608726937606
0.6,0.0452701925928538
0.6,0.031281884407491
0.6,0.0336610421072457
0.6,0.0040104347543757
0.6,0.107493586571219
0.6,0.0930996132972193
0.6,0.0632776968437822
0.6,0.0270431707696098
0.6,0.053886880060637
0.6,0.0464023766194802
0.6,-0.000447380025718425
0.6,0.0356762536943128
0.6,0.0173851394802005
0.6,0.0353903935202075
0.6,0.0577486993059873
0.6,0.0603798098879571
0.6,0.0530609503358922
0.6,0.0169747683610338
0.6,0.0398706067233641
0.6,0.0556100204083547
0.6,0.0527467838101388
0.6,0.0941727559793315
0.6,0.0215978311250222
0.6,0.00256677758986316
0.6,-0.00264258553562449
0.6,0.0666732304455678
0.6,0.0309301820247998
0.6,0.0290697298039588
0.6,0.0703977327640269
0.6,0.052123446382894
0.6,0.062826943012031
0.6,0.0673900438590892
0.6,0.0502796675896084
0.6,0.0616490658883192
0.6,0.0361518340248286
0.6,0.0180975013960201
0.6,0.0605338710780488
0.6,0.0708197125224756
0.6,0.0278674728027497
0.6,0.0790282190391974
0.6,0.0267203645238388
0.6,0.0495732961907944
0.6,0.0415256285064389
0.6,-0.0188733912210461
0.6,0.0674687480001529
0.6,0.0393372161627674
0.6,0.0254627302783664
0.6,0.0536351719920126
0.6,0.0293195796461691
0.6,0.0148834892984502
0.6,0.0788166179653356
0.6,0.0416518985807502
0.6,0.0226745507420561
0.6,0.10204984685588
0.6,0.0440111627943269
0.6,0.0786371052693017
0.6,0.0402293607257628
0.6,0.0452145070263182
0.6,0.0822856276548386
0.6,0.0650496896107913
0.6,0.0312296413853691
0.6,0.0554118806412708
0.6,0.0751788637262082
0.6,0.0498422044897678
0.6,0.0541573604210299
0.6,0.0677868494236612
0.6,0.0744706089672841
0.6,0.0550868525592048
0.6,0.0808434442931121
0.6,0.0386193466003695
0.6,0.1145165080936
0.6,0.0464645868409723
0.6,0.0675948662322201
0.6,0.0567157234957376
0.6,0.0883568365511158
0.6,0.049373831217132
0.6,0.0314172133064528
0.6,0.086192154596255
0.6,0.0219464531139165
0.6,0.0431167249954882
0.6,0.026407451728187
0.6,0.0485558990473303
0.6,0.0727014168934676
0.6,0.0646453481482737
0.6,0.0697611538139415
0.6,0.0502130784888234
0.6,0.0420609768803905
0.6,0.0264908422136164
0.6,0.0727556988059704
0.6,0.0487257033512317
0.6,0.030517125002013
0.6,0.0633762829975663
0.6,0.0491193991968015
0.6,-0.0214068367907919
0.6,0.0252207492149708
0.6,0.0669090147999624
0.6,0.0732855733678543
0.6,0.0325686285092863
0.6,0.0653765675904023
0.6,0.0177487181243754
0.6,0.0237889194146177
0.6,-0.00552838686845516
0.6,0.0511955955046651
0.6,0.0409897912450367
0.6,0.0838463036222656
0.6,-0.00566996985645244
0.6,0.0583082951618536
0.6,0.0211797789214045
0.6,0.0938966925941921
0.6,0.0558696114166367
0.6,0.084634599053214
0.6,0.0444751018387051
0.6,0.0712613238311363
0.6,0.0286455793505127
0.6,0.062037941778826
0.6,0.0281114694490591
0.6,0.0315954533840725
0.6,0.00845322426897855
0.6,0.0138796207781066
0.6,0.0278877181693402
0.6,-0.0266852191258096
0.6,0.0740247834760144
0.6,0.0532286585022291
0.6,0.0947371100647571
0.6,0.0294105316001602
0.6,0.0557548536869026
0.6,0.0322449481599347
0.6,0.0636339305118142
0.6,0.100619677648185
0.6,0.0335598457548866
0.6,0.05465871061564
0.6,0.048365413763112
0.6,0.0839668425631086
0.6,-0.00703003764084952
0.6,0.0137553828498543
0.6,0.0247896185992156
0.6,0.071551993782469
0.6,0.0685461697671351
0.6,0.0115706362210298
0.6,0.0585829987381933
0.6,0.045580829754427
0.6,0.0800581672878834
0.6,0.0508310746610246
0.6,0.005492537950519
0.6,0.0555455254648344
0.6,0.014227746959801
0.6,-0.0246348909501067
0.6,0.0583437547513443
0.6,0.0490279648022675
0.6,0.0624666601966754
0.6,0.0365475576746616
0.6,0.0345777788161905
0.6,0.016066668571267
0.6,0.0215561373216917
0.6,0.0144263993308086
0.6,0.037351465482928
0.6,0.0335140645971384
0.6,0.0166398491663179
0.6,0.0260029467302018
0.6,0.0374202718873139
0.6,0.0130506238071547
0.6,0.045580722057296
0.6,0.0376190308390985
0.6,0.0399107103916647
0.6,0.0349653701633646
0.6,0.0667746258678143
0.6,0.0373178683733998
0.6,0.0226516213175105
0.6,0.0126880562106377
0.6,0.0724698013129147
0.6,0.0586671194683224
0.6,0.0466414223183216
0.6,0.0381529853475524
0.6,0.0178835041915277
0.6,0.0299811521347549
0.6,0.069741614047807
0.6,0.0229184316279091
0.6,0.0472760913290182
0.6,0.071243018869508
0.6,0.0441445192802924
0.6,0.0422943927747362
0.6,0.0110320662159161
0.6,0.0388943554941383
0.6,0.018407550500562
0.6,0.0807598084058518
0.6,0.0341385469525546
0.6,0.0666877848302452
0.6,0.0388004103460185
0.6,0.0250789989985945
0.6,0.0610169838750896
0.6,0.0127418927817064
0.6,0.0754657801485256
0.6,0.0709974487798617
0.6,0.0238448587547021
0.6,0.0282959492245298
0.6,0.0482796864050713
0.6,0.0151859022010618
0.6,0.0357361140513196
0.6,-0.00360857123354799
0.6,0.0295155482150437
0.6,0.0713435271209941
0.6,0.000348253548188507
0.6,0.0293036348969668
0.6,0.0654425449109164
0.6,0.0450072735619966
0.6,0.0661968722390429
0.6,0.0935825778525066
0.6,0.0852474811035945
0.6,0.0323631578833609
0.6,0.0676278503013583
0.6,-0.00215404999407744
0.6,-0.00117998196456925
0.6,0.0285861734013399
0.6,0.0114280797627628
0.6,0.0390582388514555
0.6,0.0351782242561749
0.6,0.0470175321574338
0.6,0.0937027491643321
0.6,0.0455681623318999
0.6,0.04107587514898
0.6,-0.00727250256392459
0.6,0.0612585172391971
0.6,0.0294939518981885
0.6,0.0222586669446387
0.6,0.0659427838594618
0.6,0.070129316945528
0.6,0.064736078233103
0.6,0.0395958004189901
0.6,0.070245500674433
0.6,0.0435997027889352
0.6,0.0466680816792748
0.6,0.0590291488416442
0.6,0.0169042373162659
0.6,0.0447414681555453
0.6,0.0707603452540646
0.6,0.0364043845391653
0.6,0.0031195944812153
0.6,0.0423669676882521
0.6,0.0151636820912091
0.6,0.0451946580616476
0.6,0.0242531608176521
0.6,0.0769642167751269
0.6,0.0543410851249126
0.6,0.0613286852863598
0.6,0.0181461714536129
0.6,0.024238185737278
0.6,0.0658087883752354
0.6,0.0440037376290097
0.6,0.0365479536509514
0.6,0.0902235128323849
0.6,0.0837055016289005
0.6,0.0520997535519293
0.6,0.0458461163046116
0.6,0.0715615560204928
0.6,0.014788187864264
0.6,0.0280437423340647
0.6,0.0442294006605316
0.6,0.0233300861178107
0.6,0.0521945080110798
0.6,0.0226071520343505
0.6,0.0923088304094539
0.6,0.073807922257152
0.6,0.0370538577282334
0.6,0.0740052428476867
0.6,0.0345251274164837
0.6,0.0695140036738777
0.6,0.0345763216574805
0.6,0.0695769599741968
0.6,0.037040674242798
0.6,0.0855026002964046
0.6,0.0795440438168631
0.6,0.0714207111206296
0.6,0.0641544930665972
0.6,0.0357825964429956
0.6,0.066898046312011
0.6,0.0324343967848265
0.6,0.0185259352786139
0.6,0.040967620881013
0.6,0.0461459083897282
0.6,0.0644275698951098
0.6,0.00201467031119811
0.6,0.0745472364323526
0.6,0.0536562326254852
0.6,0.0414647304080171
0.6,-0.00106098806321768
0.6,0.0410159553349436
0.6,0.0599268652242914
0.6,0.0758621781562617
0.6,0.0465185978680051
0.6,0.0597797721515808
0.6,0.0158371601548835
0.6,0.0122603297687647
0.6,0.0609547332173965
0.6,0.0439310691912122
0.6,0.0838066673832467
0.6,0.0817598148130227
0.6,0.0768261232257793
0.6,0.0625534819289394
0.6,0.0731288267436069
0.6,0.0905434387449887
0.6,0.075024036960576
0.6,0.0400244080949046
0.6,0.044350590812491
0.6,0.0329212821332826
0.6,0.0340190398569337
0.6,0.0157966426786435
0.6,0.0764263588670393
0.6,0.0781018061872822
0.6,0.0466509704312473
0.6,0.0419489582007902
0.6,0.078746216559427
0.6,0.0215682528979283
0.6,0.040744280954491
0.6,0.0524215225893657
0.6,0.0531281312233839
0.6,0.00975821484115767
0.6,0.0790635133505731
0.6,0.0499657891277229
0.6,0.0439961215993721
0.6,0.0621123557208901
0.6,0.0317506687809859
0.6,0.0343576799621653
0.6,0.041118702949001
0.6,0.0272282901866329
0.6,0.105254529731528
0.6,0.043052730375351
0.6,0.088394415769159
0.6,0.0267542106877256
0.6,0.0559908998513994
0.6,0.071236234078422
0.6,0.0377107063885042
0.6,0.0760313031715997
0.6,0.0586248189741949
0.6,0.0374211575602539
0.6,0.000181953255817209
0.6,0.0175569045339623
0.6,0.0476947089422798
0.6,0.0926490018530478
0.6,0.02788978850021
0.6,0.0280739390225731
0.6,0.00829492010405602
0.6,0.067304657596359
0.6,0.0796373635071384
0.6,0.0249416337505495
0.6,0.05243341486976
0.6,0.0871309835827284
0.6,0.0745871781110568
0.6,0.0570908449416513
0.6,0.0563479877628251
0.6,0.0302791219024283
0.6,0.00669940281022989
0.6,0.032393047346045
0.6,0.0182866027415685
0.6,0.0171766644430786
0.6,0.0563139068946499
0.6,0.0403998633939684
0.6,0.0478828980116106
0.6,0.0325811993311403
0.6,0.0275914850719151
0.6,0.050084791961464
0.6,0.0317131119418968
0.6,0.0607100503371613
0.6,0.026365408066997
0.6,0.063740183151144
0.6,0.0831728209478375
0.6,0.0523437352480842
0.6,0.0175564064258034
0.6,0.0352300669508952
0.6,0.0906882157794303
0.6,0.0492622439009902
0.6,-0.000934209723172567
0.6,0.039301661502077
0.6,0.0399422903752613
0.6,0.0972169488248337
0.6,0.0763684179475062
0.6,0.0879795064296994
0.6,0.0622909876836035
0.6,0.0621670447284555
0.6,0.0208875911895027
0.6,0.0353583392639527
0.6,0.0386236812397346
0.6,0.0634684792569754
0.6,0.0233900659552367
0.6,0.0566048693648503
0.6,0.0462612490443825
0.6,0.0944206195049303
0.6,0.0870840609430252
0.6,0.0853777761956199
0.6,0.0456822829177504
0.6,0.0341133679523923
0.6,0.0496782066389347
0.6,0.0160889877516051
0.6,0.0378955096498565
0.6,0.0273476815919672
0.6,0.0329386417176717
0.6,0.0395541811744564
0.6,0.055594925789116
0.6,-0.00805477057641704
0.6,0.0865247476748967
0.6,0.0493731380506483
0.6,0.062379043930234
0.6,0.0401620939753473
0.6,0.029618457368627
0.6,0.0128910239955658
0.6,0.0102108200602588
0.6,0.0653163790516772
0.6,0.0687966724822065
0.6,0.0550042642033438
0.6,0.0256364956310399
0.6,0.0686263640612064
0.6,0.0142016167266809
0.6,0.0503018083495613
0.6,0.0166374807870191
0.6,-0.00212240762826952
0.6,0.0752686061972171
0.6,0.0594558802585602
0.6,0.0454151564465858
0.6,0.0451818477620756
0.6,0.0406392762134457
0.6,0.0643233885189149
0.6,0.0566261378568102
0.6,0.0391611404343454
0.6,-0.00661754825694992
0.6,0.0429641351503847
0.6,0.0437326221474621
0.6,0.0161155295933356
0.6,0.0613674224735098
0.6,0.0737222226074981
0.6,0.0581478561795951
0.6,0.0659690417828941
0.6,0.0651929947381326
0.6,0.0530973880975127
0.6,0.0243643010789762
0.6,0.0945019047108134
0.6,0.0339728974714536
0.6,0.0371011630248522
0.6,0.0887516768487856
0.6,0.0197280737469805
0.6,0.055415626253102
0.6,-0.0195703439474256
0.6,0.0204586822337688
0.6,0.0394961064245869
0.6,0.0153758384560576
0.6,0.0582584340848821
0.6,0.0606448718635761
0.6,0.0504907246408451
0.6,0.0138806698522042
0.6,0.0799489077513777
0.6,0.0558803748144096
0.6,0.0802449385017893
0.6,0.0840331412398463
0.6,0.0362516806599473
0.6,0.0373869423333525
0.6,0.00993647614016129
0.6,0.0162135396840314
0.6,0.0932882827822416
0.6,0.0490066997459084
0.6,0.0727324601669326
0.6,0.0514257056601621
0.6,0.0321271676653754
0.6,0.061654937512514
0.6,0.0385816255520851
0.6,0.0504479254922849
0.6,0.0546951404532009
0.6,0.0438518703299282
0.6,0.0612154538156539
0.6,0.0492586260574493
0.6,0.0224148378546317
0.6,0.0864762271642
0.6,0.0405583013976819
0.6,0.0199927935878406
0.6,0.0171788877201379
0.6,0.06183026583906
0.6,0.0358968730382653
0.6,0.0572798180573692
0.6,0.0121857598792328
0.6,0.0797855053318256
0.6,0.0618719891178313
0.6,0.0559904765699269
0.6,0.04394874515118
0.6,0.0499190970859181
0.6,0.0326602089286548
0.6,0.0591231971532245
0.6,0.0180738327892989
0.6,0.0150105992647264
0.6,0.047798872292961
0.6,0.0663403280544877
0.6,0.0601090607984925
0.6,0.0862301842328463
0.6,-0.0014706083608605
0.6,0.0887883751629525
0.6,0.0360273366600895
0.6,0.0443681671031885
0.6,0.0304117268630424
0.6,0.052560973230289
0.6,0.063823688592639
0.6,0.0443995714087086
0.6,0.0379846611447113
0.6,0.0437810037227644
0.6,0.0600275265570597
0.6,0.0354254073439686
0.6,0.100438564844276
0.6,0.0508913235986606
0.6,0.0441244759141329
0.6,0.0539603477071574
0.6,-0.0298885806455331
0.6,0.0663942385458926
0.6,0.0740130831115207
0.6,0.0406321037355283
0.6,0.0476953089358435
0.6,0.0369146687865963
0.6,0.0659037739253608
0.6,0.0807971682286448
0.6,0.0359130199981459
0.6,0.0631648963503638
0.6,0.040332231484145
0.6,0.0194178153543176
0.6,0.0405471211833494
0.6,0.0632631930994485
0.6,-0.0037161275608097
0.6,0.0585233122287696
0.6,0.0678964439292076
0.6,0.0472782110017618
0.6,0.0283380064846799
0.6,0.0261379791724474
0.6,0.0468100473066089
0.6,0.0741487799030505
0.6,0.0488342990660528
0.6,0.0513770244720389
0.6,0.0258551403175168
0.6,0.0391536270330307
0.6,0.0509009830088405
0.6,0.048996282506099
0.6,0.0618186949200437
0.6,0.0373917514077956
0.6,0.052223697901148
0.6,0.0325094261764724
0.6,0.0651899581772578
0.6,0.0212844288838541
0.6,0.023435454238539
0.6,0.0663575985278351
0.6,0.0518250879334426
0.6,-0.00029392760387005
0.6,0.0586508800868147
0.6,0.0651438280170328
0.6,-0.00715329353318392
0.6,0.0375646577880964
0.6,0.0474408712852198
0.6,0.0902898535511142
0.6,0.0417592856318077
0.6,0.0582121149646755
0.6,0.0627554502052979
0.6,0.0603917043115701
0.6,0.0178214796893773
0.6,0.0157650763196179
0.6,0.0415336940972288
0.6,0.0584064297711045
0.6,0.0467165582721465
0.6,0.0249954067752702
0.6,0.0140194209738505
0.6,0.0510767980918093
0.6,0.0455373049655619
0.6,0.0668829789085497
0.6,0.0664775234226478
0.6,0.0405620526845129
0.6,-0.00316930226557305
0.6,0.0738067931867853
0.6,0.0175318410250059
0.6,0.0693569157704857
0.6,0.0675356332640415
0.6,0.0635142284614363
0.6,0.0168369040749208
0.6,0.033307657585405
0.6,0.0472901732880149
0.6,0.103802562715742
0.6,0.0297766541688268
0.6,0.0943825816127594
0.6,0.059106995821417
0.6,0.102229002911759
0.6,0.0437083973581737
0.6,0.0567568905330497
0.6,0.0247009469348071
0.6,0.0605224116848393
0.6,0.0599796562548943
0.6,0.0532475023152928
0.6,0.0320054638767275
0.6,0.0207152068546105
0.6,0.0176185130031183
0.6,0.0539259105847464
0.6,0.0873618326206604
0.6,0.0796255342877561
0.6,0.0364877565826476
0.6,0.0624600958069615
0.6,0.0493457898708625
0.6,0.0488176452376056
0.6,0.0348424209031525
0.6,0.0563650272382867
0.6,0.0514120320606719
0.6,0.062982659369649
0.6,-0.0122618215369935
0.6,0.0486327107204894
0.6,0.0116136368633696
0.6,0.081606758358685
0.6,0.0719433383498382
0.6,0.0789920073486435
0.6,0.030951646510995
0.6,0.0504658173734718
0.6,0.0513956911221506
0.6,-0.000110341046530625
0.6,0.0346019905218362
0.6,0.0759993008904352
0.6,0.0493161301594628
0.6,0.0905008566342839
0.6,0.0952936415197286
0.6,0.0270825826414543
0.6,-0.0216444447548029
0.6,0.0537437128192235
0.6,0.0355809853950358
0.6,0.0451133681510944
0.6,0.0273841834874146
0.6,0.0656465037013421
0.6,0.0764216747629204
0.6,0.0289374538727363
0.6,0.0606606629705261
0.6,0.0301828991196326
0.6,0.0404845854029433
0.6,0.0739771669942997
0.6,0.0805978190397099
0.6,0.0433492959602364
0.6,0.0661129433662241
0.6,0.0576048212917911
0.6,0.0468499043584878
0.6,0.0133050318223265
0.6,0.0358248259034748
0.6,0.0421595026126413
0.6,0.0710587167283793
0.6,0.0415459037382813
0.6,0.0185932117888274
0.6,0.0465804217292827
0.6,0.0177119360979691
0.6,0.0387697599302121
0.6,0.0820605221524222
0.6,0.0640000091490692
0.6,0.080885269860617
0.6,-0.0162759421256204
0.6,0.0861534582883203
0.6,0.0224485101418701
0.6,0.0624252995548748
0.6,0.052535281222446
0.6,0.0625915634840261
0.6,0.0107714537128038
0.6,0.0866052064544411
0.6,0.051906028122805
0.6,0.071445026946187
0.6,0.0452453082293028
0.6,0.0478491579178388
0.6,0.0122587536478506
0.6,0.0056718265193211
0.6,0.0130873055361583
0.6,0.076924563374638
0.6,0.0973068621233632
0.6,0.0530802582939906
0.6,0.0778711652523382
0.6,0.0144388206534927
0.6,0.110185565633007
0.6,0.0334284494852675
0.6,0.0158081047483043
0.6,0.0694620517850477
0.6,0.0788143660319407
0.6,0.063837563428093
0.6,0.0495651524651788
0.6,0.0695889572650298
0.6,0.0384876181152083
0.6,0.0308060292774092
0.6,0.0242529099725536
0.6,0.0206768194244816
0.6,0.0155732670740992
0.6,0.060252945735761
0.6,0.0704983453228338
0.6,0.0485051863806396
0.6,0.0219906313827299
0.6,0.0631230512641167
0.6,-0.0130237687599072
0.6,0.0355453202595411
0.6,0.0591542930946537
0.6,0.0495739026475619
0.6,0.078554868349945
0.6,0.0353651955813204
0.6,0.0698089633061472
0.6,0.0773592270777635
0.6,0.0735179422697065
0.6,0.0692883001505766
0.6,0.0417778732006043
0.6,0.0549760917703218
0.6,0.057564286305331
0.6,0.0649013705587144
0.6,0.0430495724650204
0.6,0.0232075799494762
0.6,0.0752336247932861
0.6,0.0908017134959518
0.6,0.058015980016584
0.6,0.0537304351794001
0.6,0.0652014082931514
0.6,0.0421880661077051
0.6,0.0632070267416312
0.6,0.054056360823427
0.6,0.0551728361976463
0.6,0.0765262595311729
0.6,0.0495074825743169
0.6,0.0470217404058052
0.6,0.022116614364611
0.6,0.0672778667179925
0.6,0.0306241139111627
0.6,0.0273259355979901
0.6,0.0772037585818976
0.6,0.0423411597077626
0.6,0.0257796068576931
0.6,0.0278453532553216
0.6,0.078667689479824
0.6,0.0289618334748057
0.6,0.00901236777520194
0.6,0.0615689274265839
0.6,0.0233228146723449
0.6,0.0493320997495617
0.6,0.0566183574832691
0.6,0.0788428493265683
0.6,0.0341908521496432
0.6,0.0585180266481036
0.6,0.028933238659293
0.6,0.0418349218080126
0.6,0.0553290747027669
0.6,0.0747775083688655
0.6,0.0403905194308335
0.6,0.0641576471227375
0.6,-0.021997773736957
0.6,0.0486536819486792
0.6,0.0527610494439173
0.6,0.0257692499557089
0.6,0.0864267130425087
0.6,0.0347476824539866
0.6,0.0731624535972125
0.6,0.0943985046123703
0.6,0.0163676795403148
0.6,0.05503325684898
0.6,0.052929599583493
0.6,0.0197680231359526
0.6,0.0794026410439996
0.6,0.0384482326729001
0.6,0.0493865135121875
0.6,0.0349433900454779
0.6,0.0256711873778041
0.6,0.0175279407941891
0.6,0.0280180132851749
0.6,0.0420668687965507
0.6,0.0754306624670687
0.6,0.000145703500514895
0.6,0.0193167407738073
0.6,0.0591683012473854
0.6,0.0252181706896001
0.6,0.0714126098682828
0.6,0.0595196386359192
0.6,0.0214061625707072
0.6,0.0628425976440232
0.6,0.0478322469569721
0.6,0.0214803201516803
0.6,0.0296185577089189
0.6,0.0582347577608998
0.6,0.0779964091961727
0.6,0.0651122023531517
0.6,0.0580247333921735
0.6,0.0354949619306846
0.6,0.0938355950018958
0.6,0.0470514521255172
0.6,0.0921291098611722
0.6,0.0076801691765905
0.6,0.100944753785847
0.6,0.0280471952999272
0.6,0.0949984187263083
0.6,0.0524480725992864
0.6,0.0544517171004649
0.6,0.0561714915889507
0.6,0.0682037036013217
0.6,0.0456730620368911
0.6,0.0763795978360957
0.6,0.0362354072954197
0.6,0.0247291518730506
0.6,0.058451884476882
0.6,0.058045435327691
0.6,0.0184792263116904
0.6,0.0387431224296503
0.6,0.0766399926209356
0.6,0.026071438378156
0.6,0.0743508883161592
0.6,0.0576288051101802
0.6,0.0177082200656227
0.6,0.0556383251454263
0.6,0.0285824548237271
0.6,0.0667998983541697
0.6,0.0178282302583396
0.6,0.0589521419310389
0.6,0.0242725739831951
0.6,0.0571703084994845
0.6,0.0454267288018192
0.6,0.0670821045227719
0.6,0.0497373893605327
0.6,0.0736086855019625
0.6,0.0110319953985325
0.6,0.0799052236430479
0.6,0.0595823872862292
0.6,0.0490643937015376
0.6,0.0398324950968862
0.6,0.0114093102788948
0.6,0.0421183010238833
0.6,0.0448336767914557
0.6,0.0774159596516892
0.6,0.0658940395698135
0.6,0.028341969631978
0.6,0.0765582185521293
0.6,0.0581358949674457
0.6,0.0537004881163596
0.6,0.0553887426172696
0.6,0.0181651162524669
0.6,0.0503535670248954
0.6,0.0372847848767365
0.6,0.0511624196738937
0.6,0.00590185976167622
0.6,0.0671815629708414
0.6,0.0961134818014942
0.6,0.0351023572940641
0.6,0.0275569820757595
0.6,0.093146866789391
0.6,0.0333105407705177
0.6,0.028282086785136
0.6,0.0317475185326085
0.6,0.0590607588285146
0.6,0.061751691552683
0.6,0.0286699459063497
0.6,0.0310535926055192
0.6,0.0557149067930206
0.6,0.0238636923662732
0.6,0.0903576133581578
0.6,0.026940862516306
0.6,0.0614789240103316
0.6,0.0647051461089977
0.6,0.0889489906947367
0.6,0.0613034240971168
0.6,-0.0109833113475146
0.6,0.0709691734833135
0.6,0.067414257154261
0.6,0.0674077711144947
0.6,0.0530337636033821
0.6,0.0109563856831345
0.6,0.0705063907567535
0.6,0.0290980633223793
0.6,0.0605413743786971
0.6,0.0575043182999153
0.6,0.0640163246642701
0.6,0.0596377646471391
0.6,0.0351247883757591
0.6,0.0769083886314454
0.6,0.053283147615978
0.6,0.047844383782171
0.6,0.0683929099126288
0.6,0.0583154748930261
0.6,0.086461472283509
0.6,0.0508027125088434
0.6,0.0768547795180796
0.6,0.0364938401610931
0.6,0.089805843896669
0.6,0.0408009557850104
0.6,0.0639170789797882
0.6,0.0334122281104359
0.6,0.0198477578531773
0.6,0.0414283388571531
0.6,0.0521716521785448
0.6,0.0609696392770702
0.6,0.0181441223563489
0.6,0.0350008936643936
0.6,0.0482814422445875
0.6,0.037957382613818
0.6,0.0908189479567419
0.6,0.0412433760094264
0.6,0.0645949393080143
0.6,0.0478121700620286
0.6,0.0514860329641089
0.6,0.0291830089160979
0.6,0.0714319150061221
0.6,0.0599731904115516
0.6,0.055182610149708
0.6,0.0508646238586515
0.6,0.0633327741617667
0.6,0.0149476085541707
0.6,0.0464013306520912
0.6,0.0950403030391374
0.6,0.051305844482932
0.6,0.0513480753166026
0.6,0.0354150007056068
0.6,0.0483088464866978
0.6,0.0177814884944381
0.6,-0.0121686376291848
0.6,0.0560702497649329
0.6,0.0706138795391762
0.6,0.0400245552517299
0.6,0.0330448309494949
0.6,0.00959072968703164
0.6,0.00624376216431541
0.6,0.0372827898281012
0.6,0.0510166362167126
0.6,-0.00940339843036844
0.6,0.0185166486444647
0.6,0.0647598054222314
0.6,0.114827876122144
0.6,0.060913349901567
0.6,0.0491909193650665
0.6,0.0487177388856281
0.6,0.0469050014637659
0.6,0.0217571028158704
0.6,0.0225298051304081
0.6,0.0267088230097988
0.6,0.0303822426408091
0.6,0.0949256739157118
0.6,-0.000442273656662255
0.6,0.0646488572892245
0.6,0.0495411572838744
0.6,0.0562989931077766
0.6,0.0253665179353586
0.6,0.0794397226028576
0.6,0.0390442657941543
0.6,0.0836230081255164
0.6,-0.00210738180860223
0.6,0.0454092707393497
0.6,0.0422652737781827
0.6,0.0675305698986987
0.6,0.0446638785686344
0.6,0.0251640042580489
0.6,0.0190459483545302
0.6,0.029871631037082
0.6,0.0495779780683614
0.6,0.0582611059311937
0.6,0.014087538025453
0.6,0.0275540676983867
0.6,0.0499388885937088
0.6,0.0180327428092772
0.6,0.0487426276460135
0.6,0.0170038573461667
0.6,0.0432976658096262
0.6,0.0726203260259237
0.6,0.0570277070786709
0.6,0.0813557567149297
0.6,0.0338104405637111
0.6,0.0797999626561804
0.6,0.0313095826661812
0.6,-0.011686595545263
0.6,0.0973779563194414
0.6,0.0323182839463355
0.6,-0.00124460074729208
0.6,0.0621392551576145
0.6,0.026671086723799
0.6,0.0630522606925407
0.6,0.0472106402882501
0.6,0.0859023536709191
0.6,0.035205485827376
0.6,0.0485281170399209
0.6,0.0705119045149039
0.6,0.0208248219901594
0.6,0.0501553790376636
0.6,0.0838858209668893
0.6,0.0525300249171891
0.6,0.0430333883390702
0.6,0.0278006492619391
0.6,0.0728642808576245
0.6,0.0827655168620607
0.6,0.00981529332747238
0.6,0.0260369393421483
0.6,0.0401253138290053
0.6,0.0874599827462178
0.6,0.0428381077927443
0.6,0.0369778642661102
0.6,0.045989494640268
0.6,0.0109054326129967
0.6,0.0593478254852592
0.6,0.0152526360669839
0.6,0.0767077986395631
0.6,0.0359565290844214
0.6,0.012430840367706
0.6,0.034766414389195
0.6,0.0623873692202257
0.6,0.004293834141713
0.6,0.0252114960972728
0.6,0.0233908754894166
0.6,0.0900055102385098
0.6,0.0397620148478915
0.6,0.0271934018844458
0.6,0.0184375215445705
0.6,0.0314324166859146
0.6,0.0364458930798367
0.6,0.0474579477252892
0.6,0.0243777130681159
0.6,0.0396813366099393
0.6,0.0264546917747333
0.6,0.014114224015577
0.6,0.0681148040508611
0.6,0.0448490551305423
0.6,0.0566916311558716
0.6,0.0412073492470194
0.6,0.0668848952763193
0.6,0.0420256045856239
0.6,0.0400647076456279
0.6,0.0479030627990725
0.6,0.0131965875155841
0.6,0.108159628682639
0.6,0.0479297115446471
0.6,0.0377645726073981
0.6,0.071031319542691
0.6,0.0547590231653375
0.6,0.0536703321549833
0.6,0.0668321428373492
0.6,0.0824170302302665
0.6,0.0762225923411114
0.6,0.0404319782305922
0.6,0.0448450167958137
0.6,0.0635124716510229
0.6,0.0420242430284
0.6,0.0585351996319023
0.6,0.0637623730095333
0.6,0.0595704673131314
0.6,0.0526783308697746
0.6,0.0450581943235976
0.6,0.0600768782146897
0.6,0.052359597373091
0.6,-0.00142550178210444
0.6,0.0630884967938458
0.6,0.0175871645254221
0.6,0.048244654790797
0.6,0.0483169059246928
0.6,0.0371419220593193
0.6,0.0505604342854338
0.6,0.0582827961934442
0.6,0.0463461506247131
0.6,0.0372119699163663
0.6,0.089795295293666
0.6,0.0481029692192294
0.6,0.0535025731372011
0.6,0.0625975157588989
0.6,0.0340236939483605
0.6,0.0530744748695178
0.6,0.0351059210968758
0.6,0.0463643525389029
0.6,0.0542317537212153
0.6,0.0554528768160558
0.6,0.0591648009347826
0.6,0.0638265149277044
0.6,0.0295816487393833
0.6,0.0166874209447246
0.6,0.0797136785832865
0.6,0.0447873034472768
0.6,0.0496801521447873
0.6,0.07597998244179
0.6,0.0785316459640575
0.6,0.0865766378550137
0.6,0.0272823515439207
0.6,0.0378387443493134
0.6,0.0672215807451296
0.6,0.00343217181876871
0.6,0.0571661453753454
0.6,0.0262213528763923
0.6,0.023007261481714
0.6,-0.0137431896473426
0.6,0.0305969165111309
0.6,0.0152098677974578
0.6,0.0629317880408006
0.6,0.060994388104381
0.6,0.0354510779740396
0.6,0.0488732252626922
0.6,0.0334229368000059
0.6,0.0312759237196412
0.6,0.0746525729212472
0.6,0.00386751577487257
0.6,0.0207345749765848
0.6,0.0549300829262519
0.6,0.0515707631927018
0.6,0.052445321641499
0.6,0.0219702770315236
0.6,-0.000752583231594262
0.6,0.0235970204987128
0.6,0.0637301290359819
0.6,0.0547915167947675
0.6,0.0297897764785136
0.6,0.0525632007256484
0.6,0.00959723391260012
0.6,0.0544499789572972
0.6,0.0517284852186807
0.6,0.0236815054051393
0.6,0.0522565915646118
0.6,0.0827000676279502
0.6,0.0686394244616071
0.6,0.0433705235103917
0.6,0.0704363082723368
0.6,0.0609878242091725
0.6,0.0576465698777592
0.6,0.0188498247285494
0.6,0.0363395729166825
0.6,0.0532771718223621
0.6,0.0650223553292071
0.6,0.0397502370614222
0.6,0.0817910133590602
0.6,0.0434102199516521
0.6,0.053359441810411
0.6,0.0445550772105772
0.6,0.094714916956273
0.6,0.0928498213375479
0.6,0.0215183706719354
0.6,0.0905831881011254
0.6,0.0886328907710289
0.6,0.0271813872169469
0.6,0.00326811005443231
0.6,0.0391022052177083
0.6,0.051633347161883
0.6,0.0356164627238257
0.6,0.036280120514102
0.6,0.0540425854033242
0.6,0.080480287233166
0.6,0.0536877065041233
0.6,0.0776609407744047
0.6,0.0357928467648163
0.6,0.0248090798010382
0.6,0.0665512061729157
0.6,0.0136816643947221
0.6,0.0363656625920466
0.6,0.053707658474113
0.6,0.00295612566804579
0.6,0.0788758686818912
0.6,0.0454943770439493
0.6,0.0583185682094328
0.6,0.0616191786486688
0.6,0.0597254463503479
0.6,0.0176242612126094
0.6,0.0277784763957533
0.6,0.0751732337295282
0.6,0.0399991060336629
0.6,0.0682747154144256
0.6,0.0389498187026787
0.6,0.0317461345419996
0.6,0.0590745523964584
0.6,0.0432306703945243
0.6,0.0668662640388431
0.6,0.046931893058175
0.6,0.0318509801333332
0.6,0.0470234940689765
0.6,0.0762684227901382
0.6,-0.00963133643686712
0.6,0.0614227847925298
0.6,0.0678904957066966
0.6,0.0430952281939411
0.6,0.0534194800863719
0.6,0.0567241886096032
0.6,0.0486408067578327
0.6,0.080469578884575
0.6,0.0469905190296636
0.6,0.0571106225704279
0.6,0.0892298579925112
0.6,0.0513861601395632
0.6,0.048208298851962
0.6,0.0410475218516918
0.6,0.0448045516375152
0.6,0.0473570093635815
0.6,0.0788063551992673
0.6,0.0633367183666503
0.6,0.0344797707431154
0.6,0.0613050034194377
0.6,0.0352842817297178
0.6,0.0314788394450979
0.6,0.0722319534934734
0.6,0.0391902929652355
0.6,0.0453456117811382
0.6,0.0237262592798944
0.6,0.0669381919706495
0.6,0.044293379456528
0.6,0.0501087801008558
0.6,0.0447676644524972
0.6,0.0268305186693201
0.6,0.0505218572854555
0.6,0.0517322194413068
0.6,0.0159478890796619
0.6,0.0719212402060468
0.6,0.0624004671468688
0.6,0.0123390655660129
0.6,0.033156329779005
0.6,0.0796146017956686
0.6,0.0435493601333782
0.6,0.00112857314892366
0.6,0.0346314483815376
0.6,0.0622988903778775
0.6,0.0401798378193704
0.6,-0.0128935950526732
0.6,0.0256872346317167
0.6,0.0402523960770761
0.6,0.0426359441518758
0.6,0.0499675707424356
0.6,0.0539050629901829
0.6,0.0796699368536954
0.6,0.0677305136847168
0.6,0.0672179735271546
0.6,0.0200535061117562
0.6,0.045758041968927
0.6,0.039828538752157
0.6,0.0897523827724963
0.6,0.0179780848961407
0.6,0.100192039654371
0.6,0.0385422866327269
0.6,0.00648680547099465
0.6,0.0464592678770653
0.6,0.0804726270602262
0.6,0.0375746840611118
0.6,0.0967484328991124
0.6,0.056640174539914
0.6,0.031148117956199
0.6,0.0322166243099906
0.6,0.0305829700987427
0.6,0.0496772716391232
0.6,0.0236693668282089
0.6,0.0669632800438987
0.6,0.0683605446301588
0.6,0.045409396933614
0.6,0.0747579397602437
0.6,0.0515195473290494
0.6,0.0483043594369345
0.6,0.0521136771387589
0.6,0.0888051141988566
0.6,0.0763631337041265
0.6,0.0439633875014486
0.6,0.0779118327801889
0.6,0.0614837838017478
0.6,0.0574268608933829
0.6,0.0518399933377768
0.6,0.0485088556467579
0.6,0.039464060818367
0.6,0.0742584386190105
0.6,0.0295359860381097
0.6,0.0421730904000079
0.6,0.0877043447589195
0.6,0.0501133978680092
0.6,0.046398559092081
0.6,0.0599346830117094
0.6,0.0623128460493662
0.6,0.0510655544605924
0.6,0.0265449993452488
0.6,0.0557770193981422
0.6,0.0194028295793709
0.6,0.0858376660522447
0.6,0.00864675928133127
0.6,0.0335600625566893
0.6,0.0939157407635683
0.6,0.0627675852625151
0.6,0.0399249885167289
0.6,0.0163431842020844
0.6,0.0439289208778575
0.6,-0.00775168766458882
0.6,0.0520616617141422
0.6,0.0389141703957947
0.6,0.0457137142036465
0.6,0.021901055683866
0.6,0.0422455735201372
0.6,0.0716264679089077
0.6,0.0563972869953435
0.6,0.0573393600930184
0.6,0.073818064543196
0.6,0.035917922199908
0.6,0.0820560699863813
0.6,0.0350247071173275
0.6,0.095662973272043
0.6,0.0461489988436463
0.6,0.0361862256140791
0.6,0.0556078053513093
0.6,0.0532646400528841
0.6,0.0190284065645567
0.6,-0.0207968032515352
0.6,0.129145216632632
0.6,0.0750767111243471
0.6,0.0507063676745201
0.6,0.0699543399973461
0.6,0.0825550634381026
0.6,0.0641219009009373
0.6,0.0247051489729541
0.6,0.0530532300407876
0.6,0.0452450529643938
0.6,0.0411456716563227
0.6,0.0554424412233327
0.6,0.0816053696194846
0.6,0.0349451960897836
0.6,0.0475895118853238
0.6,0.0862333536734609
0.6,0.06029988765528
0.6,0.0379278418688151
0.6,0.0760303082701386
0.6,0.0232210483074036
0.6,0.0252754331349944
0.6,0.0792077515035145
0.6,0.0324395658515616
0.6,0.0583282550643094
0.6,0.0746869637019077
0.6,0.0615456130204899
0.6,0.0452410371903515
0.6,0.040452343808749
0.6,0.0560944065010436
0.6,0.0768212333393932
0.6,0.0486243495750773
0.6,0.0374535110442229
0.6,-0.00322478257937296
0.6,0.0169587526924855
0.6,0.060792323436482
0.6,0.043230463126164
0.6,0.0595542092088913
0.6,0.0333706671654414
0.6,0.0679580325879118
0.6,0.0303402644682337
0.6,0.0186223784843845
0.6,0.0546261349764635
0.6,0.0666614075400769
0.6,0.035783220366917
0.6,0.00670327817227654
0.6,0.0918550470513201
0.6,0.0589928233316626
0.6,0.0549990800312556
0.6,0.0400054312010824
0.6,0.0548064842763657
0.6,0.10601055990469
0.6,0.0654729169993079
0.6,0.0734123092210259
0.6,0.0232926106670315
0.6,0.0599842352552291
0.6,0.016571396211574
0.6,0.0617117606083919
0.6,0.0841519378878496
0.6,0.0416515762017147
0.6,0.058650891239244
0.6,0.0789254133042664
0.6,-0.000951911753054836
0.6,-0.0130850787008629
0.6,0.0601462646471077
0.6,0.10215231475784
0.6,0.0239771117248138
0.6,0.0665400480074098
0.6,0.0179367304466619
0.6,0.0706085770755624
0.6,0.0395739776857983
0.6,0.0760899628079988
0.6,0.0535377765369703
0.6,0.0752463049783229
0.6,0.0458929440448353
0.6,0.0755894259776889
0.6,0.0483994530470436
0.6,0.00716107480809932
0.6,0.0532603885063987
0.6,0.0504338046047731
0.6,0.0833845240562123
0.6,0.0338223849649059
0.6,0.0318595740043948
0.6,0.0645355060523284
0.6,0.0479430711250574
0.6,0.0607301215154119
0.6,0.0696924352034187
0.6,0.0362982218139693
0.6,0.0448969772934064
0.6,0.0813450263626868
0.6,0.0684559288996206
0.6,0.0610825742637739
0.6,0.0513674628261045
0.6,0.0615758186373091
0.6,0.036494541673479
0.6,0.056187665150059
0.6,0.0709156780362823
0.6,0.033330442333629
0.6,0.0459753249251341
0.6,0.0616608757731118
0.6,0.0893527931711129
0.6,0.0264229680442316
0.6,0.0282444626076563
0.6,0.0780323567053862
0.6,0.0747421670911218
0.6,0.0556942796526985
0.6,0.046007275481556
0.6,0.0261242515476472
0.6,0.0151951006096108
0.6,0.099589939955382
0.6,0.0667501976708289
0.6,0.0306131797991296
0.6,0.0232145592210598
0.6,0.0725020832492332
0.6,0.0991697527132248
0.6,0.0691504166555849
0.6,0.0366995274372103
0.6,0.0479691717076214
0.6,-0.012590017893348
0.6,0.0633508197327866
0.6,0.0654606712982755
0.6,0.0114721902037911
0.6,-0.0157937154489234
0.6,0.0534975678370281
0.6,0.0410100150121599
0.6,0.0830795725747386
0.6,0.0619502853533608
0.6,0.0164756498320591
0.6,0.0448510820358493
0.6,0.00652713004937261
0.6,0.046913223403772
0.6,0.0466663752283082
0.6,0.051730223957377
0.6,0.0688624626030685
0.6,0.0558476182946016
0.6,0.0513581125661221
0.6,0.0284900032717919
0.6,0.0524314360201397
0.6,0.041376254290161
0.6,0.0686530807674733
0.6,0.0244911301883825
0.6,0.0336240766217057
0.6,0.0246802982873551
0.6,0.0438998719516521
0.6,0.0610589272968421
0.6,0.0333775967683303
0.6,0.0482663943677095
0.6,0.0562057142486246
0.6,0.0641401414478022
0.6,0.0492187281577301
0.6,0.0499936137052582
0.6,0.0823753417458573
0.6,0.0461876102708903
0.6,0.0273348021722155
0.6,0.0518541469789803
0.6,0.0803565799001686
0.6,0.0684268871153424
0.6,0.0560939102089545
0.6,0.0352720484072265
0.6,0.00177911310164365
0.6,0.0675835369113031
0.6,0.0357832287941681
0.6,0.0685626788235868
0.6,0.042144126046572
0.6,0.0613638016695772
0.6,0.0584359923111001
0.6,0.0455984750427957
0.6,0.0573127777517694
0.6,0.0649266785906218
0.6,0.0238171959099255
0.6,0.0186932086542686
0.6,0.0315217468289459
0.6,0.062792989885715
0.6,0.0219233989598146
0.6,0.0499142199860794
0.6,0.042376733281966
0.6,0.0465267720520865
0.6,0.0558802650842266
0.6,0.0699333046599384
0.6,0.0493177477046948
0.6,0.110505594250681
0.6,0.0196134637441584
0.6,0.0486265371890733
0.6,0.0702467924719357
0.6,0.0526538623363604
0.6,0.01882322482191
0.6,0.103925505595647
0.6,0.0368019816611794
0.6,0.079131168632649
0.6,0.0502588722366683
0.6,0.0376677813644942
0.6,0.0440121263717004
0.6,0.0276793146351911
0.6,0.0561011713110279
0.6,0.0437169697259147
0.6,0.0916710864231176
0.6,0.0457086713325727
0.6,0.0408243519967439
0.6,0.0876949873974697
0.6,0.0122328920644212
0.6,0.0182768842874542
0.6,0.0175643338165062
0.6,0.0257171392060285
0.6,0.00890349278793267
0.6,0.0380623814732131
0.6,0.0155688821898198
0.6,0.0853496746352344
0.6,0.0847743425766872
0.6,0.0611039243842791
0.6,0.0531318221966581
0.6,0.0235955571086038
0.6,0.0344559012418785
0.6,-0.0417718360884646
0.6,0.0563236685932315
0.6,0.0483241417137057
0.6,0.0118526445765892
0.6,0.0721604965928012
0.6,0.0152687883392944
0.6,0.0396373954426815
0.6,0.0306402540754503
0.6,0.0288388451932601
0.6,0.0768274322376969
0.6,0.020798269935195
0.6,0.0561201578732189
0.6,0.0523478188075346
0.6,0.0606677974240653
0.6,0.0357737739654457
0.6,0.0248292436824835
0.6,0.0420492741181124
0.6,0.0489882252640576
0.6,0.0376588210156526
0.6,-0.00760801461733026
0.6,0.037494592641623
0.6,0.0573342309299366
0.6,0.0520947864746128
0.6,0.0266681023138012
0.6,0.0690902477140632
0.6,0.0372437201284736
0.6,0.0659127259645326
0.6,0.0389735816464852
0.6,0.0917008046064721
0.6,0.057220024521291
0.6,0.0805292012795467
0.6,0.0332687119893199
0.6,0.0525178364107666
0.6,0.0657847005346566
0.6,0.0576774713285354
0.6,0.087776093903782
0.6,0.0591441028526841
0.6,0.0282279149267017
0.6,0.0538449671791371
0.6,0.00254105530293957
0.6,0.11145568619648
0.6,0.0596081364971804
0.6,0.0604339082935885
0.6,0.0455649889235214
0.6,0.0215747241414418
0.6,0.0283854577367602
0.6,0.0229626049859675
0.6,0.0339616202144042
0.6,0.0153382213955472
0.6,0.0538087991267058
0.6,0.0609788543155279
0.6,0.0515235493727429
0.6,0.0349652798993671
0.6,0.0784722245113272
0.6,0.0523700017316539
0.6,0.0284787334911835
0.6,0.0495088719556522
0.6,0.0421577830712544
0.6,0.0308870775980187
0.6,0.0335420615592812
0.6,0.0534685191742007
0.6,0.0684674404172624
0.6,0.0869675491017123
0.6,0.0360361207516202
0.6,0.0275247109814643
0.6,0.0503237509861933
0.6,0.0423000813534302
0.6,0.0610173574315077
0.6,0.027930441763217
0.6,0.0401780794329137
0.6,0.0331868860421965
0.6,0.0377660435318145
0.6,0.060123993286115
0.6,0.0211433503431576
0.6,0.0200339760957652
0.6,0.0555631535105562
0.6,0.0238918750058453
0.6,0.0667418182772102
0.6,0.0300097055598933
0.6,0.00287796004209729
0.6,0.0472690566973165
0.6,0.0387060940361995
0.6,0.057222439391286
0.6,0.0608531307972
0.6,0.0696115277010638
0.6,0.0102178345293448
0.6,0.043154049630553
0.65,0.0302384694950206
0.65,0.0050993600303926
0.65,0.0420023082913056
0.65,0.0744247103997764
0.65,0.0789450028066545
0.65,0.0402603427386889
0.65,0.0888667496950615
0.65,0.0830388901681361
0.65,0.050240935809585
0.65,0.0356189872991445
0.65,0.0141803766434281
0.65,0.010712508364716
0.65,0.0856605341438418
0.65,0.0632192593837941
0.65,0.0547794080339184
0.65,0.0765849814609131
0.65,0.0612679193074707
0.65,0.0789547972308666
0.65,-0.00391964152214362
0.65,0.0342630038362744
0.65,0.0762911261259089
0.65,0.0620201558429407
0.65,0.00979304747133239
0.65,0.0526410915153838
0.65,0.0463655096512376
0.65,-0.0122236090450006
0.65,0.0270433008622117
0.65,0.0530356068001132
0.65,0.0450739665737897
0.65,0.0354128901870332
0.65,0.0492764809372231
0.65,0.0184082284195824
0.65,0.0804095642401679
0.65,0.0324639532086659
0.65,0.0325863236764679
0.65,0.0441483782603634
0.65,0.0652714381253464
0.65,0.0321411976944663
0.65,0.0502678683879072
0.65,0.0250092880854687
0.65,0.00810066691220751
0.65,0.0541276786728477
0.65,0.0420774127656955
0.65,0.0868900812817979
0.65,0.0147489820669517
0.65,0.04658168528307
0.65,0.0600858020478253
0.65,0.108195442969136
0.65,0.04768968539027
0.65,0.0673058361243654
0.65,0.0277417622434435
0.65,0.0468225363296827
0.65,0.0365923230832367
0.65,0.0764000495351693
0.65,0.0518659162511584
0.65,0.0325358322600453
0.65,0.0873077290079407
0.65,0.0271243829761414
0.65,0.0368908710319082
0.65,0.041527665120331
0.65,0.0651244336626802
0.65,0.0680052007665603
0.65,0.0925794125843634
0.65,0.0450033807124672
0.65,0.0574632508231753
0.65,0.0235270636933061
0.65,0.0341577185032722
0.65,0.0318428522227571
0.65,0.049573428532979
0.65,0.0489032007942967
0.65,0.07712573942318
0.65,0.00570048746006081
0.65,0.041188439714767
0.65,0.0693255301035301
0.65,0.0794230600284062
0.65,0.00406403810150675
0.65,0.0496789114237072
0.65,0.0750278176753401
0.65,0.0429580521359167
0.65,0.041952549372069
0.65,0.0558533304652638
0.65,0.0561681145261676
0.65,0.0814977283990982
0.65,0.059978946692927
0.65,0.0673659147243653
0.65,0.0449898190650654
0.65,0.0606778417058555
0.65,0.0678028917695818
0.65,0.0666591199318213
0.65,0.0896955815079721
0.65,0.04197986377161
0.65,0.0788521638892629
0.65,0.0193803601186296
0.65,0.000756548485826865
0.65,0.0546042724171621
0.65,0.0542347657438983
0.65,0.0789400042294213
0.65,0.104869044571549
0.65,0.0376222557648745
0.65,0.0689930127471426
0.65,0.104463859516828
0.65,0.0143780365791382
0.65,0.0696310892652841
0.65,0.0496989664501642
0.65,0.0336105429526934
0.65,0.0850460694530134
0.65,0.0614162651015206
0.65,0.068512995006251
0.65,0.0120552060058653
0.65,0.0528294131073263
0.65,0.0785986603129877
0.65,0.0479709863363421
0.65,0.0839041159939257
0.65,0.0303974774253721
0.65,0.0622288805166964
0.65,0.078608922011644
0.65,0.066600087101419
0.65,0.0766811455143809
0.65,0.0265294483790375
0.65,0.0655639588925198
0.65,0.041131560955905
0.65,0.0860949094311048
0.65,0.0393668998639204
0.65,0.0656694566604381
0.65,0.00306377221386025
0.65,0.0239155384725457
0.65,0.0749092477692223
0.65,0.0499504600036195
0.65,0.0388346807280301
0.65,0.0576218061643548
0.65,0.0344763542857064
0.65,0.0184751903205096
0.65,0.0362788486257052
0.65,0.0291094856333446
0.65,0.0335839725738933
0.65,0.0517052341142481
0.65,0.0402963071022859
0.65,0.0759569776097208
0.65,0.0454844143103847
0.65,0.0993529969819675
0.65,0.0264581582597277
0.65,0.0545237826575276
0.65,0.0692109211520135
0.65,0.0397525349841756
0.65,0.0680834539890286
0.65,0.0330975184737188
0.65,0.0600705130373388
0.65,0.0251115812063273
0.65,0.043705266294814
0.65,0.0591279464894558
0.65,0.0750176153754774
0.65,0.0687739038401877
0.65,0.0568365563813867
0.65,-0.0153043713016041
0.65,0.0285203068575416
0.65,0.050066873286157
0.65,0.0626647805288612
0.65,0.0366430665248607
0.65,0.057884138647907
0.65,0.0774583475363259
0.65,0.0419331512621268
0.65,0.0229371540135441
0.65,0.103197298804759
0.65,0.00844240364812004
0.65,0.0574217052041516
0.65,0.0454985151916169
0.65,0.0520462969270244
0.65,0.0633475109372698
0.65,0.0444439665561437
0.65,0.0492101624663223
0.65,0.0186250229773274
0.65,0.0688934775838498
0.65,0.0206724009533931
0.65,0.0371721596129487
0.65,0.0337990310845278
0.65,0.0246568245515857
0.65,-0.0184994994007268
0.65,0.0330543949771909
0.65,0.0798562118314114
0.65,0.0189341608647212
0.65,0.0591325615908855
0.65,0.0245757368219514
0.65,0.0482407069156642
0.65,0.0630759312404342
0.65,0.00742066638525607
0.65,0.0496367497456356
0.65,0.0150020945143307
0.65,0.0355015746217836
0.65,0.0692601622149848
0.65,0.0765570006421081
0.65,0.0710522394639886
0.65,0.0850259643143416
0.65,0.0500173015960077
0.65,0.0231288578029526
0.65,-0.00375831270467179
0.65,0.0548452470430201
0.65,0.0196520185813186
0.65,6.11583669443041e-05
0.65,0.105396640377893
0.65,0.0547330409118568
0.65,0.0577602694552659
0.65,0.0576286807279272
0.65,0.023637625348656
0.65,0.10609212087855
0.65,0.037255956489225
0.65,0.0359546080183759
0.65,0.0340051760202583
0.65,0.0360455301431648
0.65,0.0728597015683648
0.65,0.0460116386844071
0.65,0.0474108589651583
0.65,0.020335106016108
0.65,0.0230689525953915
0.65,0.0572303043425457
0.65,0.0285195445718244
0.65,0.0103991555582369
0.65,0.0433192009108807
0.65,0.00897875335192206
0.65,0.0339833266992194
0.65,0.0189598930995496
0.65,0.0561326609142007
0.65,0.04705290219841
0.65,0.0408222711077894
0.65,0.0610419979208525
0.65,0.0332958602352882
0.65,0.0598596846353024
0.65,0.0507572406004034
0.65,0.0269234054550145
0.65,0.007934723415486
0.65,0.0510822912594896
0.65,0.0344724490186419
0.65,0.0554699319629454
0.65,0.0605690406364645
0.65,0.0416813504966788
0.65,0.0764104900133131
0.65,0.0424653751691557
0.65,0.0569538103933048
0.65,0.0625068974641357
0.65,0.0256489374203281
0.65,0.0582350586130658
0.65,-0.0165268917461332
0.65,0.063434871853858
0.65,0.037019407649204
0.65,0.00550221829703954
0.65,0.0439497271623535
0.65,0.0665674710530926
0.65,0.0391851080290702
0.65,0.05794906073197
0.65,0.0428613072609722
0.65,0.0209047428785771
0.65,0.0414103677860495
0.65,0.0650069838555562
0.65,0.117037363268559
0.65,0.0083701433232145
0.65,0.0691655610769363
0.65,0.00893174635491391
0.65,0.0387217784597923
0.65,0.0442833796751658
0.65,0.00729834164269519
0.65,0.0575813365899887
0.65,0.0172029698075646
0.65,0.0333523068814398
0.65,0.0868894768232934
0.65,0.0987144839965918
0.65,0.0765746686408363
0.65,0.0525757402007485
0.65,0.0654066431126013
0.65,0.046046902947968
0.65,0.0956397788900615
0.65,0.0838567893200445
0.65,0.0148539059161497
0.65,0.0699204703478347
0.65,0.0295797657100448
0.65,0.0466713352320794
0.65,0.053821244841466
0.65,0.0635885668646442
0.65,0.0229913700157694
0.65,0.0359464119878406
0.65,0.0841869308874055
0.65,0.0780183937770502
0.65,0.0192324832871122
0.65,0.0503205318569869
0.65,0.0601317512163817
0.65,0.0433159916163813
0.65,0.0616483060566083
0.65,0.0171533749419307
0.65,0.0497369972608589
0.65,0.0731628888662647
0.65,0.0755900846460856
0.65,0.0490183860912194
0.65,0.0071027665342311
0.65,0.049238799199609
0.65,0.0506980766385037
0.65,0.0432492084158209
0.65,0.082464309430272
0.65,0.0295134832332937
0.65,0.0555229237375938
0.65,0.0239646569016323
0.65,0.0669757157232441
0.65,0.0689833297762741
0.65,0.0383075356699232
0.65,0.0696718655970296
0.65,0.0459085888347325
0.65,0.0523647307971259
0.65,0.0626056952027524
0.65,0.0155646903667693
0.65,0.107066752303878
0.65,0.0396315913386659
0.65,0.0351899521554736
0.65,0.0443648741968995
0.65,0.0309223393124994
0.65,0.0380083070658548
0.65,0.0553364641080398
0.65,0.0217546858120989
0.65,0.0263457754223684
0.65,0.0576122384757299
0.65,0.0464004316405804
0.65,0.071955041039912
0.65,0.0503230474378311
0.65,0.0466247684719913
0.65,0.0622675136654309
0.65,0.0269776569427906
0.65,-0.0211765113396409
0.65,0.0955141728291789
0.65,0.0342369803925049
0.65,0.0364920655720544
0.65,-0.0109535066222795
0.65,0.065281717843729
0.65,0.0173283394016862
0.65,0.0485450690332619
0.65,0.0253087202423356
0.65,0.093761668651878
0.65,0.0464417756092339
0.65,0.0336154550673251
0.65,0.0730303623925038
0.65,0.0776799377144587
0.65,0.069558265161332
0.65,-0.0205013621509815
0.65,0.0176786030080074
0.65,0.0142032503380136
0.65,0.06301804932856
0.65,0.0671704730672159
0.65,0.0474853214896987
0.65,0.0480321704083295
0.65,0.0618641766811905
0.65,0.014385651560481
0.65,0.0674495394275134
0.65,0.124529305646989
0.65,0.0298256374135003
0.65,0.0583620164186513
0.65,0.0447005348287285
0.65,0.0337733275751523
0.65,0.0473041358650919
0.65,0.0506052842796702
0.65,0.0474961364472986
0.65,0.0756263291287893
0.65,0.0466664507979387
0.65,0.0501396376530131
0.65,0.0074393368859299
0.65,0.0608991554664002
0.65,0.0148796400759358
0.65,0.0119185885229405
0.65,0.00154436678231033
0.65,0.0386801205063985
0.65,0.0673180528738355
0.65,0.0172618203260352
0.65,0.00689426922744111
0.65,0.0181459069093748
0.65,0.0595870627954698
0.65,0.0942589122038921
0.65,0.0527617850394719
0.65,0.0172893654817107
0.65,0.0379514112815912
0.65,0.0988714048297823
0.65,0.0766629232294264
0.65,0.0240778969198214
0.65,0.0263318541976462
0.65,0.0642199708176368
0.65,0.0504659727713893
0.65,0.0432564702104781
0.65,0.060117815396242
0.65,0.0265005534565487
0.65,0.0674663705601676
0.65,0.0586629297512829
0.65,-0.00359105556154185
0.65,0.0323637776559607
0.65,0.0680479370578377
0.65,0.0861591008353917
0.65,-0.000442138220578174
0.65,0.0345744449623349
0.65,0.0426507992710494
0.65,0.0605529005861204
0.65,0.0456766113817033
0.65,0.0629573378614497
0.65,0.0654752711159664
0.65,0.0520330048980876
0.65,0.0805511926929833
0.65,0.0519761184081106
0.65,0.0227659219292282
0.65,0.0262687468008254
0.65,0.0571579646578286
0.65,0.0857834075134674
0.65,0.0371013104741377
0.65,0.0353351248435023
0.65,0.00782962452361825
0.65,0.0216414424812403
0.65,0.0302505967577797
0.65,0.018165635360675
0.65,0.030445155759574
0.65,0.0249266067974442
0.65,0.0434370255558194
0.65,0.0460485714990184
0.65,0.0794875502396872
0.65,0.0443425719444965
0.65,0.0174247343057022
0.65,0.0985808822053174
0.65,0.0322089376492325
0.65,0.0405880822070591
0.65,0.0358362425167466
0.65,0.0583713202999459
0.65,0.0703124533842347
0.65,0.00784447066974335
0.65,0.0781263007523059
0.65,0.0673476075603828
0.65,-0.00257633124656452
0.65,0.0632670032071972
0.65,0.0455025895627319
0.65,0.0316754741763697
0.65,0.0334785869588183
0.65,0.00467881623260741
0.65,0.108011874250614
0.65,0.093605674182876
0.65,0.0636221259871674
0.65,0.0273810963762194
0.65,0.0544765652524008
0.65,0.0465567238977847
0.65,0.000106142396736428
0.65,0.0368392929959772
0.65,0.0177761644320369
0.65,0.0357281615611327
0.65,0.0573837388135057
0.65,0.0604986291127447
0.65,0.0531772586206286
0.65,0.0171538268736357
0.65,0.0397314693575579
0.65,0.0552869166933404
0.65,0.0534929768744264
0.65,0.0942144610645037
0.65,0.0226040164246987
0.65,0.00304258906552706
0.65,-0.00271481547703046
0.65,0.0674942643866772
0.65,0.0313348128707099
0.65,0.0295944244467728
0.65,0.0705214138012004
0.65,0.0528200009206266
0.65,0.0632001984505338
0.65,0.0674136120945107
0.65,0.0508763335904873
0.65,0.06207505711223
0.65,0.0365458646901793
0.65,0.0181182754496055
0.65,0.0607246245362394
0.65,0.0713161577498199
0.65,0.0278334119216422
0.65,0.079273892112647
0.65,0.0271473463640374
0.65,0.0490519347133705
0.65,0.0419215867802014
0.65,-0.0195347756388469
0.65,0.0680473803997665
0.65,0.040015305666951
0.65,0.026258869735313
0.65,0.0541805846854344
0.65,0.0291715705260248
0.65,0.0152663621734803
0.65,0.0793022302444225
0.65,0.0422585491427375
0.65,0.0231984458891252
0.65,0.102680524939248
0.65,0.0438261696830837
0.65,0.0789344790384902
0.65,0.040579675692684
0.65,0.0454747461037115
0.65,0.082523996310482
0.65,0.0656160632540326
0.65,0.0317267940371622
0.65,0.0554176432481975
0.65,0.0754875910620318
0.65,0.0502518406243931
0.65,0.0548915456704217
0.65,0.0681955549738178
0.65,0.0747143625627426
0.65,0.0554914466336289
0.65,0.0811788720695281
0.65,0.0392050749881136
0.65,0.114497155504403
0.65,0.0470636165243812
0.65,0.0676496849949604
0.65,0.0566397186557465
0.65,0.0887155513726915
0.65,0.0497697856894239
0.65,0.0321008118650564
0.65,0.0865899303963059
0.65,0.0224432725852079
0.65,0.0434578804977603
0.65,0.0269617183436104
0.65,0.0490678376336315
0.65,0.07298477516966
0.65,0.0643951205179366
0.65,0.0707985655622915
0.65,0.0499405548697828
0.65,0.0423268479080969
0.65,0.0267411053232939
0.65,0.0727838795455145
0.65,0.0493673762700037
0.65,0.0311577664223597
0.65,0.0638149983159333
0.65,0.0493544868154137
0.65,-0.021336680697555
0.65,0.0252630649441061
0.65,0.0675596518062535
0.65,0.0737124736573825
0.65,0.0330785211083509
0.65,0.0654174479059191
0.65,0.0182595709489686
0.65,0.0238581750371864
0.65,-0.00503569138486079
0.65,0.0510833268144234
0.65,0.0411526675023913
0.65,0.0839705043182113
0.65,-0.00485737876974365
0.65,0.0588211268160961
0.65,0.0212727726223807
0.65,0.0937731024084573
0.65,0.0557687618372245
0.65,0.0851646189811944
0.65,0.0447037207658379
0.65,0.0713733268470911
0.65,0.029058871987654
0.65,0.0631612173014552
0.65,0.0283895577058463
0.65,0.0314823154717474
0.65,0.00813189364508812
0.65,0.01397047437933
0.65,0.0275048279580765
0.65,-0.0268192362251222
0.65,0.0739662279002645
0.65,0.0529358437939993
0.65,0.0943465352092349
0.65,0.0289396808819765
0.65,0.0561838622165079
0.65,0.0326483213252785
0.65,0.0631006209544748
0.65,0.100774810554511
0.65,0.0335963337793526
0.65,0.0552566137081196
0.65,0.0486493284801828
0.65,0.0843805548516161
0.65,-0.00507358293793869
0.65,0.0135619802099608
0.65,0.0249711458490587
0.65,0.0721657239535054
0.65,0.0690573909054567
0.65,0.0123517556144858
0.65,0.059255382337912
0.65,0.0469153887766602
0.65,0.0800447684512792
0.65,0.0504837342817363
0.65,0.00702099951537846
0.65,0.0556656566592118
0.65,0.0148117835780088
0.65,-0.024537167340144
0.65,0.058557359266553
0.65,0.0494385857836344
0.65,0.0625675498034899
0.65,0.0367843289359688
0.65,0.0344755414424847
0.65,0.0161857121836557
0.65,0.0217732085256287
0.65,0.0145513506817919
0.65,0.0377837215893113
0.65,0.0349477362535699
0.65,0.0172211874085271
0.65,0.0266793193950534
0.65,0.0378400659244533
0.65,0.013046956574659
0.65,0.0455163155575613
0.65,0.0382456137570074
0.65,0.0401451306381781
0.65,0.0347566846740404
0.65,0.0672027532172215
0.65,0.0380806588249214
0.65,0.0235855666230788
0.65,0.0128254222764258
0.65,0.0731316230633872
0.65,0.0595003211441492
0.65,0.0466338554981006
0.65,0.0377098932345713
0.65,0.0182478717612917
0.65,0.0298945987546904
0.65,0.0692857979956986
0.65,0.0227305257341761
0.65,0.0474293626146318
0.65,0.0717889274298897
0.65,0.044805480859693
0.65,0.0425410984662021
0.65,0.0114662162902643
0.65,0.0392339422898018
0.65,0.0185614366652795
0.65,0.0799945088787991
0.65,0.0343793710751239
0.65,0.0676317137635568
0.65,0.0395076883771051
0.65,0.0243817556551375
0.65,0.0614706982750523
0.65,0.0126079447372874
0.65,0.0754315778126428
0.65,0.0716775842839568
0.65,0.0236288478209932
0.65,0.0285873378536723
0.65,0.048611900033995
0.65,0.0158196978488112
0.65,0.0361909243121979
0.65,-0.00362515146487268
0.65,0.0300400051881989
0.65,0.0714100928310518
0.65,-0.00019502104596042
0.65,0.0296132034699821
0.65,0.0658253034322264
0.65,0.0449159700775736
0.65,0.0672057140447846
0.65,0.0940097921905729
0.65,0.0855086708400852
0.65,0.0324903208887894
0.65,0.0680156773957495
0.65,-0.00232634263815218
0.65,-0.000488806118031381
0.65,0.028499036277736
0.65,0.0116465201175946
0.65,0.0392422124900005
0.65,0.0354511601572751
0.65,0.0472984660042496
0.65,0.094639607365042
0.65,0.0456463735447949
0.65,0.040836269420762
0.65,-0.0080546106398932
0.65,0.061510089436423
0.65,0.0296626730282609
0.65,0.0229023359046084
0.65,0.0660830771701319
0.65,0.0697241707378616
0.65,0.0643365913437774
0.65,0.0396378272011297
0.65,0.070699907869412
0.65,0.0442305305979923
0.65,0.046509029607195
0.65,0.0589829752487881
0.65,0.0172122043461585
0.65,0.0443575337383283
0.65,0.0708253232773417
0.65,0.0371230665884992
0.65,0.00292226273119305
0.65,0.0434190633970964
0.65,0.0157144504987152
0.65,0.045587810034667
0.65,0.0245893985435653
0.65,0.0772808125165668
0.65,0.0549797572962867
0.65,0.0609593477110817
0.65,0.0184799611537442
0.65,0.0244208299147599
0.65,0.0653949643120687
0.65,0.0439159468726508
0.65,0.0363648475997747
0.65,0.0908375998639486
0.65,0.0837724745098031
0.65,0.0521858594216937
0.65,0.0458918224505175
0.65,0.0721091390054767
0.65,0.0151580493692221
0.65,0.0281605079122124
0.65,0.0441876379905617
0.65,0.0234321820009665
0.65,0.0525210884498076
0.65,0.0226450985141471
0.65,0.092512077820285
0.65,0.0736728686034384
0.65,0.0369209251785597
0.65,0.0742852869666916
0.65,0.0350794287063455
0.65,0.0694122526204528
0.65,0.0352620494829334
0.65,0.0701495244665411
0.65,0.0371681961400404
0.65,0.0853084402082599
0.65,0.0799186664838283
0.65,0.0719824905413885
0.65,0.0650882013618677
0.65,0.0359463165359497
0.65,0.0672919515189293
0.65,0.0330009848115513
0.65,0.0187158915342855
0.65,0.0415553117639622
0.65,0.0462393913725493
0.65,0.0645409307064879
0.65,0.00189502016751074
0.65,0.0750886703393514
0.65,0.0540108773257358
0.65,0.0421554014453269
0.65,0.000405904542982741
0.65,0.0409820259943471
0.65,0.0599364850064916
0.65,0.0759488579023741
0.65,0.0465955891192216
0.65,0.0599822857653051
0.65,0.0160014806776274
0.65,0.013158851729969
0.65,0.060956774337245
0.65,0.0441553212110411
0.65,0.0849858992590989
0.65,0.0820810488929526
0.65,0.0770183048036734
0.65,0.062405200271366
0.65,0.0738841731273582
0.65,0.0911118908024785
0.65,0.074786088567671
0.65,0.0401324520968563
0.65,0.0448957590259974
0.65,0.0332008140224149
0.65,0.0329627247421598
0.65,0.0154157836432219
0.65,0.0771455476785285
0.65,0.078270384370161
0.65,0.0470596851707378
0.65,0.0416872804245997
0.65,0.0790443337419249
0.65,0.0224911872573304
0.65,0.0414076601746008
0.65,0.0525186551757041
0.65,0.0536036134881244
0.65,0.00998617877173494
0.65,0.0798211092676153
0.65,0.0499249938770406
0.65,0.0443709984592974
0.65,0.0624125765349137
0.65,0.03168714438244
0.65,0.0346166617271147
0.65,0.041647629940159
0.65,0.0284027237130776
0.65,0.1056409712068
0.65,0.0432057036230392
0.65,0.0893844964271164
0.65,0.0269414068156584
0.65,0.056534143526358
0.65,0.0720459872849365
0.65,0.0379767201299553
0.65,0.0766041857615155
0.65,0.0581249182733689
0.65,0.0378268518224274
0.65,0.000585833762217355
0.65,0.0180677695561272
0.65,0.048187197809326
0.65,0.0923622191637358
0.65,0.0279771655293431
0.65,0.0283674731068411
0.65,0.00855391080684437
0.65,0.0678220968281352
0.65,0.0798899914003845
0.65,0.0250734772500486
0.65,0.0523072300201657
0.65,0.0869210357392864
0.65,0.0739374892379763
0.65,0.0575384535093004
0.65,0.0562590041153274
0.65,0.0306735575923325
0.65,0.0073200178353584
0.65,0.032401292872913
0.65,0.018187136863831
0.65,0.0181909641528334
0.65,0.0566041343931311
0.65,0.0403065957736318
0.65,0.0485865771860054
0.65,0.0331681226843485
0.65,0.0272686591935192
0.65,0.0498039739546434
0.65,0.0320529858901005
0.65,0.0604525954257693
0.65,0.0267821634923778
0.65,0.063210841920638
0.65,0.0831891990358854
0.65,0.0527734825003571
0.65,0.0181757601903091
0.65,0.035005726008702
0.65,0.0904646651555909
0.65,0.049447624785558
0.65,-0.00120693870001928
0.65,0.0400490975849206
0.65,0.0401838507387675
0.65,0.0977014191117895
0.65,0.0768886183574189
0.65,0.088785177524661
0.65,0.0630027884063038
0.65,0.0618952653360134
0.65,0.0214627946684302
0.65,0.0359573335442576
0.65,0.0391489836321832
0.65,0.063973474383932
0.65,0.0236997548157248
0.65,0.0569347935171408
0.65,0.0467437179374603
0.65,0.0943718153093482
0.65,0.087132023647292
0.65,0.0856604791128234
0.65,0.0461492993865146
0.65,0.0340381715946069
0.65,0.0502258440369284
0.65,0.01567454365075
0.65,0.0384917283812187
0.65,0.0281326949985264
0.65,0.0331566283690281
0.65,0.0400162095333601
0.65,0.0558235933973297
0.65,-0.00862255627414622
0.65,0.0867045471929201
0.65,0.0494834948475621
0.65,0.0631304866078702
0.65,0.0404257872571674
0.65,0.029500395607348
0.65,0.0126493888903194
0.65,0.010396900270714
0.65,0.0652063852243475
0.65,0.0693287592570773
0.65,0.0548993525010329
0.65,0.0255736120923777
0.65,0.0685693273563771
0.65,0.0147845072802085
0.65,0.050541444784495
0.65,0.0171295390120072
0.65,-0.00164968002653852
0.65,0.0746976458296229
0.65,0.0593889027215763
0.65,0.0452944348937859
0.65,0.0452184005694721
0.65,0.0401587422322143
0.65,0.0640933467331466
0.65,0.0570165684238424
0.65,0.039520056045036
0.65,-0.00645659243693286
0.65,0.0428426143183476
0.65,0.0445312094351756
0.65,0.0167977675350524
0.65,0.0616814036932078
0.65,0.0739278308981859
0.65,0.0586245047848399
0.65,0.0665912811666896
0.65,0.0658317386740223
0.65,0.0529798180752568
0.65,0.0246996004692481
0.65,0.0954184654071509
0.65,0.0338551880096798
0.65,0.0369899997168958
0.65,0.0894083400440145
0.65,0.0198234567924822
0.65,0.0556718678360083
0.65,-0.0193705134351154
0.65,0.0207146437433006
0.65,0.039134731279369
0.65,0.0144406972444049
0.65,0.0583554292145258
0.65,0.060276106944337
0.65,0.0516058450112019
0.65,0.0142877010314621
0.65,0.0801253629824019
0.65,0.0565123367260733
0.65,0.08023845764391
0.65,0.0842834656279389
0.65,0.0366598440937021
0.65,0.037362931779149
0.65,0.0102118477104325
0.65,0.0163136992346023
0.65,0.0937040475581073
0.65,0.048593134978688
0.65,0.0734169610205948
0.65,0.0511467420613913
0.65,0.0324139262856278
0.65,0.0623236882426095
0.65,0.0390426424534391
0.65,0.050478487222131
0.65,0.0547021005066121
0.65,0.0437455735192148
0.65,0.0614217701001721
0.65,0.0496720829718386
0.65,0.022526851469832
0.65,0.0869570251698202
0.65,0.0402795138623974
0.65,0.0195724837239902
0.65,0.0176531958059228
0.65,0.0619541364026495
0.65,0.0363111477495567
0.65,0.0571941077694499
0.65,0.0124619638752258
0.65,0.0796349457352992
0.65,0.0622209996491335
0.65,0.0559629106729956
0.65,0.0442584550751547
0.65,0.0505391238139554
0.65,0.0331194665582248
0.65,0.0592040567607379
0.65,0.0179392471215287
0.65,0.0149619441106659
0.65,0.048235908308538
0.65,0.0656450410042844
0.65,0.0598342406408022
0.65,0.086899392995701
0.65,-0.00185510635066157
0.65,0.0888506245543824
0.65,0.0372966200427652
0.65,0.0448483051300054
0.65,0.030629855888546
0.65,0.0527171802789601
0.65,0.0640504636911422
0.65,0.0445547358847118
0.65,0.0382211171051976
0.65,0.0439849720050004
0.65,0.0594461886374542
0.65,0.0359340641541109
0.65,0.100113551727999
0.65,0.0509501899707509
0.65,0.0448780642745315
0.65,0.0543506405141891
0.65,-0.0299758823800695
0.65,0.067090153259666
0.65,0.074153466772247
0.65,0.0407000972487506
0.65,0.0481270247651854
0.65,0.037129081567936
0.65,0.0661845588246019
0.65,0.0809529518427895
0.65,0.0371540308860372
0.65,0.0635865902662408
0.65,0.0404851549707939
0.65,0.0189418301316401
0.65,0.0409365364443572
0.65,0.0631532484703486
0.65,-0.00328460379829129
0.65,0.0592295981756784
0.65,0.0687803880579813
0.65,0.0470313270198484
0.65,0.0280367441648066
0.65,0.0272002908571081
0.65,0.0470387550759316
0.65,0.0741136812047188
0.65,0.048811317227669
0.65,0.0514573665416322
0.65,0.0258356672258282
0.65,0.0396202765990641
0.65,0.0514014716152477
0.65,0.049026396127019
0.65,0.0621535804467826
0.65,0.0375589353652542
0.65,0.0519839746171472
0.65,0.032314885055877
0.65,0.0658445740860787
0.65,0.0215021445836238
0.65,0.0231774053357245
0.65,0.065808817701413
0.65,0.0520899218856097
0.65,-0.000180376312542419
0.65,0.059279732549722
0.65,0.0659130221705382
0.65,-0.00675791715255228
0.65,0.0385438112188227
0.65,0.0475714893115392
0.65,0.0912464672053271
0.65,0.0423969468757931
0.65,0.0577896321919466
0.65,0.0635410023883203
0.65,0.0604452339036456
0.65,0.0187551101848692
0.65,0.0165504497785513
0.65,0.0416762015960461
0.65,0.0588966267669163
0.65,0.0465007637898625
0.65,0.02424227761055
0.65,0.0140922011183214
0.65,0.051181553915721
0.65,0.0453762162658637
0.65,0.0674480104495002
0.65,0.0665019047500971
0.65,0.0402719693650626
0.65,-0.0022434468181975
0.65,0.0749173779337607
0.65,0.0171418388115576
0.65,0.0694315760060208
0.65,0.0677353901705412
0.65,0.0637694738736783
0.65,0.0177556243102741
0.65,0.0332205423782453
0.65,0.0482585213728714
0.65,0.103843517248291
0.65,0.0302420416055838
0.65,0.0949908284226416
0.65,0.059087547214524
0.65,0.101572728514102
0.65,0.0442899443601032
0.65,0.0563645925409752
0.65,0.0254239665757757
0.65,0.0605722807199117
0.65,0.0601446272476489
0.65,0.0534997320088978
0.65,0.0325162492107837
0.65,0.0218508536366718
0.65,0.017615484200274
0.65,0.0546253887128142
0.65,0.0869417901483495
0.65,0.0797309023017176
0.65,0.0369694509361147
0.65,0.0628657043518166
0.65,0.0500295930246281
0.65,0.0485685553292493
0.65,0.0349853658006989
0.65,0.0569255881270269
0.65,0.0519359702586996
0.65,0.0626539474723553
0.65,-0.0118341751532299
0.65,0.0485415949456194
0.65,0.0129385333749439
0.65,0.0821620527138988
0.65,0.0717746891022577
0.65,0.0791268687248659
0.65,0.0312898479965945
0.65,0.0506038346144911
0.65,0.0516570451742251
0.65,0.000348653612476393
0.65,0.0348278371401806
0.65,0.0762093702888102
0.65,0.0493393367124736
0.65,0.0907937198488666
0.65,0.0954733114539789
0.65,0.027065712352602
0.65,-0.0214854590655862
0.65,0.0540635055446178
0.65,0.0354913190724084
0.65,0.045466416231766
0.65,0.028364966413779
0.65,0.0662243544668945
0.65,0.0769347998719144
0.65,0.0289712221951508
0.65,0.0614989077168692
0.65,0.0301820541405567
0.65,0.0407911759469954
0.65,0.074427715106507
0.65,0.0809551280999576
0.65,0.0434198541226188
0.65,0.066320011822064
0.65,0.0577878614569827
0.65,0.0469608101814514
0.65,0.0131417966240999
0.65,0.036628910297972
0.65,0.0421264904379981
0.65,0.0708999219605804
0.65,0.0415103641622977
0.65,0.0189513396765309
0.65,0.0470063877817614
0.65,0.0177284580076466
0.65,0.0384499580651027
0.65,0.0824074253085968
0.65,0.064165647222964
0.65,0.0813367261414544
0.65,-0.0159825666699411
0.65,0.0858844976994477
0.65,0.023214459940577
0.65,0.0621875954617429
0.65,0.0528924849726916
0.65,0.0631688433748574
0.65,0.0101633289170744
0.65,0.0864706795091651
0.65,0.0521964939564837
0.65,0.07208954025688
0.65,0.0456488863212985
0.65,0.0476947844396135
0.65,0.0132478005813135
0.65,0.00580490719857712
0.65,0.0130850723429559
0.65,0.077848765182274
0.65,0.097365841801251
0.65,0.0537706310472636
0.65,0.0784648537695868
0.65,0.0142565642755272
0.65,0.110452936986373
0.65,0.0326213920583688
0.65,0.0157006729395892
0.65,0.0699934063929055
0.65,0.0790280360160019
0.65,0.0634947208011887
0.65,0.0499522645745888
0.65,0.0698292370854091
0.65,0.038620036613781
0.65,0.0305808093467136
0.65,0.0249678393150598
0.65,0.0210567391375515
0.65,0.0157306165361588
0.65,0.0600712698713448
0.65,0.0708633624601197
0.65,0.0488187809431544
0.65,0.0228664402598016
0.65,0.0633098612743221
0.65,-0.0124783969443926
0.65,0.0364077937781931
0.65,0.0595047169928232
0.65,0.0504019230233131
0.65,0.079098159648908
0.65,0.0353085723420411
0.65,0.070056970090564
0.65,0.0773681869004799
0.65,0.0733915061571264
0.65,0.0694317273452428
0.65,0.0420535466858367
0.65,0.0554362009061014
0.65,0.0578323785714265
0.65,0.0651013381160059
0.65,0.043308926478348
0.65,0.0233508820019991
0.65,0.0751321168732833
0.65,0.0914827635251306
0.65,0.0581691691985166
0.65,0.0539109058716392
0.65,0.0656717995811993
0.65,0.041778269054218
0.65,0.0634879452736195
0.65,0.0545236891337434
0.65,0.0553299026570957
0.65,0.0763337845147516
0.65,0.049625508103389
0.65,0.047418488382684
0.65,0.0216993647024652
0.65,0.0680991936255184
0.65,0.0303191891734578
0.65,0.0277440872395662
0.65,0.0773232162557032
0.65,0.0424107483555637
0.65,0.0256937230493194
0.65,0.0273371943819163
0.65,0.0784783905769022
0.65,0.0289640387202421
0.65,0.00890285043036577
0.65,0.0614976111975929
0.65,0.023461736229939
0.65,0.0501261166535298
0.65,0.0572819450101073
0.65,0.0793325230654566
0.65,0.0350212212431268
0.65,0.0592878693813495
0.65,0.0286596530872938
0.65,0.0424380886604588
0.65,0.0558220493515303
0.65,0.0752407108235079
0.65,0.0405460579560656
0.65,0.0644868785586834
0.65,-0.023124090797346
0.65,0.0487335095857144
0.65,0.0530472596110182
0.65,0.0261449726958259
0.65,0.0857676801587071
0.65,0.0351416421145019
0.65,0.0735782396245782
0.65,0.0950147536985474
0.65,0.0166982328057722
0.65,0.0553837046998832
0.65,0.0533447185893107
0.65,0.0199008133254356
0.65,0.0791856072788684
0.65,0.0394585795957696
0.65,0.0507711608633684
0.65,0.0355443638437039
0.65,0.025990026562758
0.65,0.0170999794389494
0.65,0.0277427869636381
0.65,0.0423142576408808
0.65,0.0754998063341151
0.65,-4.35022622572557e-05
0.65,0.0198363354544592
0.65,0.0595553096329799
0.65,0.0252746083471338
0.65,0.0717993252758653
0.65,0.0590211882144629
0.65,0.0217617762774734
0.65,0.0629863419084409
0.65,0.0479850633629465
0.65,0.0220046410357101
0.65,0.0300879400053646
0.65,0.0588086444580187
0.65,0.0781468516408187
0.65,0.0653794430931793
0.65,0.0583893665853239
0.65,0.0360489416846718
0.65,0.0939268029592965
0.65,0.0472443034748451
0.65,0.0928710723113131
0.65,0.00790017979388264
0.65,0.101308459562946
0.65,0.0285680471055065
0.65,0.0955035044645963
0.65,0.0527396766818022
0.65,0.0544336231197382
0.65,0.056845916389894
0.65,0.0680380890422428
0.65,0.0450699229183661
0.65,0.0767314460531844
0.65,0.036466061092836
0.65,0.0255124856992048
0.65,0.0592409378381938
0.65,0.058529112150737
0.65,0.0187114341688038
0.65,0.0391210843219102
0.65,0.0774792095479152
0.65,0.0250204095184809
0.65,0.0746594070494603
0.65,0.0577541976793826
0.65,0.018097271964398
0.65,0.0565979288334767
0.65,0.0289343318197368
0.65,0.0676147674129047
0.65,0.0184239831384336
0.65,0.0595097370073803
0.65,0.0250000991913975
0.65,0.0573785058044113
0.65,0.0456949376992811
0.65,0.0677943456289446
0.65,0.0500893642655734
0.65,0.0742819322817923
0.65,0.0110852613701757
0.65,0.0807922093513232
0.65,0.0598184836704172
0.65,0.0493056401591594
0.65,0.039991937718052
0.65,0.0112130833161349
0.65,0.0423284611282636
0.65,0.0452328562924472
0.65,0.0773793339580925
0.65,0.0661099971938806
0.65,0.0277822236441826
0.65,0.0769037691124448
0.65,0.0579242043444334
0.65,0.0542913557355582
0.65,0.0551326858580363
0.65,0.0172590976294562
0.65,0.0510032642123551
0.65,0.0373539339879192
0.65,0.0510826888652948
0.65,0.00521363902739379
0.65,0.0673019245101651
0.65,0.0960156576236583
0.65,0.0354861753837501
0.65,0.0278488557869848
0.65,0.0932381376112384
0.65,0.0333625143338928
0.65,0.0280708543644138
0.65,0.0317749712849339
0.65,0.0596202812198435
0.65,0.0624332402338108
0.65,0.029629207543017
0.65,0.0316259184227529
0.65,0.0562465481043238
0.65,0.0234861984690002
0.65,0.0906799076028946
0.65,0.0273731277402604
0.65,0.0618762689599942
0.65,0.0648832428944124
0.65,0.0890907773982484
0.65,0.0610640525312736
0.65,-0.0105920843355639
0.65,0.0710959579108326
0.65,0.0683288210098932
0.65,0.0679908902472626
0.65,0.0526509869254107
0.65,0.0102821462309655
0.65,0.0709808272137558
0.65,0.0302896784880612
0.65,0.0606146653260065
0.65,0.057746864798203
0.65,0.0642535731127573
0.65,0.0600363376368892
0.65,0.0350636267353259
0.65,0.0775792141968654
0.65,0.0533221481373648
0.65,0.0477922876740846
0.65,0.0689006953826624
0.65,0.0593445093871709
0.65,0.0862007624225817
0.65,0.0507907269737703
0.65,0.0771108871617144
0.65,0.0368149500935435
0.65,0.0904918204543303
0.65,0.0409561815034099
0.65,0.0637905693920744
0.65,0.0334977242580697
0.65,0.0204313866991087
0.65,0.0421511376295151
0.65,0.0527720097750692
0.65,0.0608356739414763
0.65,0.018027639598087
0.65,0.0349413975532261
0.65,0.0487833456709175
0.65,0.0382328263794465
0.65,0.0909432951497752
0.65,0.0421575965524326
0.65,0.0649996018354779
0.65,0.0489331093424028
0.65,0.0517012313896065
0.65,0.0294629032159828
0.65,0.0715626755338481
0.65,0.0600542935774947
0.65,0.0555544964766991
0.65,0.0506890176825835
0.65,0.0633460718323091
0.65,0.0156658656955058
0.65,0.0472232860564512
0.65,0.0944827606105504
0.65,0.0513809651593693
0.65,0.0512267831201152
0.65,0.036719061379803
0.65,0.0486162954420796
0.65,0.0178648796741711
0.65,-0.0122442650716508
0.65,0.0567201085782976
0.65,0.0701998176955134
0.65,0.0401072194748169
0.65,0.0338295057363801
0.65,0.0105632106423191
0.65,0.00629364282001095
0.65,0.0372424458417584
0.65,0.051137850873401
0.65,-0.00955221699356704
0.65,0.018599102532834
0.65,0.0651457063606128
0.65,0.115091615164751
0.65,0.0609575568036009
0.65,0.0495107916418871
0.65,0.0487765624319469
0.65,0.0470716362392659
0.65,0.0215641761441906
0.65,0.0231170771576858
0.65,0.0262504250322896
0.65,0.0310102004420754
0.65,0.0950819622375097
0.65,0.00034436244145612
0.65,0.0650757512082323
0.65,0.0497651883677582
0.65,0.0562588126318846
0.65,0.0254179646437651
0.65,0.0790749308685476
0.65,0.0384262864118088
0.65,0.0838977318379065
0.65,-0.00307088397967363
0.65,0.0452902672885518
0.65,0.0427945471962634
0.65,0.0678665419903997
0.65,0.045390801769005
0.65,0.0249707185394783
0.65,0.0191749168232037
0.65,0.030381395860004
0.65,0.0492221815753264
0.65,0.0583819865504863
0.65,0.0142300991639768
0.65,0.0276228902293708
0.65,0.049823784445768
0.65,0.0190666680714339
0.65,0.0491933600722908
0.65,0.0174121104348188
0.65,0.0437556397534523
0.65,0.0728909395101291
0.65,0.0573407163801334
0.65,0.0816471646362111
0.65,0.0343535026035471
0.65,0.080608400104902
0.65,0.0311364780468459
0.65,-0.012338682067851
0.65,0.0974538987770089
0.65,0.032441987727348
0.65,-0.00185301823157684
0.65,0.0622547113062106
0.65,0.0275881386881112
0.65,0.0636786127271021
0.65,0.0480994387174022
0.65,0.0859033222357043
0.65,0.0360520217901275
0.65,0.0484775811725948
0.65,0.0713263282901293
0.65,0.021141317264769
0.65,0.0497786631527951
0.65,0.0843190782545616
0.65,0.0524066013493452
0.65,0.0439621481849536
0.65,0.0277138270198197
0.65,0.0733361437620875
0.65,0.0835318888965324
0.65,0.00958220937207151
0.65,0.0261497845563628
0.65,0.040740088599552
0.65,0.0872342778393007
0.65,0.0436823927430254
0.65,0.036682381452471
0.65,0.0460343830211899
0.65,0.0109600681760197
0.65,0.0594634328300365
0.65,0.0154681117280451
0.65,0.0769052312464521
0.65,0.0365400446702956
0.65,0.0123165026286805
0.65,0.0350413011595217
0.65,0.0626014505758079
0.65,0.00490897148673035
0.65,0.0254047441687501
0.65,0.0236821197168797
0.65,0.0903700558639674
0.65,0.0401480397592831
0.65,0.0273677192196614
0.65,0.0184738154555734
0.65,0.0320879154159017
0.65,0.037260190676256
0.65,0.0481381754135663
0.65,0.0251664971727118
0.65,0.0409560972045677
0.65,0.0271318187673586
0.65,0.0138576014984309
0.65,0.0684055700290177
0.65,0.0450724892562643
0.65,0.0570707585918066
0.65,0.0418971508098594
0.65,0.0674293954350074
0.65,0.0422717649882525
0.65,0.0408118350875574
0.65,0.0476944124252154
0.65,0.0138805033271974
0.65,0.108479629968488
0.65,0.0478973794223147
0.65,0.0378637667443951
0.65,0.0710163221474849
0.65,0.0555291864613019
0.65,0.0538347829040257
0.65,0.0670075084240848
0.65,0.0826851064012974
0.65,0.0763428561934257
0.65,0.0407094884549073
0.65,0.0451473022384206
0.65,0.0635767507580138
0.65,0.0423235693174782
0.65,0.0585238160476527
0.65,0.0641090680355066
0.65,0.0599901357918009
0.65,0.0529109940473215
0.65,0.0453331429926997
0.65,0.0603074267823243
0.65,0.0522663824634158
0.65,-0.00131088451225332
0.65,0.0632760805386707
0.65,0.017676498457349
0.65,0.0484148324661683
0.65,0.0485530387687345
0.65,0.0373951670761799
0.65,0.0501771920630061
0.65,0.0586099699923317
0.65,0.046488327775895
0.65,0.03751905845227
0.65,0.0900112263342632
0.65,0.048546030973116
0.65,0.0533379580884711
0.65,0.0629530139410985
0.65,0.0338914343839199
0.65,0.0530977526178711
0.65,0.035460349037747
0.65,0.0468057947011523
0.65,0.0547501866906082
0.65,0.055538675974434
0.65,0.0595671734245035
0.65,0.064139355492356
0.65,0.0301066566866723
0.65,0.0170161534232752
0.65,0.0797804906330099
0.65,0.0449908186093935
0.65,0.0495847718783901
0.65,0.0767771217679963
0.65,0.0788539914131354
0.65,0.0872419747033851
0.65,0.0275564298374527
0.65,0.038112193370671
0.65,0.0675150523750466
0.65,0.0034715771290771
0.65,0.0580453385311162
0.65,0.0267247344246328
0.65,0.0238709054701621
0.65,-0.013934998452428
0.65,0.0310501738495683
0.65,0.0162057832825162
0.65,0.0633122315212888
0.65,0.0608691123016558
0.65,0.0350474524708001
0.65,0.0490637407153368
0.65,0.0333206599499057
0.65,0.0310624776708829
0.65,0.0745303607519551
0.65,0.00420796084275042
0.65,0.0219444620967759
0.65,0.0554223638562484
0.65,0.0516747142871553
0.65,0.0524545849589475
0.65,0.0223719206081876
0.65,-0.00149865539851631
0.65,0.0244406043698648
0.65,0.0642844274328799
0.65,0.055320365809836
0.65,0.0298600661253896
0.65,0.0533924456980518
0.65,0.0103834331609268
0.65,0.0543087420082866
0.65,0.0514823369008028
0.65,0.0237945187400176
0.65,0.0532030593107113
0.65,0.0831637216291791
0.65,0.0692905663111132
0.65,0.0436099957671166
0.65,0.0706275462971513
0.65,0.0614301070260609
0.65,0.0582464239710168
0.65,0.0184930745947582
0.65,0.036078351397887
0.65,0.0537392341506023
0.65,0.0651907564075867
0.65,0.0395178267755918
0.65,0.0822077030414645
0.65,0.0438863565456416
0.65,0.0538816805291046
0.65,0.0450411472536116
0.65,0.095549081292637
0.65,0.0926854064559531
0.65,0.0218051643534738
0.65,0.0905766637329094
0.65,0.0886568263384073
0.65,0.0282139963941413
0.65,0.00391796835629431
0.65,0.0395961789852257
0.65,0.051845893800223
0.65,0.036400092534926
0.65,0.0362111076186856
0.65,0.0541387756513325
0.65,0.0799643810704618
0.65,0.053470767972479
0.65,0.0784490800283872
0.65,0.0361138492352308
0.65,0.0252721394100869
0.65,0.0672345215145959
0.65,0.0142843576179919
0.65,0.0365635548569516
0.65,0.0544100282482135
0.65,0.00281637929276475
0.65,0.0790108314320112
0.65,0.0459941824074697
0.65,0.0586938219125263
0.65,0.0613047706809444
0.65,0.0603997359396877
0.65,0.0176142866373954
0.65,0.0284564373289992
0.65,0.0757997466199436
0.65,0.0406829049908053
0.65,0.0680654561875903
0.65,0.0389432061827667
0.65,0.0325283771206901
0.65,0.0594745034820534
0.65,0.0430606985768788
0.65,0.0669862422029507
0.65,0.0473549383745651
0.65,0.032597167215478
0.65,0.0470440168010605
0.65,0.0768235252417836
0.65,-0.00981856428898671
0.65,0.0615175056623191
0.65,0.0684447746077965
0.65,0.0435276738537398
0.65,0.053892168915316
0.65,0.0573677388216616
0.65,0.0494346005920188
0.65,0.0810336763673129
0.65,0.047510355920302
0.65,0.057781125969113
0.65,0.0898540409716133
0.65,0.0514647368198039
0.65,0.0483964159620381
0.65,0.0411767805187811
0.65,0.0454511219540015
0.65,0.047796307263945
0.65,0.0791200831588225
0.65,0.0629645914910705
0.65,0.0346591751175817
0.65,0.0622523906094938
0.65,0.0343793471601126
0.65,0.0322556023388958
0.65,0.0729018223410901
0.65,0.0395073511900268
0.65,0.0453504384590258
0.65,0.0234127351279949
0.65,0.0673656330317339
0.65,0.0443467184670619
0.65,0.0501498999317628
0.65,0.0451747335833842
0.65,0.0278886833496256
0.65,0.051034387018263
0.65,0.0518189794640786
0.65,0.0164771495035805
0.65,0.071947365737684
0.65,0.0627742336897881
0.65,0.013317825455463
0.65,0.0335351638385686
0.65,0.0799358922619654
0.65,0.043787643756799
0.65,0.000139381910315194
0.65,0.0348883636615212
0.65,0.0621086067511713
0.65,0.0404806054527362
0.65,-0.0122242798928064
0.65,0.0263047832262057
0.65,0.0408427562664075
0.65,0.0427668133993084
0.65,0.0507758787243916
0.65,0.0544049710195824
0.65,0.0798352338399544
0.65,0.0685271141056812
0.65,0.0669851543997629
0.65,0.020484021315601
0.65,0.0459032054180995
0.65,0.0398637797239743
0.65,0.0901620408837198
0.65,0.018062644765487
0.65,0.100839096016549
0.65,0.0390142231578789
0.65,0.0071246922692056
0.65,0.0471289735049658
0.65,0.0806593626125695
0.65,0.0375274187166171
0.65,0.0969431249784596
0.65,0.0572241188771541
0.65,0.0307644686261899
0.65,0.0329075499818356
0.65,0.0311252572934717
0.65,0.0495602912163126
0.65,0.0242796723094506
0.65,0.0676075904571188
0.65,0.0687356389658633
0.65,0.0450962502391153
0.65,0.0752444009388184
0.65,0.0513225622553406
0.65,0.0484203605520149
0.65,0.0526552472764765
0.65,0.0898347520768886
0.65,0.0762975046337212
0.65,0.0443879247686295
0.65,0.0783083071557243
0.65,0.0613878196937546
0.65,0.058420642370912
0.65,0.0520000479403897
0.65,0.0483682360692837
0.65,0.039739063698061
0.65,0.0746561163559025
0.65,0.0294986715346522
0.65,0.0420410366157318
0.65,0.0878900319842516
0.65,0.0501964742708607
0.65,0.0465872668573884
0.65,0.0606906867774657
0.65,0.0618023598162264
0.65,0.0514407001603226
0.65,0.0267234397178008
0.65,0.0556882457209475
0.65,0.0195205452531644
0.65,0.0857279087230836
0.65,0.00929796019040431
0.65,0.0343536582364294
0.65,0.0940520343636355
0.65,0.0628824113521994
0.65,0.0402109268130254
0.65,0.0164081390226247
0.65,0.0434349911102639
0.65,-0.00840234746290764
0.65,0.0522337899466926
0.65,0.0389491808121383
0.65,0.0459187658577275
0.65,0.0222639764121384
0.65,0.0416891339837682
0.65,0.0718685521764041
0.65,0.0568949322026316
0.65,0.0575065183664997
0.65,0.0742961615167769
0.65,0.0361092093157089
0.65,0.0821322206467979
0.65,0.0354056182185417
0.65,0.0952859048463421
0.65,0.0459440924895254
0.65,0.036043691249887
0.65,0.0556667583790112
0.65,0.05349221452581
0.65,0.0192806885996349
0.65,-0.0218344818075106
0.65,0.128917941002719
0.65,0.0750708602490574
0.65,0.0506299146147545
0.65,0.0702743168516583
0.65,0.082860058727053
0.65,0.0645624794430162
0.65,0.0243902672711127
0.65,0.0530494583820616
0.65,0.0455464735619431
0.65,0.0413056203034033
0.65,0.0552547316234411
0.65,0.0824770703026735
0.65,0.0350969729035781
0.65,0.0473506945965223
0.65,0.0872266273697164
0.65,0.0606432920677793
0.65,0.0379476545217586
0.65,0.0764356761790107
0.65,0.0230965066770232
0.65,0.0253667589789543
0.65,0.0797096328628197
0.65,0.0325076940711605
0.65,0.0582448622721169
0.65,0.0755207130569732
0.65,0.0618588471088365
0.65,0.0457961455943187
0.65,0.0403030803381892
0.65,0.0566594385505885
0.65,0.0762529216172039
0.65,0.0483938132648185
0.65,0.0373963608667181
0.65,-0.00351572481568541
0.65,0.0178805100612726
0.65,0.0611890075692135
0.65,0.0440230053335869
0.65,0.0599683569638253
0.65,0.0338275808174801
0.65,0.0682569341703068
0.65,0.0309217627306584
0.65,0.0188829094644448
0.65,0.0541367529355239
0.65,0.067134578277071
0.65,0.036621578791499
0.65,0.00732498970171275
0.65,0.0920674467576139
0.65,0.0596231539683561
0.65,0.0549240474557615
0.65,0.0399991812781267
0.65,0.0548811453019962
0.65,0.106147002921165
0.65,0.0656078735181554
0.65,0.0746035248053106
0.65,0.0231365393035439
0.65,0.0600463481894719
0.65,0.0166770797965556
0.65,0.0619281960967517
0.65,0.0845385988588014
0.65,0.0419317494122141
0.65,0.0584325898295569
0.65,0.0785708975372625
0.65,-0.00135065544932821
0.65,-0.0126268606762544
0.65,0.0603954392298181
0.65,0.103313380452245
0.65,0.0243766629998104
0.65,0.0667302026209045
0.65,0.0183394453802186
0.65,0.0709272586940679
0.65,0.0396990558888197
0.65,0.0762701512420496
0.65,0.0538827902314028
0.65,0.0758317017815953
0.65,0.0463481978893986
0.65,0.0761159149032091
0.65,0.048333270760198
0.65,0.00665444276945824
0.65,0.053819950785558
0.65,0.0508861344252947
0.65,0.0834926107272677
0.65,0.0343782853873012
0.65,0.0323853328845333
0.65,0.0649395346995651
0.65,0.0481221137343618
0.65,0.0606471468156582
0.65,0.0693477148585686
0.65,0.0369193492870955
0.65,0.0455765665741199
0.65,0.0815939447749179
0.65,0.069041294435372
0.65,0.0615092073517875
0.65,0.0517695068254514
0.65,0.0619354113861374
0.65,0.0365063860253697
0.65,0.0561512349801954
0.65,0.0712574162258921
0.65,0.0338128001319847
0.65,0.046079472526254
0.65,0.0618655438763501
0.65,0.0900440863915418
0.65,0.0270681014015636
0.65,0.0291034515842445
0.65,0.0781866816791112
0.65,0.0744513786346467
0.65,0.0566049146030782
0.65,0.0461550730353903
0.65,0.0267383089710506
0.65,0.0154556725462103
0.65,0.100160198078529
0.65,0.0672876825746874
0.65,0.031002176594773
0.65,0.0236423637267722
0.65,0.0731693546448378
0.65,0.0998385743734556
0.65,0.06940782265736
0.65,0.0366717554630319
0.65,0.0484604701593019
0.65,-0.0111197167079089
0.65,0.0638509427929316
0.65,0.0654025660882551
0.65,0.0122130248569393
0.65,-0.015587566915082
0.65,0.0540122639140833
0.65,0.0415563542917073
0.65,0.082928029195016
0.65,0.061941619488091
0.65,0.0162979648489749
0.65,0.045070110579486
0.65,0.00681326591825149
0.65,0.0464230440388616
0.65,0.0470765087134747
0.65,0.051745713129935
0.65,0.0692957196707861
0.65,0.0559874558619866
0.65,0.0522368511277072
0.65,0.0293713857795128
0.65,0.0529497517500994
0.65,0.0418954265402
0.65,0.0684320930242932
0.65,0.0250829834523627
0.65,0.0334596526511381
0.65,0.0250100260400181
0.65,0.0449133029925999
0.65,0.0612552730355035
0.65,0.0333054312754273
0.65,0.0482685330957582
0.65,0.0563529375817536
0.65,0.0643076067906954
0.65,0.04935035751157
0.65,0.0496940818558155
0.65,0.0827047977778274
0.65,0.046828753447109
0.65,0.0279709456288254
0.65,0.0521193097994289
0.65,0.0804436237464854
0.65,0.06885152078523
0.65,0.0563616068929832
0.65,0.0355077372333007
0.65,0.00108411804132696
0.65,0.0683968313623631
0.65,0.0356420516985874
0.65,0.0681413583336169
0.65,0.0426670659245938
0.65,0.0611511522623739
0.65,0.059070037014158
0.65,0.0455522447106271
0.65,0.0577695609729321
0.65,0.065802060099234
0.65,0.0239837431776566
0.65,0.019413511068453
0.65,0.0319216722306038
0.65,0.0629622761479843
0.65,0.0212772277033247
0.65,0.049497914944305
0.65,0.0431178009983593
0.65,0.0464356649925269
0.65,0.0556130370923075
0.65,0.0701853773513132
0.65,0.0493035226342413
0.65,0.110285009717999
0.65,0.0205504088244249
0.65,0.0489670731724261
0.65,0.0701970647026245
0.65,0.053274851730514
0.65,0.0188105309826191
0.65,0.104074199687018
0.65,0.036786694572279
0.65,0.078982747932393
0.65,0.0502352625849222
0.65,0.0382317546138617
0.65,0.0442117575778225
0.65,0.0282030802231366
0.65,0.0560470507941351
0.65,0.0436512021721386
0.65,0.0920887090924415
0.65,0.0456723592528374
0.65,0.04085289736354
0.65,0.0876181447329207
0.65,0.0119187361018304
0.65,0.0181802685397514
0.65,0.0177271570498021
0.65,0.0265461793826
0.65,0.00846391585238867
0.65,0.0385175217785056
0.65,0.0164917033621977
0.65,0.085851114333941
0.65,0.084186778761554
0.65,0.0616892461977514
0.65,0.053801854935656
0.65,0.0235793613348765
0.65,0.0349421286215749
0.65,-0.0417521927598528
0.65,0.0566802207851335
0.65,0.0482976710744273
0.65,0.0124812587090727
0.65,0.0726261211232398
0.65,0.015538991927688
0.65,0.0398930225263477
0.65,0.030539461418453
0.65,0.0292300422431916
0.65,0.077128776216044
0.65,0.0207428706073261
0.65,0.0563621094471137
0.65,0.0532206927017575
0.65,0.0609018109327232
0.65,0.03545216306637
0.65,0.0259316762879835
0.65,0.04232366044496
0.65,0.0493327777083991
0.65,0.0383940081056378
0.65,-0.00798414033770284
0.65,0.0372631417900985
0.65,0.057739531413607
0.65,0.0526506503863392
0.65,0.026698483004056
0.65,0.0690366622892072
0.65,0.0381752404059382
0.65,0.0662477952360484
0.65,0.0387508751202528
0.65,0.0925675988100349
0.65,0.057530621051301
0.65,0.0805660030206067
0.65,0.0328059787764244
0.65,0.0531627798282258
0.65,0.0665020041653623
0.65,0.0574350761373381
0.65,0.0881751279304157
0.65,0.0596143206092278
0.65,0.0289999166185141
0.65,0.0539514204638101
0.65,0.00269995765209028
0.65,0.112062146150168
0.65,0.0601020448525704
0.65,0.0607837125727862
0.65,0.0457148669596611
0.65,0.0217558664859456
0.65,0.0289126044693098
0.65,0.0230006664313567
0.65,0.0338747930854138
0.65,0.015038481725356
0.65,0.0542330301164902
0.65,0.0604132531710616
0.65,0.0518011951909469
0.65,0.0353099769515379
0.65,0.0791748091232708
0.65,0.0518414363109299
0.65,0.0287808522708353
0.65,0.0498082659018611
0.65,0.0427530218446756
0.65,0.0307288754381028
0.65,0.0340335964758431
0.65,0.0534815760616932
0.65,0.0689766215451883
0.65,0.0868515209256788
0.65,0.0361972804103846
0.65,0.02791095288168
0.65,0.0506282825569551
0.65,0.0423384477676475
0.65,0.0608661584850604
0.65,0.028160433160952
0.65,0.0406176660087318
0.65,0.0332779945797132
0.65,0.0382526851759544
0.65,0.0602820277931088
0.65,0.0208637906172756
0.65,0.0203898751627574
0.65,0.0560774523773367
0.65,0.0239637256309856
0.65,0.0673807091032553
0.65,0.029911056458962
0.65,0.00227917428080646
0.65,0.0472821714735342
0.65,0.0385917976025674
0.65,0.0570107455213118
0.65,0.0609762203690165
0.65,0.0696709612119183
0.65,0.0100101155433315
0.65,0.0433206797515682
0.7,0.0307874645334126
0.7,0.00526611324017512
0.7,0.0411723568115184
0.7,0.0745206656604728
0.7,0.0793936312011142
0.7,0.040392686941665
0.7,0.0888784491379581
0.7,0.0836137157460937
0.7,0.0500639772747664
0.7,0.0361013379251302
0.7,0.0140620507957187
0.7,0.0107405836307154
0.7,0.0857657304736283
0.7,0.0637975488031813
0.7,0.0544116687518007
0.7,0.077029444390942
0.7,0.0622562990801495
0.7,0.0787929029745507
0.7,-0.00406467371494419
0.7,0.0345000092004874
0.7,0.076667947436872
0.7,0.0626950983592869
0.7,0.00927869878974279
0.7,0.0523325114515601
0.7,0.0461632778174538
0.7,-0.0125692075397323
0.7,0.0266129552535387
0.7,0.0541360734278295
0.7,0.0448362997968982
0.7,0.0356065936376234
0.7,0.0494707534284082
0.7,0.0183369777103013
0.7,0.0809039039607869
0.7,0.0326242223745351
0.7,0.0322452647676103
0.7,0.0446107341262439
0.7,0.0660635150397155
0.7,0.0323900684178632
0.7,0.0503003254576815
0.7,0.0247105201828798
0.7,0.00861574379427416
0.7,0.0543014000777739
0.7,0.0418711621183151
0.7,0.0871543144322352
0.7,0.0149160059643279
0.7,0.0463923453488486
0.7,0.0603889395386705
0.7,0.10851639818821
0.7,0.0482871779330347
0.7,0.0670747748108692
0.7,0.0282601943670532
0.7,0.0467162147232087
0.7,0.0371659305410616
0.7,0.0765422715089933
0.7,0.0521214450391546
0.7,0.0323194879747003
0.7,0.0877822229152354
0.7,0.0267286298427449
0.7,0.0373588942486508
0.7,0.0420796534282941
0.7,0.0649713576641065
0.7,0.06817556795199
0.7,0.0927723350436848
0.7,0.0452402776804448
0.7,0.0564170432949137
0.7,0.0238198326222702
0.7,0.0342063304916672
0.7,0.0323297020265908
0.7,0.0497320263189727
0.7,0.0497776142232101
0.7,0.077653554113072
0.7,0.00621916580250275
0.7,0.041257748779986
0.7,0.0694529925206035
0.7,0.0797302912319772
0.7,0.00419802173360318
0.7,0.0506117168893325
0.7,0.0744058472131544
0.7,0.0429497730321682
0.7,0.0423733585591659
0.7,0.0567128900266189
0.7,0.0564900328942514
0.7,0.0816721579059255
0.7,0.0598097891388761
0.7,0.0679061100520927
0.7,0.0454767355879697
0.7,0.0602489496083954
0.7,0.0683254248355555
0.7,0.0663838308867957
0.7,0.0896260841938281
0.7,0.0431154218920608
0.7,0.0795535114889929
0.7,0.0195408320313674
0.7,0.000710817798040693
0.7,0.0546680930007235
0.7,0.0542449980088258
0.7,0.0797526200927322
0.7,0.105644277505224
0.7,0.0370220760633438
0.7,0.0693780825415885
0.7,0.105282029304766
0.7,0.0151133852630543
0.7,0.0701697002369799
0.7,0.0504374109031573
0.7,0.0332590511951703
0.7,0.0854599993199724
0.7,0.0615583392793837
0.7,0.0686365768905825
0.7,0.0124073154643078
0.7,0.0530287068323803
0.7,0.0789180536430214
0.7,0.0478979996222486
0.7,0.0842352151446981
0.7,0.0303412349891573
0.7,0.0626856391093259
0.7,0.0788812441413475
0.7,0.0668802884123297
0.7,0.0772927836352916
0.7,0.0263360379202036
0.7,0.0661606290361189
0.7,0.0416164775687144
0.7,0.086229035449073
0.7,0.0398002710515821
0.7,0.0668362308232132
0.7,0.00345304752761261
0.7,0.0238575773615211
0.7,0.0756645565995107
0.7,0.0506509235036626
0.7,0.0395487112198656
0.7,0.0576549029720314
0.7,0.0346331629080161
0.7,0.01869759706812
0.7,0.0364208886708763
0.7,0.0288206205849008
0.7,0.034421681455895
0.7,0.0522715651818594
0.7,0.0401314383616102
0.7,0.0757723152240234
0.7,0.0454059232763377
0.7,0.0994820514550349
0.7,0.0269493546686722
0.7,0.0543308131485086
0.7,0.0691879030873855
0.7,0.0394710339803759
0.7,0.0686958060413232
0.7,0.0330240298304629
0.7,0.0605511779698551
0.7,0.0254834026145133
0.7,0.043788409673935
0.7,0.0592597570752825
0.7,0.0746770585195217
0.7,0.0689650938495382
0.7,0.0564908827882822
0.7,-0.015242349076115
0.7,0.0286187252988907
0.7,0.050006234736205
0.7,0.0627808917205668
0.7,0.0361999693055325
0.7,0.0580468058815888
0.7,0.0781497271911514
0.7,0.0425549726178069
0.7,0.0235666812083182
0.7,0.103655588778344
0.7,0.00810597903076964
0.7,0.0573250641287207
0.7,0.0463770560210271
0.7,0.0520391623108848
0.7,0.0638047534689422
0.7,0.0452524914411683
0.7,0.0495629604714314
0.7,0.0182955627577984
0.7,0.0691282509211565
0.7,0.0208467553542748
0.7,0.0375844798587722
0.7,0.0343061911766679
0.7,0.0248345970199259
0.7,-0.0180603104549984
0.7,0.0331481541781546
0.7,0.0810226339730828
0.7,0.019374935895503
0.7,0.0595808428961955
0.7,0.0241729307166566
0.7,0.0483785703808509
0.7,0.0633559744799936
0.7,0.00788416066024849
0.7,0.0501265698366224
0.7,0.0150793183453583
0.7,0.0357728001990972
0.7,0.0694185153640641
0.7,0.0766596018637078
0.7,0.0707701280180677
0.7,0.0852380271982952
0.7,0.0499095311790232
0.7,0.0225343778998703
0.7,-0.00409033728688945
0.7,0.0551845658525363
0.7,0.0200253574834195
0.7,0.000901008374625922
0.7,0.105594339183757
0.7,0.0548659172748419
0.7,0.0583115437262837
0.7,0.0579763306609044
0.7,0.0236558252826838
0.7,0.106412677820956
0.7,0.0369501591263603
0.7,0.035997451386541
0.7,0.0345291004066533
0.7,0.0357436273701578
0.7,0.0727773652182776
0.7,0.045724373899037
0.7,0.047760473894095
0.7,0.0204029713083346
0.7,0.0227322444299787
0.7,0.0566650271281691
0.7,0.0295645784812837
0.7,0.00994074608980323
0.7,0.0435977206299637
0.7,0.00855774261198409
0.7,0.0339429830699132
0.7,0.018993824318201
0.7,0.0572394939773921
0.7,0.0479698039704449
0.7,0.0413169985275214
0.7,0.0606230619390823
0.7,0.0337336085010391
0.7,0.059982560233544
0.7,0.0508509283090598
0.7,0.0269824009594598
0.7,0.00863389142800035
0.7,0.0511934722999762
0.7,0.0343964897767858
0.7,0.0554769489129925
0.7,0.0605026080953114
0.7,0.0410037773330971
0.7,0.0763867678513546
0.7,0.0426275933173422
0.7,0.0569512505044147
0.7,0.0630655558818384
0.7,0.0252764375820721
0.7,0.0590562697707598
0.7,-0.0171406388367001
0.7,0.0631694241924448
0.7,0.0370519323949391
0.7,0.00542746403888577
0.7,0.043596727858012
0.7,0.0663028833040556
0.7,0.0389394117931816
0.7,0.0580218227751139
0.7,0.0431644902977326
0.7,0.0212818792703371
0.7,0.0411580106023949
0.7,0.0646345574018786
0.7,0.116907761249526
0.7,0.00814472737209946
0.7,0.0681070968129221
0.7,0.00902590053019709
0.7,0.0391153911306561
0.7,0.0448951923668962
0.7,0.00745174836145295
0.7,0.0575839081701497
0.7,0.0176696386480626
0.7,0.0346879278235399
0.7,0.0871561987630184
0.7,0.0994580999476297
0.7,0.0771895398569219
0.7,0.0531269736430225
0.7,0.0656704173051142
0.7,0.0459624289250024
0.7,0.0950049295039088
0.7,0.0842163429017543
0.7,0.0148062906883055
0.7,0.069828372066622
0.7,0.0301998972808143
0.7,0.0468207733903954
0.7,0.0544227875964523
0.7,0.0630676064786277
0.7,0.0238214362978602
0.7,0.0354970992699446
0.7,0.0845766290454232
0.7,0.0783281541465351
0.7,0.0191108570257409
0.7,0.0509050664285989
0.7,0.0597393550882845
0.7,0.0438908211023648
0.7,0.0617973106916156
0.7,0.0177403985070691
0.7,0.049767439675456
0.7,0.0732927945193168
0.7,0.0755003037056682
0.7,0.0494285993130391
0.7,0.00740696868458086
0.7,0.0493172188786085
0.7,0.051533370285353
0.7,0.0436706110798936
0.7,0.082451910660849
0.7,0.0295761898564087
0.7,0.0557572435576547
0.7,0.0246477262224817
0.7,0.0665414025346497
0.7,0.0692251185721193
0.7,0.0386805986574635
0.7,0.0691608658449751
0.7,0.0465804691601928
0.7,0.0519623099069474
0.7,0.0626841767199817
0.7,0.0157897148512883
0.7,0.106379692631336
0.7,0.0397212292761919
0.7,0.0352243767086357
0.7,0.0444401334204771
0.7,0.0310079223906267
0.7,0.0384425288272736
0.7,0.0550102118163708
0.7,0.0217720135578254
0.7,0.0265370047882835
0.7,0.0580277353545626
0.7,0.0462902932133485
0.7,0.0716662180559755
0.7,0.0504259575495485
0.7,0.0471976596973198
0.7,0.0622330285521214
0.7,0.0270438700931371
0.7,-0.0210775699268844
0.7,0.0962864283805362
0.7,0.0352702667138524
0.7,0.0371660380854652
0.7,-0.0115744499893864
0.7,0.0653896639297406
0.7,0.0167674892544366
0.7,0.0488146964609033
0.7,0.0248144719287098
0.7,0.0940366444690498
0.7,0.0461920241597946
0.7,0.0332118049144728
0.7,0.0725659011770608
0.7,0.0771778271062716
0.7,0.0696257341180759
0.7,-0.0206069089644334
0.7,0.0166679718790912
0.7,0.0150856627826028
0.7,0.0630167801129501
0.7,0.0665219411352364
0.7,0.0474821897450295
0.7,0.0481682861469069
0.7,0.0624903820065309
0.7,0.0142677953778926
0.7,0.0680695268543816
0.7,0.125016321148182
0.7,0.0304218185325589
0.7,0.0581288177842239
0.7,0.0453171143136213
0.7,0.0345901731937574
0.7,0.0470817385220425
0.7,0.050667863501142
0.7,0.0477308749315084
0.7,0.0763159177072714
0.7,0.0468951382045949
0.7,0.0503521544332325
0.7,0.00718501926789555
0.7,0.0612139283156177
0.7,0.0155621778942056
0.7,0.0124390729047679
0.7,0.00169871860336133
0.7,0.0392423867681959
0.7,0.0673798517043134
0.7,0.0179006785519295
0.7,0.00681403833723293
0.7,0.0185587501661615
0.7,0.0599930501396017
0.7,0.0945244667620212
0.7,0.0519996185850599
0.7,0.0182991183707856
0.7,0.0373741234487616
0.7,0.0990487351340104
0.7,0.0766640907955729
0.7,0.0234424450141005
0.7,0.0269012908680018
0.7,0.0639950926557517
0.7,0.0504912503142348
0.7,0.0436151874107113
0.7,0.0601842263807202
0.7,0.025549297218877
0.7,0.0676231801294979
0.7,0.057909634881806
0.7,-0.00340108044643451
0.7,0.0319672207839908
0.7,0.0673316166154888
0.7,0.0865087321222881
0.7,-0.000678773531218663
0.7,0.0347658026334599
0.7,0.0424791796209874
0.7,0.0609684715991887
0.7,0.045638131499018
0.7,0.0627704416598389
0.7,0.0651514682951901
0.7,0.0528168628891054
0.7,0.0805171513582647
0.7,0.0518096555914905
0.7,0.0223909531556494
0.7,0.0268145830574048
0.7,0.0570366536724537
0.7,0.0850509654106096
0.7,0.036973985604345
0.7,0.0358326432051453
0.7,0.00807653624578815
0.7,0.0212452019894305
0.7,0.0307343852618219
0.7,0.0188429667947345
0.7,0.0297155688044318
0.7,0.0250165134310977
0.7,0.0434836117300168
0.7,0.0461913145889033
0.7,0.0797591686732027
0.7,0.0447385642321294
0.7,0.017403227109394
0.7,0.0985812862035677
0.7,0.0328623763438604
0.7,0.0407837256426884
0.7,0.0355545561192756
0.7,0.0587387621833086
0.7,0.0702610480110998
0.7,0.00874182074830164
0.7,0.0789901733890934
0.7,0.0670344548756847
0.7,-0.00255410996329296
0.7,0.0641590881425479
0.7,0.045645445427347
0.7,0.0319571470554096
0.7,0.0331851263096735
0.7,0.00522770941962879
0.7,0.108475189663609
0.7,0.0940671548286119
0.7,0.0639430794605881
0.7,0.0275998690163288
0.7,0.0549980670541143
0.7,0.0466123168152683
0.7,0.000530249990782918
0.7,0.0378681543542702
0.7,0.0180633878260591
0.7,0.0359729230382562
0.7,0.0569151210719523
0.7,0.0604615544461478
0.7,0.0532261954691904
0.7,0.017246129490054
0.7,0.0395850560164104
0.7,0.0548578835822995
0.7,0.0541585015285652
0.7,0.0942283221624111
0.7,0.0235253732090355
0.7,0.00341380273078164
0.7,-0.00287667872186716
0.7,0.068276694761169
0.7,0.03168547157156
0.7,0.0299922159899162
0.7,0.0706028721172589
0.7,0.0534903691291242
0.7,0.0635414954115908
0.7,0.0674740356397694
0.7,0.0514290139894156
0.7,0.0624155012395593
0.7,0.036871370045401
0.7,0.0180711573156309
0.7,0.0608723901512363
0.7,0.0718056104559865
0.7,0.0277061478497095
0.7,0.0795127905676995
0.7,0.0274973299670414
0.7,0.0484146357592421
0.7,0.0423469087275308
0.7,-0.020193985750672
0.7,0.068529469617723
0.7,0.040640975738632
0.7,0.0269852990341371
0.7,0.0546915362862431
0.7,0.0289464191065785
0.7,0.0155261604053588
0.7,0.0797469301251492
0.7,0.0427656783527738
0.7,0.0236674600365974
0.7,0.103257472261589
0.7,0.0435015398465195
0.7,0.0792206141374805
0.7,0.0408369232380348
0.7,0.045690222334301
0.7,0.0827273211553427
0.7,0.0661622823309735
0.7,0.03214377433985
0.7,0.055337418046157
0.7,0.0756965539065936
0.7,0.0506257233120329
0.7,0.0555556611297346
0.7,0.0685612423783003
0.7,0.0748759554228643
0.7,0.0557951723437994
0.7,0.0814127908296938
0.7,0.0397452611140026
0.7,0.114509698290236
0.7,0.0475269516872473
0.7,0.067657006355067
0.7,0.0565856108934397
0.7,0.089041844754722
0.7,0.0501086403201331
0.7,0.0326931026082818
0.7,0.0869179341631109
0.7,0.0228697662272575
0.7,0.0437876829367845
0.7,0.0275624835409588
0.7,0.0495217653138611
0.7,0.0732571232919769
0.7,0.0640267847440596
0.7,0.0717181739892064
0.7,0.0496398138710839
0.7,0.0425795192394588
0.7,0.0269058324867835
0.7,0.0728172951445701
0.7,0.0499730538465743
0.7,0.031785697518192
0.7,0.0642440179034243
0.7,0.049496162156941
0.7,-0.0212654646805718
0.7,0.0252723115848984
0.7,0.0681935527880028
0.7,0.0741053619591782
0.7,0.0334722826178768
0.7,0.065426703082214
0.7,0.0187236501775757
0.7,0.0238717814141605
0.7,-0.00466612340621005
0.7,0.0508967003371819
0.7,0.0412599870320775
0.7,0.0840294088995916
0.7,-0.00426054307168254
0.7,0.0592761414599489
0.7,0.0212909171101862
0.7,0.09353948772062
0.7,0.0554947074675165
0.7,0.085675318934968
0.7,0.0448705870859635
0.7,0.0713907798448917
0.7,0.0294154066870871
0.7,0.0642635810377697
0.7,0.028608592104793
0.7,0.0313038623016814
0.7,0.00770685053016204
0.7,0.0139801216789304
0.7,0.0269791234431517
0.7,-0.0269634693908344
0.7,0.0738427810816975
0.7,0.0526256121974418
0.7,0.0938607321350997
0.7,0.0283509512489806
0.7,0.0565629264591254
0.7,0.0329615631320953
0.7,0.0624979288276553
0.7,0.100942416530207
0.7,0.0335730625284543
0.7,0.0557367618234432
0.7,0.0488390582223512
0.7,0.0846735462572721
0.7,-0.0034382593134807
0.7,0.0133047742193566
0.7,0.0250500744451187
0.7,0.0727155228748255
0.7,0.0695614056676691
0.7,0.0130684318935828
0.7,0.0598397335696972
0.7,0.0481848714324873
0.7,0.0799430368763701
0.7,0.0500025407326913
0.7,0.00833652747175099
0.7,0.0557598780213354
0.7,0.0153538392646316
0.7,-0.0244231481325734
0.7,0.0586704464272979
0.7,0.0497594989777308
0.7,0.0626420014021403
0.7,0.0368855786534614
0.7,0.0343383264874332
0.7,0.0162326764051294
0.7,0.0219103134760245
0.7,0.0146327365767347
0.7,0.0381519111637399
0.7,0.0362289488864258
0.7,0.0176952133202122
0.7,0.027309312836874
0.7,0.0381793844359075
0.7,0.012963007851727
0.7,0.0454424090638904
0.7,0.0387972607940586
0.7,0.0403264115650385
0.7,0.0344105792690253
0.7,0.067561758724351
0.7,0.0387056887568634
0.7,0.0244442678410274
0.7,0.0128694266783203
0.7,0.0736761777128044
0.7,0.0603222392593338
0.7,0.0465271027084939
0.7,0.0371688898332092
0.7,0.0185697788669749
0.7,0.0297565691221288
0.7,0.0688061007072956
0.7,0.0224438394026576
0.7,0.0475462159179704
0.7,0.0722949849901703
0.7,0.0453745357511585
0.7,0.0427038548929585
0.7,0.0118719021963832
0.7,0.0395470932865723
0.7,0.0186648365331502
0.7,0.0791579440518252
0.7,0.0345767307064857
0.7,0.0685230325644461
0.7,0.0401169161274107
0.7,0.0236079996094782
0.7,0.0619333964409965
0.7,0.0124362757231154
0.7,0.0753420440652878
0.7,0.0723888458152663
0.7,0.0233844944006721
0.7,0.0288249169445655
0.7,0.0488616127899263
0.7,0.0164326513405285
0.7,0.0365800774906328
0.7,-0.00365584218917208
0.7,0.0305001057057377
0.7,0.0714092947588462
0.7,-0.000760536313598614
0.7,0.0298055324310556
0.7,0.0661714858880532
0.7,0.044746067849736
0.7,0.0681549523972652
0.7,0.0944433479190398
0.7,0.0856848793657742
0.7,0.0325546859884991
0.7,0.0684168117310055
0.7,-0.00256690898193975
0.7,8.87896506763704e-05
0.7,0.0283359027172089
0.7,0.0117738519570139
0.7,0.039273652896077
0.7,0.0356012850801223
0.7,0.0474964356673939
0.7,0.0954552531691057
0.7,0.0456095098951248
0.7,0.0404915279642402
0.7,-0.00883086942352692
0.7,0.0616731253853826
0.7,0.0297399434308999
0.7,0.023517988745118
0.7,0.0661991358620525
0.7,0.0693674364529129
0.7,0.0639347879304118
0.7,0.0396150112434458
0.7,0.0710500697746552
0.7,0.0447708124966969
0.7,0.0462425918191873
0.7,0.0588763192347752
0.7,0.0174836691148474
0.7,0.0439733321592831
0.7,0.0708133360226951
0.7,0.0377684109338497
0.7,0.00268013008901332
0.7,0.0444202930935875
0.7,0.0161519523601308
0.7,0.0458986691931027
0.7,0.0248444404433921
0.7,0.0775134610886338
0.7,0.0555690680646075
0.7,0.0605016590554945
0.7,0.0187214205462739
0.7,0.0244667906077957
0.7,0.0649771271702729
0.7,0.0437936769516702
0.7,0.0361371650749768
0.7,0.0913436102330635
0.7,0.0837375780114142
0.7,0.0521930826937455
0.7,0.0458716720459811
0.7,0.0725803978824483
0.7,0.0154963676225687
0.7,0.0281970391573595
0.7,0.0440515061582944
0.7,0.0234626710788515
0.7,0.0527977119804717
0.7,0.0226238435275074
0.7,0.0925807255168479
0.7,0.0734471784694441
0.7,0.0367119133183812
0.7,0.0744936298303328
0.7,0.0355769860799025
0.7,0.0691807829205976
0.7,0.0358024258484521
0.7,0.0706242043995008
0.7,0.0371959492092941
0.7,0.0850631890237987
0.7,0.0802088987225724
0.7,0.0724635372016271
0.7,0.0659807367492235
0.7,0.036004318088222
0.7,0.067659815838706
0.7,0.0335440229692794
0.7,0.0187959814851045
0.7,0.0421346670794335
0.7,0.0462559797302246
0.7,0.0645773835694544
0.7,0.00176962282284436
0.7,0.0755315778463663
0.7,0.0543983540509149
0.7,0.0427437583467615
0.7,0.00167870634515264
0.7,0.040835625546134
0.7,0.0599281768108585
0.7,0.0760091074380815
0.7,0.0465781968397168
0.7,0.0601330481237399
0.7,0.0160667211949832
0.7,0.0140001050463661
0.7,0.0608869224841942
0.7,0.0442993084226781
0.7,0.0860920844617356
0.7,0.0823188247736085
0.7,0.0771691866437443
0.7,0.0622014136125588
0.7,0.0746342091720068
0.7,0.0916325380535473
0.7,0.0745454946683736
0.7,0.0401779228185585
0.7,0.0453727612926013
0.7,0.033409345766893
0.7,0.0318363669478698
0.7,0.0149779995792185
0.7,0.0777815482835277
0.7,0.0783573954958605
0.7,0.0474222903514166
0.7,0.0413209162554707
0.7,0.0792529580144117
0.7,0.0232858048321063
0.7,0.0420407629684389
0.7,0.0525283255482514
0.7,0.0540116916044821
0.7,0.0101266614194539
0.7,0.0804279835736325
0.7,0.0497784883491923
0.7,0.0447036636213011
0.7,0.0626323094206804
0.7,0.031547148991474
0.7,0.0348025434743381
0.7,0.0421334975343548
0.7,0.0294902969540461
0.7,0.105975965041715
0.7,0.0432951406440339
0.7,0.0903045524592711
0.7,0.0270981715216654
0.7,0.0569533423471531
0.7,0.0727908387500829
0.7,0.0380865179296261
0.7,0.0771543982709504
0.7,0.0574960473762964
0.7,0.0381235101031643
0.7,0.000851604645532169
0.7,0.0185200494913073
0.7,0.0485946009923377
0.7,0.0919996217034032
0.7,0.0279895210466513
0.7,0.0286527348422141
0.7,0.00875870579685104
0.7,0.0682749832889459
0.7,0.0800850443597361
0.7,0.0251039701433943
0.7,0.0521479735610688
0.7,0.0866100035797954
0.7,0.0732284840919532
0.7,0.0579777250336365
0.7,0.0561140495402994
0.7,0.0309768482868471
0.7,0.00787696572087872
0.7,0.0323046736567593
0.7,0.0180898895074736
0.7,0.0191178598467861
0.7,0.0568751475642442
0.7,0.040161777628904
0.7,0.049298391630186
0.7,0.0336874272173433
0.7,0.0268040991592402
0.7,0.0493678979947634
0.7,0.0323479532509977
0.7,0.0600564522332086
0.7,0.027082240672969
0.7,0.0626659358978087
0.7,0.0830782029307625
0.7,0.053154866124712
0.7,0.0186803675822313
0.7,0.0346861753622728
0.7,0.0901595409000759
0.7,0.0495081051443241
0.7,-0.00158819359131844
0.7,0.0407400546953736
0.7,0.0403907824133464
0.7,0.0981389044551257
0.7,0.0774080286811757
0.7,0.0896539047663176
0.7,0.0635603103311895
0.7,0.0615829283931525
0.7,0.0219904142293184
0.7,0.0365195689605292
0.7,0.0396364869228547
0.7,0.0644722089170288
0.7,0.0239531502883918
0.7,0.0572317991624553
0.7,0.0471423792054567
0.7,0.0942220923178535
0.7,0.0871251979955475
0.7,0.0859159694453351
0.7,0.0465314060110669
0.7,0.0338980421062094
0.7,0.0507063260680865
0.7,0.0151638838720164
0.7,0.0390434490498219
0.7,0.0288237933694255
0.7,0.0332885898453517
0.7,0.0404549262947651
0.7,0.0559512177941784
0.7,-0.00920336118422251
0.7,0.086858803983952
0.7,0.0494968301322758
0.7,0.0637790921215198
0.7,0.0406017189866939
0.7,0.0292815745044734
0.7,0.0123406997618772
0.7,0.0104921669409638
0.7,0.0650466826351417
0.7,0.0698332827139974
0.7,0.0548023145922791
0.7,0.0254143315861786
0.7,0.0684572162185986
0.7,0.0152804220800246
0.7,0.0508149321800835
0.7,0.017514290027731
0.7,-0.00128218505311977
0.7,0.0741022693881574
0.7,0.0592634977126898
0.7,0.0450303932884488
0.7,0.0452215633883099
0.7,0.0395900802381462
0.7,0.0637243463425416
0.7,0.0573313212132078
0.7,0.0397951199892074
0.7,-0.00637711521348869
0.7,0.042616556511491
0.7,0.0453259630805353
0.7,0.0174778183612035
0.7,0.0619507044369513
0.7,0.0740504282563654
0.7,0.059045188061083
0.7,0.0671602281426122
0.7,0.0663932490540748
0.7,0.0528855653615575
0.7,0.0249950873036399
0.7,0.0964128635414251
0.7,0.0336299763167421
0.7,0.0367840769004392
0.7,0.0900255553431992
0.7,0.0198768437913871
0.7,0.0558224009617111
0.7,-0.0191934391929867
0.7,0.0208834600589508
0.7,0.0386735728949163
0.7,0.0134099418805167
0.7,0.0584541667787837
0.7,0.0598348160457749
0.7,0.0526334702050078
0.7,0.0145647099780963
0.7,0.080255995975455
0.7,0.0570591363538835
0.7,0.0801604665234959
0.7,0.0844805439660685
0.7,0.0370087445610559
0.7,0.0372564204407299
0.7,0.0104268588542437
0.7,0.0163513216658831
0.7,0.0941558752412835
0.7,0.0480601979821658
0.7,0.0740591047112579
0.7,0.050829885545714
0.7,0.032633449051292
0.7,0.0629281490437513
0.7,0.0394313445537239
0.7,0.0504125374130017
0.7,0.0546211487847517
0.7,0.0435671681647363
0.7,0.0616135683343306
0.7,0.0499960838198553
0.7,0.0226054262148655
0.7,0.0873731907209895
0.7,0.0400121294728267
0.7,0.0190888211631218
0.7,0.0180609779647258
0.7,0.0619819718668195
0.7,0.0366256581113803
0.7,0.0570679981278137
0.7,0.0126649700060781
0.7,0.0794908786350264
0.7,0.0626164320049937
0.7,0.0558285694460791
0.7,0.0445289148209401
0.7,0.0510710320584095
0.7,0.0335077922239757
0.7,0.0593093493901932
0.7,0.0177704285320811
0.7,0.0148698799701613
0.7,0.0485876916401724
0.7,0.0649313945610664
0.7,0.0595498708429961
0.7,0.0875687651301748
0.7,-0.00229381981585118
0.7,0.0889058430932209
0.7,0.0384181000779036
0.7,0.0452813931692314
0.7,0.0308042857970613
0.7,0.0527777489309412
0.7,0.0641766261740483
0.7,0.044673280472449
0.7,0.0383504823679353
0.7,0.0441030648050542
0.7,0.0588116822759852
0.7,0.0363183199048754
0.7,0.0996754468686156
0.7,0.0509165602683094
0.7,0.045526695402128
0.7,0.0546822150964165
0.7,-0.0300211173887283
0.7,0.0677736366502662
0.7,0.0742957048140625
0.7,0.0406714745240685
0.7,0.0483674331391137
0.7,0.0372694145321587
0.7,0.0664486204929355
0.7,0.0810548761078182
0.7,0.0382424199501507
0.7,0.0639615214905093
0.7,0.0405711874002714
0.7,0.0183815014554215
0.7,0.0412379619966703
0.7,0.0629737234424775
0.7,-0.00297406373636778
0.7,0.059874977711148
0.7,0.0697047035151488
0.7,0.0466539348421318
0.7,0.0276197220651836
0.7,0.0281752100765907
0.7,0.0471795022868785
0.7,0.0739734707466915
0.7,0.0486655944669515
0.7,0.051537680983012
0.7,0.0257239709287834
0.7,0.0400827157448547
0.7,0.0518623590934809
0.7,0.0490671837073506
0.7,0.0624041261059532
0.7,0.0376442245985404
0.7,0.0516602201702438
0.7,0.0320383921993814
0.7,0.0664586901407966
0.7,0.0216144669237069
0.7,0.0228165080395297
0.7,0.0651997109785884
0.7,0.0523013099261708
0.7,-0.000123060185734581
0.7,0.0598335243461732
0.7,0.0666009929346212
0.7,-0.00646455390547293
0.7,0.0394674949442887
0.7,0.0477109368739178
0.7,0.0920815951654043
0.7,0.042957984056032
0.7,0.0572039144554402
0.7,0.0643391227637196
0.7,0.060427021541062
0.7,0.0196140304241544
0.7,0.0172431662509456
0.7,0.041830485432929
0.7,0.0593830382102501
0.7,0.046235284772015
0.7,0.0233612555405947
0.7,0.0141227916778888
0.7,0.0512490289332058
0.7,0.0450843960907992
0.7,0.0680155677367972
0.7,0.0664836253599581
0.7,0.0399012624789721
0.7,-0.00150060970110888
0.7,0.075979478888571
0.7,0.0166706729901547
0.7,0.0694072818843271
0.7,0.0679116460698312
0.7,0.0639643347974926
0.7,0.0185902939757297
0.7,0.0330339160143312
0.7,0.0491359340843527
0.7,0.103777920357185
0.7,0.0306063302672626
0.7,0.095622521388057
0.7,0.0590110839037142
0.7,0.100838951890515
0.7,0.0448446054263527
0.7,0.0558880518033715
0.7,0.026071741062212
0.7,0.0605464840800201
0.7,0.0602314881624122
0.7,0.0537155739028992
0.7,0.0329742976868493
0.7,0.022853597674792
0.7,0.0175513116000791
0.7,0.0552437767978427
0.7,0.0864442225020232
0.7,0.0797535424241296
0.7,0.0373327456180689
0.7,0.063190495274487
0.7,0.0506398333798759
0.7,0.0482479318175411
0.7,0.0350491811656846
0.7,0.0574314605244813
0.7,0.0524690776053862
0.7,0.0622496753799133
0.7,-0.0107873929020344
0.7,0.0484031703543791
0.7,0.014108562387584
0.7,0.0826838510420757
0.7,0.0715685914623084
0.7,0.0792160285971156
0.7,0.0315437770151127
0.7,0.0506969512878963
0.7,0.0518722361177617
0.7,0.000774257248965731
0.7,0.0350191344554531
0.7,0.0763572739330591
0.7,0.0493041770432503
0.7,0.0909513172229606
0.7,0.0956009326504954
0.7,0.0270157612890865
0.7,-0.0213929884976883
0.7,0.0542664505915726
0.7,0.0353923173118056
0.7,0.0457362738142382
0.7,0.0292573444224497
0.7,0.0667192702332244
0.7,0.0773403857595272
0.7,0.0289043342258486
0.7,0.0623030426184424
0.7,0.0300629892829912
0.7,0.04101331082478
0.7,0.0748582749625465
0.7,0.0812109414327682
0.7,0.0433813414951173
0.7,0.0664643769969566
0.7,0.0579031060161132
0.7,0.0469601784509522
0.7,0.0129013715275612
0.7,0.0373530080300184
0.7,0.0420319560067741
0.7,0.0706176631351139
0.7,0.0414064619590617
0.7,0.0191775001879457
0.7,0.047410986345313
0.7,0.0176822971339673
0.7,0.0380514252693853
0.7,0.082673518593618
0.7,0.0642786147049388
0.7,0.0817158812445314
0.7,-0.0157189000543276
0.7,0.0855436304137542
0.7,0.0239390105351571
0.7,0.0618783844774811
0.7,0.0531651525724852
0.7,0.0637059805816458
0.7,0.00944770486478341
0.7,0.0862946083738123
0.7,0.0523421263605932
0.7,0.072672751110338
0.7,0.0460177441091377
0.7,0.0473895313592079
0.7,0.0141482099653531
0.7,0.00588964906259133
0.7,0.0130192080770811
0.7,0.0787041692757536
0.7,0.0973348854400131
0.7,0.0543619448679925
0.7,0.0790342459303237
0.7,0.0139549281307684
0.7,0.110663533702504
0.7,0.0317298619489302
0.7,0.0155652985457818
0.7,0.070506165068656
0.7,0.0791711075846339
0.7,0.0631025543988193
0.7,0.0503556259020816
0.7,0.0700025848210196
0.7,0.038588925962702
0.7,0.0303271592419341
0.7,0.0255622701646407
0.7,0.0213804759316096
0.7,0.0158226603662922
0.7,0.0597841031182849
0.7,0.0711164809435604
0.7,0.0490524783841932
0.7,0.0236566906591072
0.7,0.0634433681357482
0.7,-0.012008938979962
0.7,0.0371357191905302
0.7,0.0597794420229986
0.7,0.0511897002224026
0.7,0.0795243071787445
0.7,0.0352152505614889
0.7,0.0702447185735203
0.7,0.0773901862653106
0.7,0.0731874500718609
0.7,0.0695653322623172
0.7,0.0422862928222428
0.7,0.0558052077330126
0.7,0.0580502468698013
0.7,0.0652752959951917
0.7,0.043523608755789
0.7,0.0234128436652088
0.7,0.0749536733604067
0.7,0.0921533504314359
0.7,0.0582500446296923
0.7,0.0540106653655445
0.7,0.0661024694597762
0.7,0.0411904350063831
0.7,0.0638079206240971
0.7,0.0549874973761887
0.7,0.0554985240384601
0.7,0.0760502951031013
0.7,0.0497312641933417
0.7,0.0477868942795793
0.7,0.0211932158431301
0.7,0.0689434858448522
0.7,0.0298842981672835
0.7,0.0281006696028379
0.7,0.0773885303103952
0.7,0.0424363927263189
0.7,0.0255429336780441
0.7,0.0267845534839807
0.7,0.0782281253880015
0.7,0.0288539652099125
0.7,0.008739315671057
0.7,0.0613264310775337
0.7,0.023548962430908
0.7,0.0509556931286604
0.7,0.0578877956606396
0.7,0.0797671584069032
0.7,0.035806062662428
0.7,0.0600301071963673
0.7,0.0283090947786684
0.7,0.0430015687172849
0.7,0.0562703464261682
0.7,0.0756165965452889
0.7,0.0406810797968494
0.7,0.0647472432828449
0.7,-0.0241629701386985
0.7,0.0487310512277325
0.7,0.053177484325971
0.7,0.0264682817933865
0.7,0.0850283992608207
0.7,0.0354947656192498
0.7,0.0738876321340923
0.7,0.0955944843289945
0.7,0.0169369578237553
0.7,0.0557243634802037
0.7,0.0536995463951237
0.7,0.0199172224360176
0.7,0.0788141534507183
0.7,0.0403815880360127
0.7,0.0520927378781934
0.7,0.0360262355337472
0.7,0.0262304952676587
0.7,0.0166017322904776
0.7,0.0274139212946422
0.7,0.042485415099634
0.7,0.0754723764229721
0.7,-0.000343045572835063
0.7,0.0202953121677415
0.7,0.0598972067266319
0.7,0.0253113046308353
0.7,0.0721466869233274
0.7,0.0584336621353842
0.7,0.0220470994449841
0.7,0.0631154830729694
0.7,0.0481231346599717
0.7,0.0224232249015193
0.7,0.030510981027945
0.7,0.0593860798864002
0.7,0.0782171950352401
0.7,0.065596301155851
0.7,0.0586786707268561
0.7,0.0364992959699633
0.7,0.0939138164412016
0.7,0.0473501123870049
0.7,0.0935666245627747
0.7,0.00805765012497226
0.7,0.10158680452142
0.7,0.0290443705924731
0.7,0.0959413477079325
0.7,0.0530021856026591
0.7,0.0543854639902669
0.7,0.0574303005197124
0.7,0.0677597383685045
0.7,0.0443536979546379
0.7,0.0770428716208426
0.7,0.0366251348292319
0.7,0.0262529851660072
0.7,0.0599910382040266
0.7,0.0587905015243178
0.7,0.0188705688506853
0.7,0.0394544003434284
0.7,0.0782450187709299
0.7,0.0238788672377942
0.7,0.074919667946426
0.7,0.0577049301463128
0.7,0.0183797757843599
0.7,0.0574914010246506
0.7,0.0292368444195621
0.7,0.0683378529399157
0.7,0.0189254694917472
0.7,0.0599353356820516
0.7,0.0256690320700229
0.7,0.0575341268858626
0.7,0.0458994940910094
0.7,0.0684487383120268
0.7,0.0504384644267723
0.7,0.0748966405683412
0.7,0.0110667597965655
0.7,0.0815742266944307
0.7,0.0600172748160145
0.7,0.0494603685570266
0.7,0.0400371586353002
0.7,0.010918790674206
0.7,0.0424850489218112
0.7,0.045606564149649
0.7,0.077279883558252
0.7,0.0662833765287196
0.7,0.0271422305191756
0.7,0.0772156774383187
0.7,0.0576307272847556
0.7,0.0548025074323712
0.7,0.05483622658416
0.7,0.0162683771544171
0.7,0.0515966542097015
0.7,0.0373319537258401
0.7,0.0508337470476254
0.7,0.00447574060838411
0.7,0.0673640196231438
0.7,0.0958345094407739
0.7,0.0357726561102383
0.7,0.0281440314189091
0.7,0.0932974265975953
0.7,0.0333418185993868
0.7,0.0277918556338434
0.7,0.0317307368295593
0.7,0.0601105831706187
0.7,0.0631222452668414
0.7,0.030535194922006
0.7,0.0321278122673298
0.7,0.0567502132271962
0.7,0.023045459746965
0.7,0.0910190566737746
0.7,0.0277466501139646
0.7,0.0622013330996978
0.7,0.0649487965266622
0.7,0.0891377910982155
0.7,0.0607367338157894
0.7,-0.0104166435321641
0.7,0.0710946922550365
0.7,0.0691796243900787
0.7,0.0684372333449852
0.7,0.0521857800856676
0.7,0.00959103739244828
0.7,0.0714596953064388
0.7,0.0314239096395519
0.7,0.0606058370586492
0.7,0.0578933312965256
0.7,0.064424867722203
0.7,0.06038899171004
0.7,0.0348714941563638
0.7,0.0780856900712477
0.7,0.0532591935350806
0.7,0.0477067273951113
0.7,0.0693587643899928
0.7,0.0603664375998132
0.7,0.0858930081836791
0.7,0.0507198198718173
0.7,0.0773298522364806
0.7,0.0370944248623352
0.7,0.0911483905119281
0.7,0.0409426361605456
0.7,0.0635587908902127
0.7,0.033533168307249
0.7,0.0209151513017481
0.7,0.0427959321523612
0.7,0.0533187779469698
0.7,0.060667907073177
0.7,0.0178670896732813
0.7,0.0348072303633808
0.7,0.0492568870747479
0.7,0.0384335755041106
0.7,0.0911596591937195
0.7,0.0430206582343578
0.7,0.0653149141786088
0.7,0.0500544657250284
0.7,0.0518260314186921
0.7,0.029722679157692
0.7,0.0716504468551834
0.7,0.0601655796612075
0.7,0.05580354964849
0.7,0.050531903689434
0.7,0.06336647338228
0.7,0.0163415789747726
0.7,0.0480193325049003
0.7,0.0938922988086525
0.7,0.051325304046633
0.7,0.0509897133889663
0.7,0.0379753841608868
0.7,0.0488254584998839
0.7,0.0179575463141413
0.7,-0.0123218328635849
0.7,0.0573660741126649
0.7,0.0696737935465216
0.7,0.0401331847871884
0.7,0.0345878732731513
0.7,0.0114621658568371
0.7,0.00629694046038368
0.7,0.0370876648731926
0.7,0.0511827033177824
0.7,-0.0098239846725432
0.7,0.0185985746151316
0.7,0.0654523082457573
0.7,0.115344056911682
0.7,0.0609546451006933
0.7,0.0497193376703503
0.7,0.0486817904085857
0.7,0.047074220158186
0.7,0.0213264015150907
0.7,0.0236100043951059
0.7,0.025692265223244
0.7,0.0315250862981877
0.7,0.0951312200740735
0.7,0.000985028449061639
0.7,0.0654193057455081
0.7,0.0498934096346618
0.7,0.056182742793866
0.7,0.0253747894537584
0.7,0.0786649417979066
0.7,0.0377690777917748
0.7,0.0840476125271184
0.7,-0.00405781840893268
0.7,0.0451978830763006
0.7,0.0432196639119433
0.7,0.0681425916518026
0.7,0.0460577254652828
0.7,0.0247861326235138
0.7,0.0191778126993391
0.7,0.0307876695507064
0.7,0.0488070388552757
0.7,0.0584625405773228
0.7,0.014333260318686
0.7,0.0276102842060447
0.7,0.049618369035748
0.7,0.0200035482743029
0.7,0.0495791396988984
0.7,0.017728024840092
0.7,0.0441006203795
0.7,0.0730788822137683
0.7,0.0576632792546576
0.7,0.0819096631257346
0.7,0.0347792029831597
0.7,0.0813001614818381
0.7,0.0308862028679905
0.7,-0.01302140372365
0.7,0.0974700997569454
0.7,0.0325389738154627
0.7,-0.00238580576232088
0.7,0.0622846581000567
0.7,0.0284788999218351
0.7,0.0642571999005285
0.7,0.0489177163517777
0.7,0.0858682529411404
0.7,0.0368219264412771
0.7,0.0483839523617324
0.7,0.0720902375496097
0.7,0.0214238968806236
0.7,0.0492916648613268
0.7,0.0847541037757188
0.7,0.0521977221997548
0.7,0.0448727374712454
0.7,0.0275657148222338
0.7,0.0737472262126483
0.7,0.0843968693937288
0.7,0.00929966487377081
0.7,0.0262286173706749
0.7,0.041314792816399
0.7,0.0868762851342596
0.7,0.0444635933573214
0.7,0.0363370848875516
0.7,0.0460316000887351
0.7,0.0109838933982226
0.7,0.0595835783833624
0.7,0.015616161077995
0.7,0.0770344399352987
0.7,0.0370277608194262
0.7,0.012173832989351
0.7,0.0352064986930898
0.7,0.062738901678621
0.7,0.00540312548412755
0.7,0.0255922236076599
0.7,0.0238536456314099
0.7,0.0907219448696783
0.7,0.0404390321076666
0.7,0.0274479980585047
0.7,0.0184322140384015
0.7,0.0326622187008882
0.7,0.0379837752526465
0.7,0.0488184316834899
0.7,0.0259345872598923
0.7,0.0421394542438256
0.7,0.0277686666858766
0.7,0.0135383238026963
0.7,0.068638817054592
0.7,0.0452093355165153
0.7,0.0573463602227586
0.7,0.0426203642435695
0.7,0.0679790547150238
0.7,0.0424953146697384
0.7,0.0414960713467984
0.7,0.0474082952105361
0.7,0.014516879997093
0.7,0.108733350612113
0.7,0.0478183417393795
0.7,0.0378586428587743
0.7,0.0709686453192048
0.7,0.0562057841425911
0.7,0.0539494846311918
0.7,0.0670995263224789
0.7,0.0828869412290293
0.7,0.0763843682370409
0.7,0.0408368207255644
0.7,0.0453656706595775
0.7,0.0636190652919013
0.7,0.0425797013767378
0.7,0.058363988359705
0.7,0.0643950669102539
0.7,0.0604393400660221
0.7,0.0530998329316187
0.7,0.0454072154928896
0.7,0.0604642520846627
0.7,0.0520965457875609
0.7,-0.00124691078455573
0.7,0.0634274743421237
0.7,0.0177291129695588
0.7,0.0485514588879349
0.7,0.0486480810641462
0.7,0.0375401587998504
0.7,0.0497298515326084
0.7,0.0588830415260999
0.7,0.0465821104511281
0.7,0.0377403211823233
0.7,0.0901820337807051
0.7,0.0489888029108117
0.7,0.0530950602097258
0.7,0.0632473601889456
0.7,0.0336680390227062
0.7,0.0530546366689891
0.7,0.0357236051339477
0.7,0.0471415290341306
0.7,0.0552052271846393
0.7,0.0555404191704066
0.7,0.0598611831018427
0.7,0.0644009545356451
0.7,0.0304917445515733
0.7,0.0172478337606219
0.7,0.079763397616746
0.7,0.0451050208925357
0.7,0.0494730932192835
0.7,0.0775442472418889
0.7,0.0791139005296862
0.7,0.0878154441556881
0.7,0.0277936646037439
0.7,0.0382923005706585
0.7,0.067716380554936
0.7,0.00341310680090753
0.7,0.0588874459877433
0.7,0.027108064226479
0.7,0.0246684497130201
0.7,-0.0141034043353148
0.7,0.0313990326240922
0.7,0.0170750329545853
0.7,0.0636059153502993
0.7,0.0606653947925168
0.7,0.0346105796110386
0.7,0.0491565468424834
0.7,0.0331351060263521
0.7,0.0307726017774597
0.7,0.0742932144105701
0.7,0.0044708857459524
0.7,0.0230673555958436
0.7,0.0558985949891455
0.7,0.0517164656030737
0.7,0.0523559991760814
0.7,0.0227095289941146
0.7,-0.00223110928390616
0.7,0.0251522730944027
0.7,0.0647811730136913
0.7,0.0558305569993701
0.7,0.0298952704147981
0.7,0.0541716235208803
0.7,0.0110567551097417
0.7,0.0539415641531225
0.7,0.0511753153567042
0.7,0.023816524277609
0.7,0.0541255165889973
0.7,0.0835453176446991
0.7,0.069988716072556
0.7,0.0437107059242476
0.7,0.0707234718533365
0.7,0.06181820707821
0.7,0.0588124314958251
0.7,0.0180634488382465
0.7,0.0356729440996973
0.7,0.0542720262867365
0.7,0.0653407612407221
0.7,0.0391751716331694
0.7,0.082543011221395
0.7,0.0443179204928932
0.7,0.0543668232881629
0.7,0.0454548191547487
0.7,0.0963123536692458
0.7,0.0924448372390704
0.7,0.0219816785470446
0.7,0.090556673754267
0.7,0.0885851152395486
0.7,0.0291322775878717
0.7,0.00450097062811617
0.7,0.0399828581339821
0.7,0.0519736698693655
0.7,0.0370826022307015
0.7,0.0360412578620395
0.7,0.054115681316314
0.7,0.0795039707773037
0.7,0.0531045211036606
0.7,0.0791724766525203
0.7,0.0363542493418899
0.7,0.0256801786985924
0.7,0.0678303933481768
0.7,0.0148480488466414
0.7,0.0367212822746396
0.7,0.0550316778453852
0.7,0.00259621460761528
0.7,0.07909859241478
0.7,0.0464392135269005
0.7,0.0589886590393515
0.7,0.0609797686892964
0.7,0.060951536026888
0.7,0.0174936457953339
0.7,0.029054256215148
0.7,0.0763599308098895
0.7,0.0412038916076495
0.7,0.0678492435629508
0.7,0.0388984682141051
0.7,0.033243674819932
0.7,0.0597884099233807
0.7,0.042900030079685
0.7,0.0670523587000297
0.7,0.0477257949751339
0.7,0.0332605259668135
0.7,0.0469356160431786
0.7,0.077397938150149
0.7,-0.0100625386491358
0.7,0.0615317973069022
0.7,0.0689082391370683
0.7,0.0438650789540215
0.7,0.0543878441275939
0.7,0.0579359455656775
0.7,0.0502053125136929
0.7,0.0814920255477406
0.7,0.0479420357045247
0.7,0.0584060057719165
0.7,0.0904538893388176
0.7,0.0515619835808035
0.7,0.0485182849493341
0.7,0.0411538639320817
0.7,0.0460569204636565
0.7,0.0482128143355601
0.7,0.0793563575501126
0.7,0.062489683563416
0.7,0.0347625993351614
0.7,0.0631389835828816
0.7,0.0334222700669912
0.7,0.0328936480158215
0.7,0.0736632616553457
0.7,0.0396992655190368
0.7,0.0452572399775095
0.7,0.0230272407206258
0.7,0.0677010421055581
0.7,0.044377348142532
0.7,0.0501409040472227
0.7,0.0455496670661162
0.7,0.0288189192429832
0.7,0.0514754160965687
0.7,0.0518759271270887
0.7,0.0169134125187795
0.7,0.071985414448156
0.7,0.0630494916620737
0.7,0.0142092831997912
0.7,0.0337984613764623
0.7,0.0802236223939256
0.7,0.0439345271469715
0.7,-0.000944550091967491
0.7,0.0350957329633187
0.7,0.0618550330281281
0.7,0.0407269296374561
0.7,-0.0116926601387852
0.7,0.0268766437134346
0.7,0.041382216840759
0.7,0.0428536764864088
0.7,0.05151235525871
0.7,0.054811399672722
0.7,0.0799790780408135
0.7,0.0692992426941403
0.7,0.066707175036195
0.7,0.0208433150571862
0.7,0.045994280951394
0.7,0.0398406171324615
0.7,0.0905260781993095
0.7,0.0180988466947817
0.7,0.101488171894984
0.7,0.0393866129110589
0.7,0.00768639920509076
0.7,0.047697076764548
0.7,0.0808353381074128
0.7,0.0374193309829857
0.7,0.0971959724153159
0.7,0.057717030748554
0.7,0.0303502951986
0.7,0.0335452233779547
0.7,0.0316190156973454
0.7,0.0493910888830501
0.7,0.0248250575490918
0.7,0.068205288518633
0.7,0.0689309654970069
0.7,0.0446963789083945
0.7,0.0756431574444419
0.7,0.0510846592507071
0.7,0.0484920091495762
0.7,0.0531125667164
0.7,0.0907792142259433
0.7,0.0761683147261507
0.7,0.044743133737804
0.7,0.0786393950578853
0.7,0.0612869305751575
0.7,0.0593721344623124
0.7,0.0520682210355445
0.7,0.0482055072527217
0.7,0.0399731028550073
0.7,0.0750119427284252
0.7,0.0293800534559837
0.7,0.0418745241554649
0.7,0.0880129170826701
0.7,0.0502349177570646
0.7,0.0467730074424318
0.7,0.0614049022641546
0.7,0.0612453672641229
0.7,0.0517532340263198
0.7,0.0268794201592923
0.7,0.0555362011047746
0.7,0.0196426979316973
0.7,0.085538146282226
0.7,0.00988086578957531
0.7,0.0350529801304661
0.7,0.0941062606328818
0.7,0.0629504219451559
0.7,0.0404169423227627
0.7,0.0164013012848723
0.7,0.0427916708413925
0.7,-0.00906403483352101
0.7,0.052389695051224
0.7,0.0389140276518672
0.7,0.0460836184664426
0.7,0.022535476804463
0.7,0.0410588639990645
0.7,0.0720797384470067
0.7,0.0572937540150444
0.7,0.0576193643533006
0.7,0.0747285578483197
0.7,0.0362302501794375
0.7,0.0820928348440412
0.7,0.0357506639375052
0.7,0.0948054242847709
0.7,0.045739075220362
0.7,0.0357758659591767
0.7,0.0557200267692733
0.7,0.0536534387520459
0.7,0.0194431524898777
0.7,-0.0226904491782339
0.7,0.128712062855647
0.7,0.074999090856728
0.7,0.0504306402294469
0.7,0.0705310284601997
0.7,0.0831412503090664
0.7,0.0649713953539854
0.7,0.024008172648883
0.7,0.0529589618843937
0.7,0.0457380748336455
0.7,0.0414070104807236
0.7,0.0549810068994856
0.7,0.0832959188851609
0.7,0.0352192054492848
0.7,0.0469721604712145
0.7,0.088176440342731
0.7,0.0608958948749615
0.7,0.0378588065354731
0.7,0.0767933960993383
0.7,0.0229326578431736
0.7,0.02541041282593
0.7,0.080193983857295
0.7,0.0324555264627981
0.7,0.0580162390016705
0.7,0.0762820280115089
0.7,0.0621745969133766
0.7,0.0462980820850486
0.7,0.0400586599000128
0.7,0.0572262253018666
0.7,0.075614054110415
0.7,0.0480649995153117
0.7,0.0373406273274155
0.7,-0.00386158266065307
0.7,0.018685046332632
0.7,0.0615851342006096
0.7,0.0447466651217459
0.7,0.0603608322556128
0.7,0.0341780544871663
0.7,0.0684963551731214
0.7,0.0314171855177519
0.7,0.019035864213271
0.7,0.0535768033782414
0.7,0.067567808515633
0.7,0.0373841944470612
0.7,0.00783778249492452
0.7,0.092182702585073
0.7,0.0601974365621884
0.7,0.0547136627937033
0.7,0.0398844224709454
0.7,0.0548787795718391
0.7,0.106244164063854
0.7,0.0655609640451968
0.7,0.0758108699762394
0.7,0.0229490876387287
0.7,0.0600518533181464
0.7,0.0167142055595305
0.7,0.0620778200631788
0.7,0.0848568739880287
0.7,0.0421322610577688
0.7,0.0581761714290123
0.7,0.0781953298930675
0.7,-0.00179580309413936
0.7,-0.0122550159593513
0.7,0.0605363380708298
0.7,0.104529269373848
0.7,0.0246983810129605
0.7,0.0669406038713428
0.7,0.0186779829073132
0.7,0.0712232599339935
0.7,0.0397215075428309
0.7,0.0763877579163469
0.7,0.054148965487432
0.7,0.0763593372596618
0.7,0.0467551089243471
0.7,0.0766047321031928
0.7,0.0482246839426436
0.7,0.00610683387417039
0.7,0.0542904546178414
0.7,0.0512567038965282
0.7,0.0836997680295865
0.7,0.0347983203751096
0.7,0.0328283618338346
0.7,0.0653096400302444
0.7,0.0482598629753514
0.7,0.0604646815949625
0.7,0.0688511906344094
0.7,0.0374738741408822
0.7,0.0462561281482471
0.7,0.0818044479239249
0.7,0.0695985972312002
0.7,0.061731672385755
0.7,0.0521034797031263
0.7,0.062238758429113
0.7,0.0364459348127131
0.7,0.05600588151884
0.7,0.0716113396373527
0.7,0.0342035202541963
0.7,0.0460689341193921
0.7,0.0619928936581926
0.7,0.09072449145518
0.7,0.0276496941353548
0.7,0.029866708952737
0.7,0.0782060873249338
0.7,0.0741137984931419
0.7,0.0574903560879246
0.7,0.0462802853358374
0.7,0.0272864259773182
0.7,0.0156382401525102
0.7,0.100715675086992
0.7,0.0677878613090615
0.7,0.0313443998379623
0.7,0.0240163686775904
0.7,0.0737658936573106
0.7,0.100492063134644
0.7,0.0695994105488527
0.7,0.0365180630891137
0.7,0.0489156918372391
0.7,-0.00968387947203809
0.7,0.064297076271867
0.7,0.0652584702368114
0.7,0.0128456463041292
0.7,-0.0153911237506226
0.7,0.0544465229490285
0.7,0.0420908527688597
0.7,0.0826005225623382
0.7,0.0617711097575203
0.7,0.0161190333922988
0.7,0.0452218079972399
0.7,0.00704503790939416
0.7,0.0458787562340778
0.7,0.0474109406127561
0.7,0.051661311341595
0.7,0.0696650638576336
0.7,0.0561292710591404
0.7,0.0530672735157856
0.7,0.0301767950706541
0.7,0.0534233652378781
0.7,0.0423106684864707
0.7,0.0681189493704218
0.7,0.0255705686921659
0.7,0.0331316653073542
0.7,0.025231861966399
0.7,0.0458907080253585
0.7,0.0614082302190972
0.7,0.0331642625081837
0.7,0.0482527568903921
0.7,0.0565052446908212
0.7,0.0644550602140099
0.7,0.0493886945964467
0.7,0.0493216043498308
0.7,0.0830176013751795
0.7,0.0473866802071273
0.7,0.0285615812816733
0.7,0.0523902853987365
0.7,0.0804859036463605
0.7,0.0691831432740369
0.7,0.0565311687204195
0.7,0.0356876097771484
0.7,0.000362629495448976
0.7,0.0691830817353172
0.7,0.035454677077918
0.7,0.0677205897770654
0.7,0.0431241025778621
0.7,0.0608390015381849
0.7,0.059635582714618
0.7,0.0454463920058496
0.7,0.058154395740549
0.7,0.0666324366348625
0.7,0.0240773590372749
0.7,0.0200919124734388
0.7,0.0322526617869988
0.7,0.0630949005222343
0.7,0.0205539650760105
0.7,0.0490577668101859
0.7,0.0438081051291006
0.7,0.0462135096042778
0.7,0.0553338498837048
0.7,0.0704473505450018
0.7,0.049243144935221
0.7,0.110026921872824
0.7,0.0214025107128136
0.7,0.0493112863153235
0.7,0.0700693286375808
0.7,0.0538608056272839
0.7,0.0187229082394439
0.7,0.104194965598354
0.7,0.0366782871550837
0.7,0.0788466450502847
0.7,0.0501273052618852
0.7,0.0387909917371944
0.7,0.0442637669331906
0.7,0.0286770103055179
0.7,0.0559299611490321
0.7,0.0435814530331034
0.7,0.0923546623203053
0.7,0.0455501044641909
0.7,0.0408365525891473
0.7,0.0874626210005703
0.7,0.0115318071446958
0.7,0.0180344390722793
0.7,0.0178352390510003
0.7,0.0273549277913175
0.7,0.00792090999914817
0.7,0.0388986935504058
0.7,0.0172952060636654
0.7,0.0862759102879744
0.7,0.0836810672495984
0.7,0.0622520679822234
0.7,0.054349696855871
0.7,0.0234744059752067
0.7,0.0353615687919599
0.7,-0.0417289720216749
0.7,0.0570272889763243
0.7,0.0482925598133577
0.7,0.0130475320279983
0.7,0.0730481512526577
0.7,0.015738568600147
0.7,0.0400801217143509
0.7,0.0303039118333012
0.7,0.029558523140082
0.7,0.0774587701667432
0.7,0.0206589819780184
0.7,0.0564320804625937
0.7,0.0540526795608623
0.7,0.061006232161267
0.7,0.0350644673289186
0.7,0.0269441352345456
0.7,0.04244159611393
0.7,0.0495835421361001
0.7,0.0390469285721689
0.7,-0.00841921702852191
0.7,0.0369367614267552
0.7,0.0581121668597145
0.7,0.0531691585057021
0.7,0.0267154040855555
0.7,0.0689509186058526
0.7,0.0390933438350473
0.7,0.0665251523510134
0.7,0.0384162772963265
0.7,0.0933716522825293
0.7,0.057702995066105
0.7,0.080564924387877
0.7,0.0322901524747466
0.7,0.053773898307233
0.7,0.0672286346618132
0.7,0.0570781839027117
0.7,0.088490353161347
0.7,0.0599898543162975
0.7,0.0296991923643263
0.7,0.0540329008969526
0.7,0.00283318179131832
0.7,0.112667432408303
0.7,0.0605613623546301
0.7,0.0610467895569007
0.7,0.0457597614677653
0.7,0.0218433409204995
0.7,0.0293549659607831
0.7,0.0229469826701414
0.7,0.0337174562285413
0.7,0.0146692180741104
0.7,0.0545702064289285
0.7,0.0596711618650562
0.7,0.0520922442332136
0.7,0.0355739583287938
0.7,0.0797802406344694
0.7,0.0511611402048217
0.7,0.0289696445954265
0.7,0.0500190181394671
0.7,0.0432765427753775
0.7,0.030524164120659
0.7,0.0344745858655532
0.7,0.0534808838185591
0.7,0.0694497158716747
0.7,0.0866940020936356
0.7,0.0363392340386609
0.7,0.0282317242678221
0.7,0.0508801972281845
0.7,0.0423046271052319
0.7,0.0606565071764399
0.7,0.0283165884413017
0.7,0.0410298372330227
0.7,0.0332798396389374
0.7,0.0386207479621041
0.7,0.0603791475269692
0.7,0.0205017535226577
0.7,0.0206796345896066
0.7,0.0564856568432153
0.7,0.023984212380422
0.7,0.0679551519303341
0.7,0.0297567638774873
0.7,0.00161982357427267
0.7,0.0472186249332691
0.7,0.0384503104060222
0.7,0.0567482570939033
0.7,0.0609945251311172
0.7,0.069679626304291
0.7,0.00972710876422154
0.7,0.0433782645135995
0.75,0.0313089009676251
0.75,0.00542042717065265
0.75,0.0402512758719389
0.75,0.0745498850150797
0.75,0.0798036462609455
0.75,0.04045578902156
0.75,0.08878571087242
0.75,0.0840365563375026
0.75,0.0498872873098133
0.75,0.0365088437880512
0.75,0.0138563698998469
0.75,0.0106839261787877
0.75,0.0858753711709545
0.75,0.064365277049066
0.75,0.0539430318688053
0.75,0.0774477657673984
0.75,0.0631988929742592
0.75,0.0784866013710167
0.75,-0.00418889314017076
0.75,0.0346222920185583
0.75,0.0769721260487922
0.75,0.0632578951454876
0.75,0.00871547368399559
0.75,0.0519268737507936
0.75,0.0458836068949307
0.75,-0.0128700167562238
0.75,0.0261436534436161
0.75,0.0552100600851346
0.75,0.0444870518941697
0.75,0.0357174899253489
0.75,0.0495993296825004
0.75,0.0182098685858006
0.75,0.081368636118524
0.75,0.0327292758281359
0.75,0.0318076533621672
0.75,0.0450099322080508
0.75,0.0668644355592889
0.75,0.0325873763898895
0.75,0.0502866157157032
0.75,0.0243343497686594
0.75,0.00907727748627197
0.75,0.0544757128636739
0.75,0.0416215881200614
0.75,0.0873360276108953
0.75,0.0150690617765141
0.75,0.0460881206523129
0.75,0.060622956441962
0.75,0.108774342361171
0.75,0.0487898641137285
0.75,0.0667234885424556
0.75,0.0287314878642027
0.75,0.046512869251294
0.75,0.0377139969686061
0.75,0.0766109624512206
0.75,0.0522649335808567
0.75,0.0320573499196305
0.75,0.0881548244363475
0.75,0.0262455270465702
0.75,0.0377885109665294
0.75,0.0425221072400141
0.75,0.0647536129096276
0.75,0.068269398187046
0.75,0.0928812001518686
0.75,0.0454065961593044
0.75,0.0551926587522432
0.75,0.0240216024482199
0.75,0.0341547337051318
0.75,0.0327054696828223
0.75,0.049825115325472
0.75,0.0506512919629684
0.75,0.0781785901826046
0.75,0.00666181752889126
0.75,0.0413525661509587
0.75,0.0694612484438397
0.75,0.0800376271927908
0.75,0.00429810629964033
0.75,0.051467141830803
0.75,0.0737667076113365
0.75,0.0428257408461407
0.75,0.0427060396409944
0.75,0.0574945496008801
0.75,0.0567564507932717
0.75,0.0818198174981353
0.75,0.0595717559260965
0.75,0.0684384905689037
0.75,0.0459095483919119
0.75,0.0597198737373092
0.75,0.0687731514393451
0.75,0.066047614832237
0.75,0.0894926561675437
0.75,0.0441894911767138
0.75,0.0801886354903162
0.75,0.0196059912597188
0.75,0.000655158098219838
0.75,0.0546708544142221
0.75,0.0542046001267987
0.75,0.0805079519095376
0.75,0.106415936081037
0.75,0.0363633012848626
0.75,0.0697067653797114
0.75,0.105971159777157
0.75,0.0157954072787828
0.75,0.070617044121255
0.75,0.051053731909943
0.75,0.0328138435371145
0.75,0.0858093229835787
0.75,0.0616147963645203
0.75,0.0686731056892317
0.75,0.0126721186975651
0.75,0.0531732187325068
0.75,0.0791545417410255
0.75,0.0477414250175766
0.75,0.084452483525521
0.75,0.030257394628593
0.75,0.0630965976344931
0.75,0.0790971919750322
0.75,0.0672037001588503
0.75,0.077809536844176
0.75,0.025980659180546
0.75,0.0666513582689484
0.75,0.0420571136357607
0.75,0.086307108981905
0.75,0.0401698977364956
0.75,0.067926832529572
0.75,0.00379910750971198
0.75,0.0237129859736981
0.75,0.0763833227729895
0.75,0.0513054800123824
0.75,0.0402491081588883
0.75,0.0576501497929008
0.75,0.034753375145609
0.75,0.0188831020841082
0.75,0.0365325723783398
0.75,0.0284624548676035
0.75,0.0351369843449537
0.75,0.05278775630226
0.75,0.0398676571502999
0.75,0.0755302118098557
0.75,0.0451950800535122
0.75,0.0995575860010188
0.75,0.0273453752805323
0.75,0.0540593803996886
0.75,0.0691249085849736
0.75,0.0390794951913682
0.75,0.0692181207489528
0.75,0.0328682212221498
0.75,0.0609833395387598
0.75,0.0257648114721203
0.75,0.0438348661845427
0.75,0.0593509117815248
0.75,0.0743478847829495
0.75,0.0690801778360974
0.75,0.0560001327448145
0.75,-0.015136261349002
0.75,0.0286758720709853
0.75,0.0498810198312188
0.75,0.0628829315148123
0.75,0.0356843092349199
0.75,0.0581540013936379
0.75,0.0787963048618316
0.75,0.0430902436468017
0.75,0.0241217207253144
0.75,0.104093632487897
0.75,0.00771750595033406
0.75,0.0571458615852575
0.75,0.0471650422514301
0.75,0.0518717198891129
0.75,0.0642101820268949
0.75,0.0459808471446026
0.75,0.0498247052419179
0.75,0.0178767519439596
0.75,0.0692938891175844
0.75,0.020959655147781
0.75,0.0379395264077853
0.75,0.0347043867644522
0.75,0.024945168372893
0.75,-0.0176320731272877
0.75,0.033152279138999
0.75,0.0821626222802062
0.75,0.0197538133215616
0.75,0.0599938502354523
0.75,0.0236466163109955
0.75,0.0484633672849898
0.75,0.0636265711313821
0.75,0.00827677576753107
0.75,0.0505733039071313
0.75,0.0150764032232524
0.75,0.0359107227634861
0.75,0.0695724465441443
0.75,0.0767076041604282
0.75,0.0704382093259071
0.75,0.0853973231913597
0.75,0.0497348574077854
0.75,0.0218423292078816
0.75,-0.00437698712708191
0.75,0.0555041891188758
0.75,0.0203393270902463
0.75,0.00156146903245152
0.75,0.105677755902463
0.75,0.0549448953675294
0.75,0.0588072540448563
0.75,0.0582508637082562
0.75,0.0236164898690068
0.75,0.106638359933846
0.75,0.0365676754496722
0.75,0.0359785574364289
0.75,0.0349699870504652
0.75,0.0352667785502869
0.75,0.0726419049651428
0.75,0.0453676383196755
0.75,0.0480040251498951
0.75,0.0204325472776734
0.75,0.0223718759032024
0.75,0.0560369826627279
0.75,0.0305278487894081
0.75,0.0094309168423427
0.75,0.0438274201680664
0.75,0.00804582879262123
0.75,0.0338653831914004
0.75,0.0189951390605883
0.75,0.0582487354177774
0.75,0.048786916024856
0.75,0.0417522513186578
0.75,0.0601484576969478
0.75,0.0341585062909745
0.75,0.0600021952939993
0.75,0.0508658183507112
0.75,0.0269382666845205
0.75,0.00926902640522964
0.75,0.0512383662710874
0.75,0.0342477246688148
0.75,0.0555096592081465
0.75,0.0602930555783441
0.75,0.0402322780120821
0.75,0.0763049372137624
0.75,0.0427140613354369
0.75,0.0569434550093469
0.75,0.0635542534445035
0.75,0.0247639538584338
0.75,0.0598791736403246
0.75,-0.0177061890860523
0.75,0.0628300155539238
0.75,0.0370311216550543
0.75,0.00529042744110837
0.75,0.043165861295946
0.75,0.0659730564011533
0.75,0.0386079108701303
0.75,0.0580563859627918
0.75,0.0433993816624877
0.75,0.0215899628732401
0.75,0.0408181272288621
0.75,0.0641573668672109
0.75,0.116773368336854
0.75,0.00782855949699491
0.75,0.0668968833878025
0.75,0.00902545050673629
0.75,0.0394047196419652
0.75,0.0454440532001911
0.75,0.00756463021727233
0.75,0.0575197154076652
0.75,0.0180566622906872
0.75,0.0358846242898875
0.75,0.0873295242631512
0.75,0.100071073906554
0.75,0.077782164036298
0.75,0.0536350511069519
0.75,0.0658741921344996
0.75,0.0458456199229983
0.75,0.09432653721495
0.75,0.084534873843806
0.75,0.0146677957635398
0.75,0.0696298679458484
0.75,0.0307546940225336
0.75,0.0469241427712651
0.75,0.0549499232318496
0.75,0.0624938768095015
0.75,0.0245704989561369
0.75,0.0349679415260841
0.75,0.0848496512748931
0.75,0.0785353449138096
0.75,0.0189257685672336
0.75,0.0514199018133166
0.75,0.0593007379738077
0.75,0.04446822352441
0.75,0.0619582334170154
0.75,0.0182697117821304
0.75,0.0497312031360237
0.75,0.0733534735073737
0.75,0.0753509947366293
0.75,0.0498279901883425
0.75,0.00765526385965074
0.75,0.0493495716818795
0.75,0.0523226498426191
0.75,0.04402901841851
0.75,0.0823475832526928
0.75,0.0295241154712915
0.75,0.0559283796226524
0.75,0.0253220090690981
0.75,0.0660258949468846
0.75,0.069349494987337
0.75,0.0389204484708802
0.75,0.0686150602577181
0.75,0.047231406295682
0.75,0.0515234379645177
0.75,0.0626587306401261
0.75,0.0158983593273969
0.75,0.105582262186963
0.75,0.0397256570586745
0.75,0.0352104935559487
0.75,0.0445846061225545
0.75,0.0310042521661387
0.75,0.03877779408134
0.75,0.0545556127726757
0.75,0.0217638478530025
0.75,0.0266427460748155
0.75,0.058499154608524
0.75,0.0460679261363349
0.75,0.0713370212138036
0.75,0.050402112858298
0.75,0.0477327112850056
0.75,0.062076507521651
0.75,0.027024410623303
0.75,-0.0209295924561892
0.75,0.0969504123982294
0.75,0.0362305465074738
0.75,0.0377752412804127
0.75,-0.0122058410848063
0.75,0.0654818663154369
0.75,0.016161880194074
0.75,0.0490073207451625
0.75,0.0243067884996941
0.75,0.0942679140306084
0.75,0.0458610414129169
0.75,0.0327841921567017
0.75,0.072044767918744
0.75,0.0765962240660323
0.75,0.0696551424836429
0.75,-0.0207316251127933
0.75,0.0156203547709744
0.75,0.0158986830922384
0.75,0.0629597132511283
0.75,0.0658165698664848
0.75,0.047400719093013
0.75,0.0482472594288306
0.75,0.0630427859107917
0.75,0.0140435015373281
0.75,0.0686535820590077
0.75,0.125516216983232
0.75,0.0309287708146277
0.75,0.0578209015602663
0.75,0.0458688205725218
0.75,0.0353988478681561
0.75,0.0467689763343898
0.75,0.0506598627942579
0.75,0.0478317991588205
0.75,0.0769581227437174
0.75,0.04713692213376
0.75,0.0505177318551579
0.75,0.00690266665205211
0.75,0.0614128201708746
0.75,0.0161619484395576
0.75,0.0128985508426844
0.75,0.00182535025597379
0.75,0.039770689880163
0.75,0.0673271152830222
0.75,0.0184908985135653
0.75,0.00664409301492684
0.75,0.0189006280633413
0.75,0.0603426453014986
0.75,0.0947724437136834
0.75,0.0511845121812469
0.75,0.0192191682754552
0.75,0.0366735953354466
0.75,0.0991755988192967
0.75,0.0766503420507133
0.75,0.022830856527095
0.75,0.0273735988679692
0.75,0.0637408204411607
0.75,0.0504765713115689
0.75,0.0439013998182306
0.75,0.0602184664052911
0.75,0.0245038298429171
0.75,0.067767654354025
0.75,0.057088060281872
0.75,-0.00331102942182781
0.75,0.0315643600539011
0.75,0.0665257760184515
0.75,0.0868361229973857
0.75,-0.000954839598107407
0.75,0.0348777992762443
0.75,0.0421713909929999
0.75,0.061342792341651
0.75,0.045573251549648
0.75,0.0625117924069138
0.75,0.0647887126797303
0.75,0.0535334069217418
0.75,0.0804343641689847
0.75,0.0516939134313176
0.75,0.021966638954912
0.75,0.0272660729942902
0.75,0.0568595321198238
0.75,0.0842784439825397
0.75,0.036701286132142
0.75,0.0362836794080934
0.75,0.00826887883449733
0.75,0.0207681717685474
0.75,0.0311581022511281
0.75,0.019456709999239
0.75,0.0289388039455013
0.75,0.0250396908138467
0.75,0.0434677694373278
0.75,0.0461912085429593
0.75,0.0799580382332378
0.75,0.045082062039202
0.75,0.0172978691998167
0.75,0.0985310764440562
0.75,0.0334589567726241
0.75,0.0409136932539199
0.75,0.0352100008981312
0.75,0.0590567329127398
0.75,0.0701518784187784
0.75,0.00951494433298825
0.75,0.0797456934589814
0.75,0.0666821347772983
0.75,-0.00261824236239005
0.75,0.064915760687111
0.75,0.0456954494793042
0.75,0.0321254283636494
0.75,0.0327929015554356
0.75,0.00567090683842294
0.75,0.108875255079558
0.75,0.0944818281375923
0.75,0.0642336340719494
0.75,0.0277038959228454
0.75,0.055442285788018
0.75,0.0465690552252676
0.75,0.000844293503015309
0.75,0.0387931784600521
0.75,0.0182510359459487
0.75,0.0361483337440392
0.75,0.0563564680064949
0.75,0.060269547796667
0.75,0.0532114448503807
0.75,0.0172582899412429
0.75,0.039433943314906
0.75,0.0543328657450117
0.75,0.0547400191733761
0.75,0.0942127835130806
0.75,0.0243123172053509
0.75,0.0036976994946706
0.75,-0.0031164639462766
0.75,0.069024137701903
0.75,0.0319851448726969
0.75,0.0302630337566499
0.75,0.0706386196888012
0.75,0.0541406826351999
0.75,0.063848703830586
0.75,0.0675667295303657
0.75,0.0519452537901799
0.75,0.0626692316649926
0.75,0.0371292954325355
0.75,0.0179671050127492
0.75,0.0609727991430179
0.75,0.0722735081482436
0.75,0.0274952240987487
0.75,0.0797224696230564
0.75,0.0277768684877438
0.75,0.0476710626975191
0.75,0.0427947418715991
0.75,-0.0208685887187462
0.75,0.0689134073105019
0.75,0.0412229047274107
0.75,0.0276462070313308
0.75,0.0551649926189613
0.75,0.0286504103370907
0.75,0.0156688252362902
0.75,0.0801415144036148
0.75,0.0431625147883366
0.75,0.0240809883725999
0.75,0.103775736569972
0.75,0.0430459161853077
0.75,0.0795005740906674
0.75,0.0410029467601677
0.75,0.045861401633603
0.75,0.0828962725989629
0.75,0.0666826256843071
0.75,0.0324885673674994
0.75,0.0551786531513009
0.75,0.0758007601334439
0.75,0.0509659917100487
0.75,0.0561404914167665
0.75,0.0688820512967314
0.75,0.0749608655561143
0.75,0.0559961007152284
0.75,0.0815467555550675
0.75,0.0402517024743568
0.75,0.11455100260288
0.75,0.047842705184486
0.75,0.0676191847666165
0.75,0.0565507129800394
0.75,0.0893216910057498
0.75,0.0503854796353627
0.75,0.0331959236448347
0.75,0.0871726146435716
0.75,0.023228821879134
0.75,0.0440892174686326
0.75,0.0281475883489924
0.75,0.0499088819556142
0.75,0.0735145486883524
0.75,0.0635448605892196
0.75,0.0725087839820878
0.75,0.0493072571928455
0.75,0.0428157021140967
0.75,0.0269921322450049
0.75,0.0728528648776389
0.75,0.0505327962109422
0.75,0.0324031788323917
0.75,0.0646542913988448
0.75,0.0495457008578944
0.75,-0.0212016546338053
0.75,0.0252515763773638
0.75,0.0688130647713807
0.75,0.0744519172646102
0.75,0.0337459510726962
0.75,0.0654074251574505
0.75,0.0191406431906047
0.75,0.0238321613866387
0.75,-0.00439610815049057
0.75,0.0506392884085473
0.75,0.041319220780654
0.75,0.0840198925241759
0.75,-0.0038182831846102
0.75,0.0596722390401852
0.75,0.021238191422793
0.75,0.0932008204690296
0.75,0.0550561073691354
0.75,0.0861580997022208
0.75,0.0449799096320109
0.75,0.0713139730606735
0.75,0.0297148006669402
0.75,0.0653245658899253
0.75,0.0287734564507107
0.75,0.0310702088045316
0.75,0.00719430427685794
0.75,0.0139252646421634
0.75,0.0263213774451624
0.75,-0.0271164334930218
0.75,0.0736646553867158
0.75,0.0523014322979653
0.75,0.0932800915507654
0.75,0.0276556461331468
0.75,0.0568777442118924
0.75,0.0331871006793976
0.75,0.0618399479412241
0.75,0.101115275823879
0.75,0.0334958845506871
0.75,0.0560928084945309
0.75,0.0489370557536457
0.75,0.0848549625802278
0.75,-0.00200048870457297
0.75,0.0129936409659119
0.75,0.0250322781420649
0.75,0.0731928410067613
0.75,0.0700453324302378
0.75,0.0137257886016557
0.75,0.0603286461295935
0.75,0.0493968387392981
0.75,0.0797537034353783
0.75,0.0493872353347165
0.75,0.00956084812165797
0.75,0.0558287921634221
0.75,0.0158574899113554
0.75,-0.0243041677129703
0.75,0.0586869854502189
0.75,0.0499913164763454
0.75,0.0626889394364659
0.75,0.0368538348952976
0.75,0.034171500816647
0.75,0.0162186292002652
0.75,0.0219711561781337
0.75,0.0146820243361798
0.75,0.0384586502052204
0.75,0.0374030932487971
0.75,0.0180758851098528
0.75,0.0278804095110488
0.75,0.0384330055929133
0.75,0.0128059228508014
0.75,0.0453625740632431
0.75,0.039269147611412
0.75,0.0404585784154643
0.75,0.0339592635170125
0.75,0.0678404280614274
0.75,0.0391904345528244
0.75,0.0252341300575121
0.75,0.0128243470311202
0.75,0.074097405873183
0.75,0.0611216733493624
0.75,0.0463315875152233
0.75,0.0365373840705278
0.75,0.0188491644350729
0.75,0.0295768464099956
0.75,0.0683108986766181
0.75,0.0220708773230637
0.75,0.0476253788786199
0.75,0.0727543483512438
0.75,0.0458462343898144
0.75,0.0428126352171412
0.75,0.012247995036928
0.75,0.0398276425859132
0.75,0.0187266502106434
0.75,0.0782683008091078
0.75,0.0347319859666353
0.75,0.0693615441350216
0.75,0.040624054857938
0.75,0.022765287388767
0.75,0.062393802725187
0.75,0.0122360365967938
0.75,0.075200799245701
0.75,0.0731172882699479
0.75,0.0231167846702008
0.75,0.029013399439888
0.75,0.0490263939974004
0.75,0.017001803667657
0.75,0.0369268584603173
0.75,-0.00369249917823056
0.75,0.0309035318344288
0.75,0.0713435751983143
0.75,-0.00133112606617551
0.75,0.0298858937246984
0.75,0.0664812794086136
0.75,0.0445024511404601
0.75,0.0690259467441454
0.75,0.0948776882361066
0.75,0.0857762615262435
0.75,0.0325565929789352
0.75,0.0688298909210602
0.75,-0.00286653077674484
0.75,0.000576940082076827
0.75,0.0281050428929878
0.75,0.0118197605498833
0.75,0.0391592343569182
0.75,0.0356396686916212
0.75,0.0476143477097835
0.75,0.0961341711856275
0.75,0.0454584527555399
0.75,0.0400495513053727
0.75,-0.00958727321312936
0.75,0.0617449854654677
0.75,0.0297304204510602
0.75,0.0240856409345942
0.75,0.0662869501270199
0.75,0.0690632041264613
0.75,0.0635429358200914
0.75,0.0395290532681852
0.75,0.071291639166695
0.75,0.0452157289643651
0.75,0.0458729665928869
0.75,0.0587124643816634
0.75,0.0177247068057179
0.75,0.0435936857658731
0.75,0.0707238728694597
0.75,0.0383434226331905
0.75,0.00240017319361194
0.75,0.0453401589005725
0.75,0.0164864814580794
0.75,0.0461403974545102
0.75,0.0250166576928308
0.75,0.0776412733035903
0.75,0.0561233490654183
0.75,0.0599654462328999
0.75,0.0188793880767853
0.75,0.0243795219208227
0.75,0.0645548005026025
0.75,0.043641875216802
0.75,0.0358752193287341
0.75,0.0917642302410581
0.75,0.0836022566736181
0.75,0.0521206894325876
0.75,0.0457904301450978
0.75,0.0729813272617786
0.75,0.0157943600711477
0.75,0.0281555852764904
0.75,0.0438253780281221
0.75,0.0234289677523157
0.75,0.0530192265565069
0.75,0.0225543197447683
0.75,0.0925136467689033
0.75,0.0731369396085376
0.75,0.0364301952466271
0.75,0.0746310008977747
0.75,0.0360219674290916
0.75,0.0688283009635277
0.75,0.0362021189522072
0.75,0.0709998317907383
0.75,0.037125698590592
0.75,0.0847676018778945
0.75,0.0804109689675022
0.75,0.0728605878527173
0.75,0.0668277385885641
0.75,0.0359639520230984
0.75,0.0679972394139395
0.75,0.0340604836544697
0.75,0.0187699895080293
0.75,0.0426903446515207
0.75,0.046194517812945
0.75,0.0645381473366728
0.75,0.00164670305543702
0.75,0.0758747772693871
0.75,0.0548195735314049
0.75,0.0432046114232615
0.75,0.00273403517197955
0.75,0.0405845514942368
0.75,0.0599015917648507
0.75,0.0760365582257373
0.75,0.0464681017973258
0.75,0.0602307470896565
0.75,0.0160365330368164
0.75,0.0147836020203105
0.75,0.0607529512383342
0.75,0.0443605881148039
0.75,0.087128720650548
0.75,0.0824623595683191
0.75,0.0772733051389197
0.75,0.0619472365311844
0.75,0.0753788027651766
0.75,0.0920920142731173
0.75,0.0743019731993659
0.75,0.0401563075612105
0.75,0.045782669927178
0.75,0.0335491910570777
0.75,0.0306647420628626
0.75,0.0144960423354576
0.75,0.0783355674169086
0.75,0.0783594625452975
0.75,0.0477403108735285
0.75,0.040859688677492
0.75,0.079367884808032
0.75,0.0239847801289163
0.75,0.042622836566565
0.75,0.0524531806340538
0.75,0.054344322891859
0.75,0.0101816545564272
0.75,0.080868899151277
0.75,0.0495294082143153
0.75,0.0449931377136115
0.75,0.0628071664684365
0.75,0.0313368947443827
0.75,0.0349222557551517
0.75,0.0425732303812658
0.75,0.030508070138072
0.75,0.10626145023261
0.75,0.0433255353665226
0.75,0.0911428712139956
0.75,0.0272027455017733
0.75,0.0572519587982879
0.75,0.0734632923106972
0.75,0.0380375321919273
0.75,0.0776708056504813
0.75,0.0567506649400698
0.75,0.038313197108909
0.75,0.00101669759695885
0.75,0.0189212227786803
0.75,0.048912912953864
0.75,0.0915667613835213
0.75,0.0279321386860105
0.75,0.0289239501078293
0.75,0.00891072375060574
0.75,0.0686583580772483
0.75,0.0802175476431664
0.75,0.0250483286878268
0.75,0.0519617277772639
0.75,0.086198891782152
0.75,0.072469655283991
0.75,0.0584048986281562
0.75,0.0559177297128579
0.75,0.0311937096926484
0.75,0.00837762861132173
0.75,0.0321119211113302
0.75,0.0180037392401882
0.75,0.0199592386352133
0.75,0.0571212185531876
0.75,0.0399721921898842
0.75,0.0500070735583171
0.75,0.0341326582699497
0.75,0.0262112302932958
0.75,0.0488475739962154
0.75,0.0325981198098282
0.75,0.0595330305005039
0.75,0.0272642545117386
0.75,0.062119274069631
0.75,0.0828412450939168
0.75,0.0534900400767338
0.75,0.0190739972444616
0.75,0.0342733765490131
0.75,0.0897754863394284
0.75,0.0494435444267253
0.75,-0.00206712386377335
0.75,0.041388156184956
0.75,0.0405647705114032
0.75,0.0985354523010999
0.75,0.07791178587164
0.75,0.0905008227811794
0.75,0.0639626778057923
0.75,0.0612398941787675
0.75,0.0224530201751276
0.75,0.0370367290265044
0.75,0.0400867798591538
0.75,0.0649524852745189
0.75,0.0241541054317062
0.75,0.0574914517189884
0.75,0.0474586088874176
0.75,0.0939712230786963
0.75,0.0870616760564553
0.75,0.0861465802335385
0.75,0.046833233868845
0.75,0.0336973663980585
0.75,0.0511233138729953
0.75,0.0145685200299816
0.75,0.0395537024533206
0.75,0.0294309723990173
0.75,0.0333425137289405
0.75,0.0408675165859862
0.75,0.0559847734707309
0.75,-0.0097929560661506
0.75,0.0869750161350531
0.75,0.0494210706255982
0.75,0.0643120175092698
0.75,0.0406755978976262
0.75,0.0289708732388345
0.75,0.0119782694022249
0.75,0.010499448892499
0.75,0.0648405805343573
0.75,0.0703016409883746
0.75,0.0547181279935815
0.75,0.0251554240943506
0.75,0.0682890605730674
0.75,0.0156979046007054
0.75,0.0511135285951542
0.75,0.0177955920928584
0.75,-0.000986484429278703
0.75,0.0734948913433051
0.75,0.0590842268871086
0.75,0.0446649577587652
0.75,0.0451906840028482
0.75,0.0389485227234836
0.75,0.0632520020072467
0.75,0.0575593409144646
0.75,0.0399904293463331
0.75,-0.0063669981809743
0.75,0.0422942921461721
0.75,0.0461147480063939
0.75,0.0181535173044167
0.75,0.0621660514671589
0.75,0.0740888858004546
0.75,0.0594032762436254
0.75,0.0676754335953414
0.75,0.066864686742113
0.75,0.0528125091768302
0.75,0.0252547414431141
0.75,0.0973923064336301
0.75,0.0333039271273727
0.75,0.0364884560944434
0.75,0.0906035249493757
0.75,0.0198945773295188
0.75,0.0558678890902006
0.75,-0.0190464365573057
0.75,0.0209791868583263
0.75,0.0381123320790918
0.75,0.012314424664124
0.75,0.0585477312267739
0.75,0.0593294917327703
0.75,0.0535672939954014
0.75,0.0147170026933326
0.75,0.0803410576747311
0.75,0.0575179513102784
0.75,0.0800088354233228
0.75,0.084625265105201
0.75,0.0373002307118146
0.75,0.0370760846557846
0.75,0.0105840074556367
0.75,0.0163295519844071
0.75,0.0946324363758291
0.75,0.0474182380313181
0.75,0.0746310723675985
0.75,0.0504826934478179
0.75,0.0327882051416385
0.75,0.0634528739682523
0.75,0.039742110688883
0.75,0.0502489827183393
0.75,0.0544596684343527
0.75,0.0433177098002599
0.75,0.061785368176243
0.75,0.0502290521471947
0.75,0.0226525521087879
0.75,0.0877156524257653
0.75,0.0397622443499306
0.75,0.0185525158705068
0.75,0.0184050717524216
0.75,0.0619116276812346
0.75,0.036834199858567
0.75,0.0569008156298401
0.75,0.0128018796722045
0.75,0.0793534765612695
0.75,0.0630497273229072
0.75,0.0555962561655156
0.75,0.0447622674016028
0.75,0.0515151916980221
0.75,0.0338308437811748
0.75,0.0594303849347262
0.75,0.0175746813502808
0.75,0.0147389721208027
0.75,0.0488567016670448
0.75,0.0642195605555351
0.75,0.0592580052647903
0.75,0.088226342642306
0.75,-0.00278048882020531
0.75,0.0889698206814526
0.75,0.0394447679749668
0.75,0.0456645137037416
0.75,0.0309675485273529
0.75,0.0527466170002545
0.75,0.064220036965206
0.75,0.0447551044160106
0.75,0.0383783075296265
0.75,0.0441406847518787
0.75,0.0581317781161328
0.75,0.036579089706894
0.75,0.0991256291160312
0.75,0.0507929258280029
0.75,0.0460765443579186
0.75,0.0549541707640314
0.75,-0.0300318558844305
0.75,0.0684338670266931
0.75,0.0744342679539823
0.75,0.0405492219881301
0.75,0.048429453922607
0.75,0.0373427181560584
0.75,0.0666901877431835
0.75,0.0811036966239043
0.75,0.0392078315614381
0.75,0.0642863931958889
0.75,0.0405938419082221
0.75,0.0177493400170821
0.75,0.041452532462939
0.75,0.0627277932267807
0.75,-0.00276725508005329
0.75,0.060454330882613
0.75,0.0706584829628874
0.75,0.0461612468898392
0.75,0.0270960357392673
0.75,0.0291171306708679
0.75,0.0472348941537818
0.75,0.0737283298438337
0.75,0.0484021598209156
0.75,0.0516214693604035
0.75,0.0255237240612096
0.75,0.0405253299479209
0.75,0.0522759431099764
0.75,0.0491166458177454
0.75,0.0625782281324717
0.75,0.0376523399700976
0.75,0.0512584783169502
0.75,0.0316871626785756
0.75,0.0670239308652542
0.75,0.021635018353808
0.75,0.0223652714203337
0.75,0.0645415266834174
0.75,0.0524482520451293
0.75,-0.000118148431921863
0.75,0.0603055278988403
0.75,0.0671733529663111
0.75,-0.00625522231794683
0.75,0.0403136693172132
0.75,0.0478540348979804
0.75,0.0927960559910078
0.75,0.0434450606943582
0.75,0.0564660017402914
0.75,0.0651333807497011
0.75,0.0603425358852932
0.75,0.020392803535315
0.75,0.0178500949941594
0.75,0.0419918653096492
0.75,0.0598568251540963
0.75,0.0459302896433282
0.75,0.0223635357938811
0.75,0.0141165821449118
0.75,0.0512774466379035
0.75,0.0447009017463818
0.75,0.068582017968821
0.75,0.0664247878231769
0.75,0.0394687665152102
0.75,-0.000902708517426745
0.75,0.0769852126292755
0.75,0.0161282354111295
0.75,0.0692862561897161
0.75,0.0680579357720781
0.75,0.0640993778303565
0.75,0.0193550938250606
0.75,0.0327538775190833
0.75,0.0499123270138384
0.75,0.103606505199465
0.75,0.0309036805915776
0.75,0.0962592211588907
0.75,0.0588801080836328
0.75,0.100037647208019
0.75,0.0453734203458482
0.75,0.0553381761006155
0.75,0.026658905984199
0.75,0.0604482498636644
0.75,0.0602402677948537
0.75,0.0538945527747446
0.75,0.0333753703607963
0.75,0.0237522397536212
0.75,0.0174308581621856
0.75,0.0557833587463353
0.75,0.0858750540144908
0.75,0.0796953231366414
0.75,0.0375764324511061
0.75,0.0634050152456787
0.75,0.0511829967363141
0.75,0.0478609748318655
0.75,0.0350325216290536
0.75,0.0578899177065107
0.75,0.0530014924878788
0.75,0.0617776545054223
0.75,-0.0101016212830948
0.75,0.0482209298832529
0.75,0.015140319476436
0.75,0.0831533114422406
0.75,0.071327609288034
0.75,0.0792572192938562
0.75,0.0317198800621786
0.75,0.050739152208165
0.75,0.0520369120817574
0.75,0.00117238250456393
0.75,0.0351715760854898
0.75,0.0764439193287986
0.75,0.0492100507555963
0.75,0.0910036030531284
0.75,0.0956794225377278
0.75,0.0269383850442938
0.75,-0.0213777915826976
0.75,0.0543540493207624
0.75,0.0352874663238668
0.75,0.0459205832285683
0.75,0.0300581248303625
0.75,0.0671334112101543
0.75,0.0776375915354127
0.75,0.028740785157321
0.75,0.0630573957910871
0.75,0.0298379221784331
0.75,0.0411722317305671
0.75,0.0752603390852094
0.75,0.0813595162013348
0.75,0.0432397606879548
0.75,0.066546550525853
0.75,0.0579539625209553
0.75,0.0468504641119403
0.75,0.0125921191080184
0.75,0.0380096096819522
0.75,0.0418835003536753
0.75,0.0702273604044722
0.75,0.0412366587812379
0.75,0.0192769621606457
0.75,0.0477897432610545
0.75,0.0175772148171916
0.75,0.0375874122432588
0.75,0.0828454982800895
0.75,0.0643323536507128
0.75,0.0820123203051384
0.75,-0.0155335915885374
0.75,0.0851344212111779
0.75,0.0246205517077245
0.75,0.0614994116638647
0.75,0.0533555468536593
0.75,0.0642079235253442
0.75,0.00864994572153426
0.75,0.0860756749156396
0.75,0.0523597298144996
0.75,0.0731887194050729
0.75,0.0463228515721943
0.75,0.0469437566499675
0.75,0.0149688254923352
0.75,0.00593679066046259
0.75,0.0128977522300876
0.75,0.0794889747316329
0.75,0.0972090047717818
0.75,0.0548494735993311
0.75,0.0795824777204525
0.75,0.0135456076988377
0.75,0.110816587860307
0.75,0.0307681050971671
0.75,0.0154108722051826
0.75,0.0709926769247534
0.75,0.0792470703301444
0.75,0.0626701638306553
0.75,0.0507173795831806
0.75,0.0701039936390659
0.75,0.0384015843019879
0.75,0.0300515388806967
0.75,0.0260414045625727
0.75,0.0216524335009985
0.75,0.0158522303471472
0.75,0.0593991897776314
0.75,0.0712570296356186
0.75,0.0492099074056248
0.75,0.0243672426952614
0.75,0.0635260160765417
0.75,-0.0116266814118878
0.75,0.037734319661898
0.75,0.0599761924360505
0.75,0.0519301691973511
0.75,0.0798201119093894
0.75,0.0350904640251485
0.75,0.0703747028804018
0.75,0.0774304565074512
0.75,0.0729108557340114
0.75,0.0696844719834646
0.75,0.0424823998925684
0.75,0.0560713442999781
0.75,0.0582166813338357
0.75,0.0654201291804757
0.75,0.0436904826827235
0.75,0.0233984406506395
0.75,0.0747007988299114
0.75,0.0927975487896854
0.75,0.0582627801749437
0.75,0.0540341255552342
0.75,0.0665029994013941
0.75,0.0404353987296889
0.75,0.0641519267269517
0.75,0.0554397236317848
0.75,0.0556750702566835
0.75,0.0756698646105959
0.75,0.0498214754283769
0.75,0.0481281639801225
0.75,0.0206161224805261
0.75,0.0697892371520869
0.75,0.0293379648760889
0.75,0.0283999347499065
0.75,0.0773953703872204
0.75,0.042395977893393
0.75,0.0253344944224372
0.75,0.0262036146082709
0.75,0.0779235016430979
0.75,0.0286360334553249
0.75,0.00852856734642302
0.75,0.0610607871464266
0.75,0.0235853686367739
0.75,0.0516822810556409
0.75,0.0584329252014009
0.75,0.0801426467353256
0.75,0.0365181787079808
0.75,0.0607329200365276
0.75,0.0278896297985672
0.75,0.0435152335822936
0.75,0.0566731495782789
0.75,0.0758982628508392
0.75,0.0407948129770443
0.75,0.0649400679678109
0.75,-0.0251306187552667
0.75,0.0486520345228494
0.75,0.0531577030640789
0.75,0.0267362541952096
0.75,0.0842202111230904
0.75,0.0358365484745394
0.75,0.0740874052653305
0.75,0.0961213455512105
0.75,0.0170873861097058
0.75,0.056052875253582
0.75,0.053989184349574
0.75,0.0198279612469609
0.75,0.0782985515597633
0.75,0.0412097577073293
0.75,0.0533471891132426
0.75,0.036371909762674
0.75,0.0264006624335541
0.75,0.0160492008988075
0.75,0.0270356726326827
0.75,0.0425791906342336
0.75,0.0753482355789322
0.75,-0.000745135374049685
0.75,0.0207014233029893
0.75,0.0601894683746265
0.75,0.0253366200274443
0.75,0.0724467837344326
0.75,0.0577641546653747
0.75,0.0222505160863468
0.75,0.0632337202004601
0.75,0.0482400315189196
0.75,0.0227425222813878
0.75,0.0308900549300776
0.75,0.0599577177887636
0.75,0.0781979315459362
0.75,0.0657589632687366
0.75,0.0588923159297914
0.75,0.0368501346099767
0.75,0.0937931676885832
0.75,0.0473715033024784
0.75,0.0942109904197252
0.75,0.00816144715751769
0.75,0.101780137842604
0.75,0.0294769950404822
0.75,0.0963056481027453
0.75,0.0532348982381817
0.75,0.0543131806027857
0.75,0.0579263282616396
0.75,0.0673795456027077
0.75,0.0435403678208307
0.75,0.0773064267460078
0.75,0.0367182731075684
0.75,0.0269428255574126
0.75,0.0606948803349711
0.75,0.0588470114894255
0.75,0.0189644073772089
0.75,0.0397411182844901
0.75,0.0789357460048816
0.75,0.0226392317720829
0.75,0.0751242254499634
0.75,0.0574849231776671
0.75,0.0185603235287946
0.75,0.0583134247341572
0.75,0.0294933005999026
0.75,0.068962347491514
0.75,0.0193374102807092
0.75,0.0602269531590559
0.75,0.0262946690079708
0.75,0.0576371671215221
0.75,0.0460372185788979
0.75,0.0690414082047841
0.75,0.0507841025701488
0.75,0.0754448356129588
0.75,0.0109837801024464
0.75,0.0821881531209823
0.75,0.0601724896263678
0.75,0.0495248567643613
0.75,0.0399788775111608
0.75,0.010536428819218
0.75,0.0425726567556379
0.75,0.0459454781240194
0.75,0.0771161216407921
0.75,0.0664145757295357
0.75,0.0264395397795248
0.75,0.0774938905439109
0.75,0.0572612664636963
0.75,0.0552372907864246
0.75,0.0545034245424714
0.75,0.0152116038476034
0.75,0.0521536155932808
0.75,0.0372227781029779
0.75,0.0504224377198077
0.75,0.00369455966994946
0.75,0.0673623915619152
0.75,0.0955732996660476
0.75,0.0359596151554587
0.75,0.0284389780525263
0.75,0.0933214614522098
0.75,0.0332532730748787
0.75,0.0274667001428074
0.75,0.0316201505008845
0.75,0.0605310454704327
0.75,0.0638095246042961
0.75,0.0313782997063806
0.75,0.0325578831741285
0.75,0.0572170063346053
0.75,0.0225550291467478
0.75,0.0913757044813595
0.75,0.028068788261673
0.75,0.0624516853362586
0.75,0.064909307126854
0.75,0.0890931339526357
0.75,0.0603271129861102
0.75,-0.0103813332767691
0.75,0.0709624573514159
0.75,0.0699559147650034
0.75,0.0687480091921706
0.75,0.0516477604671663
0.75,0.00889433882148933
0.75,0.0719328390104718
0.75,0.0324284199587098
0.75,0.0605130845278327
0.75,0.0579418258825496
0.75,0.0645234040816666
0.75,0.0606979349635865
0.75,0.0345517130272305
0.75,0.0784591531425433
0.75,0.0530987589138583
0.75,0.0475871777306704
0.75,0.0697586162539958
0.75,0.0613744704280445
0.75,0.085545522230135
0.75,0.0505932831168676
0.75,0.0775000914538012
0.75,0.0373324687296185
0.75,0.0917677745904511
0.75,0.0407643364277047
0.75,0.0632276671155176
0.75,0.0335232545021925
0.75,0.0213030919587721
0.75,0.0433597960493095
0.75,0.0537930934558677
0.75,0.0604708165942242
0.75,0.0176715688142664
0.75,0.0346039793157398
0.75,0.0496995290538123
0.75,0.0385637476802106
0.75,0.091451950176077
0.75,0.0438462917083073
0.75,0.0655412084232095
0.75,0.0511809542907607
0.75,0.0518669066449663
0.75,0.0299606858850513
0.75,0.0716870286081646
0.75,0.0602987633808805
0.75,0.0559205613717665
0.75,0.0503950811695002
0.75,0.0633908216803371
0.75,0.0169820924094377
0.75,0.0487835002022163
0.75,0.0932650782867333
0.75,0.0511450332001081
0.75,0.0506413853027653
0.75,0.0391944769028819
0.75,0.04893934206768
0.75,0.0180629880858915
0.75,-0.0124128338509966
0.75,0.0580002253832653
0.75,0.0690390865779793
0.75,0.0401146874352047
0.75,0.0352905624464021
0.75,0.0122916380508007
0.75,0.00626226760029618
0.75,0.036822776478648
0.75,0.0511501096562605
0.75,-0.010193686504357
0.75,0.0185210711423485
0.75,0.0656737805279355
0.75,0.115584536521611
0.75,0.060903373045993
0.75,0.0498224515728998
0.75,0.0484436018871635
0.75,0.0469197910149373
0.75,0.0210575100835847
0.75,0.0240152529866145
0.75,0.025053531735252
0.75,0.031931667544636
0.75,0.0950724862012154
0.75,0.00150736083765765
0.75,0.0656765609025622
0.75,0.0499256991726301
0.75,0.0560751400031172
0.75,0.0252479906097408
0.75,0.0782164067996078
0.75,0.0370891238129592
0.75,0.0840739432925702
0.75,-0.00506573786764423
0.75,0.0451237614543981
0.75,0.043539119549089
0.75,0.0683507577455638
0.75,0.0466594994465024
0.75,0.0246146051549028
0.75,0.0190637820336419
0.75,0.0311013819823627
0.75,0.0483446072732559
0.75,0.0585073321726961
0.75,0.0144112904644227
0.75,0.0275202646505889
0.75,0.0493218408024858
0.75,0.0208467253808009
0.75,0.0498970142750264
0.75,0.0179555878566533
0.75,0.0443288259113004
0.75,0.0731886613737925
0.75,0.0579809252873212
0.75,0.0821348040954848
0.75,0.0351087063570715
0.75,0.0818674211228422
0.75,0.0305675441274283
0.75,-0.0137271510476938
0.75,0.0974197259073284
0.75,0.0326128984310946
0.75,-0.00283144088178012
0.75,0.0622316743083371
0.75,0.0293412280163235
0.75,0.064749416258671
0.75,0.0496527104837353
0.75,0.085793763681011
0.75,0.0375156297977482
0.75,0.048252804206579
0.75,0.0727785088757996
0.75,0.0216703995628345
0.75,0.0487028403187247
0.75,0.085182006695025
0.75,0.0519053482794775
0.75,0.0457582443758564
0.75,0.0273655610216072
0.75,0.0740950333247108
0.75,0.0853524777485163
0.75,0.0089771919213238
0.75,0.0262788750079853
0.75,0.0418536411165197
0.75,0.086389131253654
0.75,0.045175864781604
0.75,0.0359508368436491
0.75,0.0459783692832994
0.75,0.0109819697040483
0.75,0.0596977185192892
0.75,0.015713758102518
0.75,0.0770983347393162
0.75,0.0374139251334273
0.75,0.0120133451188185
0.75,0.035264121211203
0.75,0.0627935256419521
0.75,0.00579438053129724
0.75,0.0257789922104053
0.75,0.0239120646967877
0.75,0.0910567553376403
0.75,0.040636717956658
0.75,0.027441948162798
0.75,0.0183156458569739
0.75,0.0331604375473332
0.75,0.0386091757619745
0.75,0.0494868131941775
0.75,0.0266766411715104
0.75,0.0432446324987558
0.75,0.0283720474267536
0.75,0.0131579854504809
0.75,0.0688110232781026
0.75,0.0452608675278123
0.75,0.0575142541638001
0.75,0.0433668296938771
0.75,0.0685453571600371
0.75,0.0426970573037869
0.75,0.0421202621066825
0.75,0.047051523114169
0.75,0.0151155835740338
0.75,0.108916806488171
0.75,0.0477027812372847
0.75,0.0377579803108397
0.75,0.070889175409935
0.75,0.0567839337992424
0.75,0.0540300334517494
0.75,0.067098944830615
0.75,0.0830197892759969
0.75,0.0763481332443241
0.75,0.0408166448520117
0.75,0.045507988378027
0.75,0.0636418951640968
0.75,0.0427979050807448
0.75,0.0580664742201464
0.75,0.0646128493308288
0.75,0.0609109566157127
0.75,0.0532384490760472
0.75,0.0453290847477171
0.75,0.0605458098483679
0.75,0.051857284607965
0.75,-0.00123135437953019
0.75,0.0635410663358684
0.75,0.0177524947256672
0.75,0.0486575238561211
0.75,0.0486084735039285
0.75,0.0375731975500948
0.75,0.0492293380001259
0.75,0.0590982176573145
0.75,0.0466238186429267
0.75,0.0378739763921771
0.75,0.0902714105939827
0.75,0.0494217129479099
0.75,0.0527809910687432
0.75,0.0634768995520982
0.75,0.0333573232394515
0.75,0.0529443951607054
0.75,0.0359019731631927
0.75,0.0473765569337094
0.75,0.0556046432172547
0.75,0.0554576056222255
0.75,0.060045346832448
0.75,0.0646009145372566
0.75,0.0307354237893212
0.75,0.0173981608414452
0.75,0.079661370809404
0.75,0.0451302078314557
0.75,0.0493476885097726
0.75,0.0782623851277788
0.75,0.0793025767658666
0.75,0.0882873121921128
0.75,0.0279928715464802
0.75,0.0383838142128048
0.75,0.0678288804630402
0.75,0.0032659398991631
0.75,0.059689030446203
0.75,0.0273760549012587
0.75,0.0254037349246353
0.75,-0.0142571698783949
0.75,0.0316392708337873
0.75,0.0178327029447218
0.75,0.0637935310447316
0.75,0.0603924098849114
0.75,0.0341503586584432
0.75,0.0491622135217702
0.75,0.0328726812222157
0.75,0.0304138161335363
0.75,0.0739481942004203
0.75,0.00466802910143644
0.75,0.0240968399274007
0.75,0.0563527377861421
0.75,0.0517023097551392
0.75,0.0521531770560896
0.75,0.0229834879701958
0.75,-0.00292337616880835
0.75,0.0257669263955495
0.75,0.0652080727654578
0.75,0.0563136608276642
0.75,0.0299068167258182
0.75,0.054900910462604
0.75,0.0116283368484861
0.75,0.0533518455532659
0.75,0.0508154271315013
0.75,0.0237214782323408
0.75,0.0550212851251777
0.75,0.0838381879295602
0.75,0.0707184070429099
0.75,0.0436783564787392
0.75,0.0707242143687443
0.75,0.0621520442899
0.75,0.0593417017015013
0.75,0.0175682339848658
0.75,0.0351312965749159
0.75,0.0548169359535159
0.75,0.0654649054791717
0.75,0.0387152029837443
0.75,0.082792439862869
0.75,0.0447091503410722
0.75,0.0548119902120433
0.75,0.0458071156792712
0.75,0.0969962139769573
0.75,0.0921350669150989
0.75,0.0220496205688261
0.75,0.0905252218151984
0.75,0.0884273884598967
0.75,0.0299372326894714
0.75,0.0050201569214275
0.75,0.0402622642062303
0.75,0.0520159602649753
0.75,0.0376876896015729
0.75,0.0357770727001584
0.75,0.0539725565565155
0.75,0.0791079055233386
0.75,0.0526013404279988
0.75,0.0798057134378939
0.75,0.0365154490772365
0.75,0.0260331264266801
0.75,0.0683655585165408
0.75,0.0153656174030749
0.75,0.036846287144445
0.75,0.0555697984992277
0.75,0.00230624913496819
0.75,0.0791450091712026
0.75,0.0468260652316319
0.75,0.0591994829738462
0.75,0.0606483295253068
0.75,0.0613822334268554
0.75,0.017270777287859
0.75,0.0295675726820763
0.75,0.0768411981305417
0.75,0.0415671636037647
0.75,0.0676274663010953
0.75,0.0388183864711624
0.75,0.0338879416312426
0.75,0.0600092857834435
0.75,0.0427546318505459
0.75,0.0670668730070466
0.75,0.0480413640595436
0.75,0.0338653472918905
0.75,0.0467020366074613
0.75,0.0779619819802819
0.75,-0.0103564051560516
0.75,0.0614689474044355
0.75,0.0692772182167767
0.75,0.0441541103926632
0.75,0.0548913665691706
0.75,0.0584217180692593
0.75,0.0509266537135531
0.75,0.0818400796263398
0.75,0.0482865565322995
0.75,0.0589894956466248
0.75,0.0910003292970543
0.75,0.051672836379597
0.75,0.0485710997910688
0.75,0.0409837401836242
0.75,0.0466235193670312
0.75,0.048591811094758
0.75,0.0795138315991049
0.75,0.0619328945215371
0.75,0.0347940287168085
0.75,0.0639542737353532
0.75,0.0324368139277086
0.75,0.0333935301135344
0.75,0.074454750080145
0.75,0.0397743844536379
0.75,0.0450606801008908
0.75,0.0225818782669131
0.75,0.0679417106848445
0.75,0.0443892839953488
0.75,0.0500906816115438
0.75,0.0458765284875354
0.75,0.0296381983897241
0.75,0.0518384508733195
0.75,0.0519016920235909
0.75,0.0172573010860103
0.75,0.0720343564096286
0.75,0.0632293269145429
0.75,0.0150132534045667
0.75,0.0339426920352042
0.75,0.0804824054846946
0.75,0.0439990624165021
0.75,-0.00199867847730029
0.75,0.0352526960567427
0.75,0.0615439058184631
0.75,0.0409261151059076
0.75,-0.0110870097911035
0.75,0.0273983573806906
0.75,0.0418737320200371
0.75,0.0428947639462206
0.75,0.0521753870407404
0.75,0.0551121890607773
0.75,0.080102275296068
0.75,0.0700397787666939
0.75,0.0663897163872952
0.75,0.0211428071689908
0.75,0.0460333349424668
0.75,0.0397638392417778
0.75,0.0908619843251879
0.75,0.0180953017577572
0.75,0.102113688767423
0.75,0.0396628723816825
0.75,0.00818663298353248
0.75,0.0481554377587509
0.75,0.08099901135407
0.75,0.0372520196054223
0.75,0.0974958838789749
0.75,0.0581119895634038
0.75,0.0299180675899616
0.75,0.0341257458897737
0.75,0.0320689326445376
0.75,0.0491775182697568
0.75,0.0253162888397056
0.75,0.0687529472988216
0.75,0.068937436806321
0.75,0.0442187132024533
0.75,0.0759500043478044
0.75,0.0508180233309435
0.75,0.0485265792389306
0.75,0.0534782634335706
0.75,0.0916430418049198
0.75,0.0759758164973594
0.75,0.0450244626738136
0.75,0.0788892421034965
0.75,0.0611789936961287
0.75,0.0602725427327026
0.75,0.0520459070534432
0.75,0.0480248535480981
0.75,0.0401382048841081
0.75,0.0753207758236411
0.75,0.0291838007988476
0.75,0.0416808313734839
0.75,0.0880751543933689
0.75,0.0502420143337626
0.75,0.0469498343416772
0.75,0.0620677031807551
0.75,0.0606600478972833
0.75,0.0520008824209778
0.75,0.0270177350116328
0.75,0.0553297947235556
0.75,0.0197686291076082
0.75,0.0852691011383867
0.75,0.0104044567804195
0.75,0.0356893199137581
0.75,0.0940755841662569
0.75,0.0629704440431219
0.75,0.040541624057914
0.75,0.01632850739419
0.75,0.0420193889800028
0.75,-0.00972382082113816
0.75,0.0525366905690736
0.75,0.0388128723584935
0.75,0.046218590656363
0.75,0.0227236210426122
0.75,0.0403969040754754
0.75,0.0722598016019953
0.75,0.0575895565756504
0.75,0.0576736671136834
0.75,0.0751171911634345
0.75,0.0362855463517661
0.75,0.0819508371896274
0.75,0.0360601099706691
0.75,0.0942300547586115
0.75,0.0455442158707298
0.75,0.0353929848327994
0.75,0.055764308271309
0.75,0.053750101825748
0.75,0.0195262089097518
0.75,-0.0234266810860984
0.75,0.128528424768101
0.75,0.0748633559849685
0.75,0.0501113834008645
0.75,0.0707347516882851
0.75,0.0833962992712214
0.75,0.0653478947466084
0.75,0.0235687723594346
0.75,0.052785826049135
0.75,0.0458224150476885
0.75,0.0414514471114071
0.75,0.0546240356150548
0.75,0.0840477231422008
0.75,0.0353113127345909
0.75,0.04646394721087
0.75,0.0890767446088545
0.75,0.0610613910452582
0.75,0.0376627465055083
0.75,0.0770950211757598
0.75,0.0227345723222003
0.75,0.0254138773198026
0.75,0.0806546773654361
0.75,0.0322940117845837
0.75,0.0576508451515245
0.75,0.0769539811577373
0.75,0.0624877306195894
0.75,0.0467350290470235
0.75,0.0397333098379689
0.75,0.0578078109910424
0.75,0.0749209228326593
0.75,0.0476420465614268
0.75,0.0372900021946476
0.75,-0.00425153958398422
0.75,0.0193810187627086
0.75,0.0619719644256922
0.75,0.0453944537428169
0.75,0.0607280799635845
0.75,0.034421659201564
0.75,0.0686662011561642
0.75,0.0318447580276036
0.75,0.0190864123152637
0.75,0.0529569924606556
0.75,0.0679512347491482
0.75,0.0380682747504506
0.75,0.00826254295537447
0.75,0.0921970559368295
0.75,0.0607164767822537
0.75,0.0543780942646711
0.75,0.0396642852161107
0.75,0.0547974767791179
0.75,0.106297568898108
0.75,0.0653357403403976
0.75,0.077013431570584
0.75,0.0227344803148256
0.75,0.0599998227255623
0.75,0.0166862714541804
0.75,0.0621610345199679
0.75,0.0851015638795844
0.75,0.0422473405419688
0.75,0.0578834395576913
0.75,0.0778115762609922
0.75,-0.0022812965883764
0.75,-0.0119843206417895
0.75,0.0605705966111142
0.75,0.10574451292842
0.75,0.0249474809063428
0.75,0.0671625387423011
0.75,0.0189558210216477
0.75,0.071477566999493
0.75,0.0396444907711771
0.75,0.0764394686838462
0.75,0.0543263300055283
0.75,0.0768182019364955
0.75,0.0471122413448956
0.75,0.0770479334092688
0.75,0.0480764132965031
0.75,0.00553029648879589
0.75,0.0546650362568284
0.75,0.0515446443615699
0.75,0.0839923941090069
0.75,0.0351030265105153
0.75,0.0331912193717067
0.75,0.0656389105772122
0.75,0.0483581770180195
0.75,0.0601857710375673
0.75,0.0682142284148988
0.75,0.037960638701625
0.75,0.0469281661122938
0.75,0.0819725320595983
0.75,0.0701145526574292
0.75,0.0617592985330946
0.75,0.0523689343396505
0.75,0.0624821191258594
0.75,0.036318213117881
0.75,0.0557569322990765
0.75,0.0719569807290843
0.75,0.0345070915020871
0.75,0.0459493190308212
0.75,0.0620540905715272
0.75,0.0913971994114709
0.75,0.0281619706526458
0.75,0.0305361804241345
0.75,0.0780877450705153
0.75,0.073735525431207
0.75,0.0583363997868162
0.75,0.0463820535683241
0.75,0.0277738309233962
0.75,0.015750111834285
0.75,0.101249322472996
0.75,0.0682572583990954
0.75,0.0316435244115072
0.75,0.0243083486408822
0.75,0.0742878800827689
0.75,0.101102878156805
0.75,0.0697333391437269
0.75,0.0362464345535847
0.75,0.0493262533982038
0.75,-0.00879272045855578
0.75,0.0646884596792188
0.75,0.0650330512229741
0.75,0.0133823472704526
0.75,-0.0152139961023535
0.75,0.0547894575906022
0.75,0.042603487931941
0.75,0.0821082054190588
0.75,0.0614454271270244
0.75,0.0159443331202348
0.75,0.0453042556826442
0.75,0.00722778689884787
0.75,0.0452900221600799
0.75,0.0476636928823942
0.75,0.0514813407028691
0.75,0.0699620850909638
0.75,0.0562693507099632
0.75,0.0538454398562869
0.75,0.0309339833185482
0.75,0.0538524649957616
0.75,0.042611276742043
0.75,0.0677220225701269
0.75,0.0259512954305205
0.75,0.0326588148833902
0.75,0.0253505874557302
0.75,0.0468112075897813
0.75,0.0615138583319705
0.75,0.032961428573117
0.75,0.0482226746546326
0.75,0.0566518016445018
0.75,0.064573289084535
0.75,0.0493371510343901
0.75,0.0488818648145306
0.75,0.0833090489667532
0.75,0.0478557521559297
0.75,0.0291047139658883
0.75,0.0526608452887131
0.75,0.0804796789214224
0.75,0.0694210454045432
0.75,0.0565963903648493
0.75,0.0358133936402036
0.75,-0.000369462050452944
0.75,0.0699337305152074
0.75,0.035235637022733
0.75,0.0673056337120197
0.75,0.0435108133059346
0.75,0.0604339296505075
0.75,0.060122357737616
0.75,0.0452858627074842
0.75,0.0584755526674429
0.75,0.0673894074466022
0.75,0.0241041376351441
0.75,0.0207257312996754
0.75,0.0325143499824797
0.75,0.063192968183909
0.75,0.0197667814947831
0.75,0.0486020283522923
0.75,0.0444412078601766
0.75,0.045879779450114
0.75,0.0550518363882776
0.75,0.0707147147054135
0.75,0.0491379631540569
0.75,0.109740091201232
0.75,0.0221700937404401
0.75,0.0496477507881755
0.75,0.0698669782655589
0.75,0.0544051915693922
0.75,0.0185669303814082
0.75,0.104281241986313
0.75,0.0364799099894192
0.75,0.078716924000415
0.75,0.0499388451554023
0.75,0.0393384340607928
0.75,0.0441680591991308
0.75,0.0291032623755378
0.75,0.0557537191694521
0.75,0.0435109902868392
0.75,0.0924656344549996
0.75,0.0453446099167242
0.75,0.0407850988056897
0.75,0.0872306943964487
0.75,0.0110852827690692
0.75,0.0178510607830691
0.75,0.0178969762549665
0.75,0.0281092029610573
0.75,0.00729053553597187
0.75,0.0391996468938205
0.75,0.0180000644855442
0.75,0.0866132514584647
0.75,0.0832537286848987
0.75,0.062781036257585
0.75,0.0547665448115718
0.75,0.0232867104712144
0.75,0.0357073693551883
0.75,-0.0417114936188333
0.75,0.0573572747928694
0.75,0.0483063055185552
0.75,0.0135607215947155
0.75,0.0734316432505501
0.75,0.0158730752430151
0.75,0.0402198611347013
0.75,0.0299368567893198
0.75,0.0298280889898064
0.75,0.0777848692771247
0.75,0.0205570870439892
0.75,0.0563299593675668
0.75,0.0548229900338542
0.75,0.0609832859588024
0.75,0.034620852197402
0.75,0.0278366020603787
0.75,0.0424084913917892
0.75,0.0497380518582212
0.75,0.0396186778892889
0.75,-0.00890728047461673
0.75,0.0365253675212206
0.75,0.0584459651383568
0.75,0.0536381823762788
0.75,0.0267255036569868
0.75,0.0688352223383825
0.75,0.0399898222589972
0.75,0.0667432611660267
0.75,0.0379722427923915
0.75,0.0941048990844475
0.75,0.0577407034119806
0.75,0.0805281216529105
0.75,0.0317283030022727
0.75,0.0543469926814965
0.75,0.0679524204866879
0.75,0.0566188649547825
0.75,0.08871846279307
0.75,0.0602637448556747
0.75,0.030331248578474
0.75,0.0540880564341199
0.75,0.00294667708008169
0.75,0.113222074446066
0.75,0.0609848132421038
0.75,0.061221048565821
0.75,0.0456980237837558
0.75,0.0218451528727456
0.75,0.0297081595063976
0.75,0.0228093239096494
0.75,0.0334969240884087
0.75,0.0142438130197618
0.75,0.0548200056046852
0.75,0.0587641673767775
0.75,0.05238526256931
0.75,0.0357551311269022
0.75,0.0802699706272118
0.75,0.0503479723202966
0.75,0.0290474906091187
0.75,0.0501503592011084
0.75,0.0437280029458022
0.75,0.0302797318405198
0.75,0.0348576791721375
0.75,0.053463810934282
0.75,0.0698795235731072
0.75,0.0864983788731561
0.75,0.0364659054235559
0.75,0.0284886489386879
0.75,0.0510693583751999
0.75,0.0422121893621775
0.75,0.060395557920229
0.75,0.02840390829862
0.75,0.0414039156332108
0.75,0.0332015893089914
0.75,0.0388707916066433
0.75,0.0604187292219908
0.75,0.020071677930324
0.75,0.0209028701195657
0.75,0.0567909697773315
0.75,0.0239621827126584
0.75,0.0684371010359999
0.75,0.0295525476813863
0.75,0.000913055338525313
0.75,0.0470798174066755
0.75,0.0382851285224187
0.75,0.0564432365219843
0.75,0.0609099416882187
0.75,0.069633796062699
0.75,0.0093812676661
0.75,0.0433245270655002
0.8,0.0318058890225578
0.8,0.00556735984460607
0.8,0.0392588138973942
0.8,0.0745136709389381
0.8,0.0801667812102783
0.8,0.0404521360961668
0.8,0.0885889347859836
0.8,0.0843074466421488
0.8,0.0496965203499676
0.8,0.0368358252003668
0.8,0.013574514930654
0.8,0.0105512701662981
0.8,0.0859894359455204
0.8,0.0649099921791672
0.8,0.0533870503396158
0.8,0.0778198649044833
0.8,0.064072807807116
0.8,0.078043615186518
0.8,-0.00429200317975589
0.8,0.0346338294641875
0.8,0.0772032434129524
0.8,0.0637080627116054
0.8,0.00811891916949595
0.8,0.051437375563877
0.8,0.0455349170161452
0.8,-0.0131361286880677
0.8,0.0256443433448949
0.8,0.0562451903025596
0.8,0.0440430742816422
0.8,0.0357577030801042
0.8,0.0496709180715649
0.8,0.0180320532341499
0.8,0.08179900859208
0.8,0.0327846411699563
0.8,0.0312787523577501
0.8,0.0453439345572833
0.8,0.0676653686084359
0.8,0.0327362671313718
0.8,0.0502336900615012
0.8,0.0238941600884514
0.8,0.00949411756455443
0.8,0.0546486878654244
0.8,0.0413336098606437
0.8,0.0874377965736988
0.8,0.0152145079756167
0.8,0.0456769398658977
0.8,0.0608013903984817
0.8,0.108963330157624
0.8,0.0491955072031383
0.8,0.0662571041553707
0.8,0.0291603809465878
0.8,0.046223341276509
0.8,0.0382368107298133
0.8,0.0766061121755292
0.8,0.0522920450405104
0.8,0.0317545228559318
0.8,0.0884243510508339
0.8,0.0256925401938629
0.8,0.038178644486531
0.8,0.0428566991055972
0.8,0.0644738635645124
0.8,0.0682914828650448
0.8,0.0929049364070526
0.8,0.0455066446751807
0.8,0.0538228081639431
0.8,0.0241385410089313
0.8,0.0340086145752142
0.8,0.0329787551103049
0.8,0.0498579575672958
0.8,0.0514985787536762
0.8,0.0786869396029628
0.8,0.0070391588200461
0.8,0.0414689723276736
0.8,0.0693595944306126
0.8,0.0803359199844433
0.8,0.00436990619117464
0.8,0.052253857881172
0.8,0.0731261490149078
0.8,0.0425909502284832
0.8,0.0429530082157747
0.8,0.0581967733815047
0.8,0.0569648863895827
0.8,0.0819351688292255
0.8,0.0592715929074326
0.8,0.0689563104815212
0.8,0.046287737375831
0.8,0.0591032592569191
0.8,0.0691468006061027
0.8,0.0656584273293256
0.8,0.0892991298123705
0.8,0.0451995602888236
0.8,0.0807574896348899
0.8,0.0195809069166633
0.8,0.000590471532419352
0.8,0.0546164440918203
0.8,0.0541206713381427
0.8,0.0812017529771705
0.8,0.10717448907132
0.8,0.0356590542817916
0.8,0.0699787686122155
0.8,0.106526706980478
0.8,0.0164333399921275
0.8,0.070967487043871
0.8,0.0515439213922072
0.8,0.0322746309553966
0.8,0.0860891022397322
0.8,0.0615837302669319
0.8,0.0686258118844588
0.8,0.0128507229454881
0.8,0.053266547200014
0.8,0.0793112442504728
0.8,0.0475051539349967
0.8,0.084549689443811
0.8,0.0301656259480641
0.8,0.0634685338314245
0.8,0.0792525964749536
0.8,0.0675554189862183
0.8,0.0782247256786806
0.8,0.0254780651011754
0.8,0.0670269115696059
0.8,0.0424459568319724
0.8,0.0863226407793578
0.8,0.0404697038725648
0.8,0.0689399415112491
0.8,0.00410475471399272
0.8,0.0234940520151244
0.8,0.0770541951581686
0.8,0.051911361004181
0.8,0.0409245732574807
0.8,0.0576069691507871
0.8,0.0348469374247739
0.8,0.0190366145493804
0.8,0.0366211881341998
0.8,0.0280495246657669
0.8,0.0357374894782138
0.8,0.0532764265847099
0.8,0.039510461791478
0.8,0.075235877008755
0.8,0.0448620626932968
0.8,0.0995784421022949
0.8,0.0276539512575067
0.8,0.0537203774408428
0.8,0.0690254854351957
0.8,0.038581035777493
0.8,0.0696443348013423
0.8,0.0326339301254581
0.8,0.0613659892716558
0.8,0.0259629947919686
0.8,0.0438500039047639
0.8,0.0594053180703348
0.8,0.0740380125620358
0.8,0.0691245649702984
0.8,0.0553758101372502
0.8,-0.0149964773708353
0.8,0.0286924046770375
0.8,0.049698906562021
0.8,0.0629660275840074
0.8,0.0351070513623395
0.8,0.0582141961981656
0.8,0.0793883932938461
0.8,0.0435397248103229
0.8,0.0246110793167756
0.8,0.104506156171745
0.8,0.0072857769528439
0.8,0.0568908572783993
0.8,0.0478559312492335
0.8,0.0515467740212354
0.8,0.0645605077562895
0.8,0.0466328084118265
0.8,0.0499973042491718
0.8,0.0173745704391033
0.8,0.0693876773429671
0.8,0.0210183407309002
0.8,0.0382429030717409
0.8,0.0349966549191989
0.8,0.0249928157353968
0.8,-0.0172163659637333
0.8,0.0330705869636894
0.8,0.0832656049443119
0.8,0.0200745387885715
0.8,0.0603704752167152
0.8,0.0230117847676686
0.8,0.04850176422398
0.8,0.0638894816733057
0.8,0.00860829097579608
0.8,0.0509795659232503
0.8,0.0150024313253928
0.8,0.0359269052617992
0.8,0.069720775024004
0.8,0.0766975301530384
0.8,0.0700636952516339
0.8,0.0855057653976382
0.8,0.0495006969174484
0.8,0.0210690093779515
0.8,-0.00461962651465663
0.8,0.055798568956416
0.8,0.0206048649174771
0.8,0.00208228415001242
0.8,0.105638947789243
0.8,0.0549711087979783
0.8,0.0592439285361141
0.8,0.0584568034921493
0.8,0.0235318723944221
0.8,0.106767365777347
0.8,0.036117714025085
0.8,0.0359028999578281
0.8,0.0353265512238087
0.8,0.0346408511851897
0.8,0.0724616076845009
0.8,0.0449422092077149
0.8,0.0481420672675221
0.8,0.0204271875024911
0.8,0.0219937627196986
0.8,0.055358876756211
0.8,0.0314081019940006
0.8,0.00888958949548057
0.8,0.0440046167078507
0.8,0.00745466045024807
0.8,0.0337507938489452
0.8,0.0189664456443398
0.8,0.0591432527459281
0.8,0.0495019065684278
0.8,0.0421347529069848
0.8,0.0596271086009114
0.8,0.0345724642861223
0.8,0.0599319253478821
0.8,0.0508042109401268
0.8,0.026797303179335
0.8,0.00985336180645967
0.8,0.051215064679617
0.8,0.0340388379010501
0.8,0.0555654110555538
0.8,0.0599503033487705
0.8,0.0393814265428308
0.8,0.0761678484251527
0.8,0.0427344591200268
0.8,0.0569297463224319
0.8,0.0639666641884647
0.8,0.0241253053926237
0.8,0.0606945270042107
0.8,-0.0182481035846053
0.8,0.0624250991217178
0.8,0.0369617457790966
0.8,0.00509666669940442
0.8,0.0426697125574956
0.8,0.0655792257794094
0.8,0.03820085969488
0.8,0.0580488705746263
0.8,0.0435667257594045
0.8,0.0218314990535229
0.8,0.0404043564219031
0.8,0.0635858450822235
0.8,0.116634310262119
0.8,0.00742898593994013
0.8,0.0655539373456855
0.8,0.0089403030372871
0.8,0.0395897628189534
0.8,0.0459326851952864
0.8,0.00763979900450898
0.8,0.0573902494617008
0.8,0.018372801505713
0.8,0.0369848133688514
0.8,0.0874107509419981
0.8,0.100544612252568
0.8,0.078325713899224
0.8,0.054101163231452
0.8,0.06602122424134
0.8,0.0456995484840829
0.8,0.0936140841038585
0.8,0.0848038255658786
0.8,0.0144485705842782
0.8,0.0693318169854803
0.8,0.031243760523667
0.8,0.0469834556757642
0.8,0.0554052668707097
0.8,0.0618817821857646
0.8,0.025239035084739
0.8,0.0343713030497491
0.8,0.0850033283289354
0.8,0.0786424741763536
0.8,0.0186790737618817
0.8,0.0518549259593516
0.8,0.0588276253056438
0.8,0.0450418895406652
0.8,0.0621211589191462
0.8,0.0187445729952244
0.8,0.0496324973490861
0.8,0.0733451659969714
0.8,0.0751422901529078
0.8,0.0502072355682625
0.8,0.00785259312451957
0.8,0.0493380365947838
0.8,0.0530629586299048
0.8,0.044325431621509
0.8,0.0821610416978952
0.8,0.0293687506524761
0.8,0.0560425543382315
0.8,0.0259856360624496
0.8,0.0654396445803431
0.8,0.0693594609925885
0.8,0.0390276144428696
0.8,0.0680464817786446
0.8,0.0478587809196238
0.8,0.0510580240589239
0.8,0.0625277796823194
0.8,0.0159076701247833
0.8,0.104691060413354
0.8,0.0396516890679198
0.8,0.03515189653146
0.8,0.0448008971013276
0.8,0.0309169402845352
0.8,0.0390204410606717
0.8,0.0539852712240294
0.8,0.0217373293988157
0.8,0.0266680384905918
0.8,0.0590268823387803
0.8,0.0457402845033872
0.8,0.0709752437967295
0.8,0.0502473054207612
0.8,0.0482241272300292
0.8,0.0618037212856726
0.8,0.0269237437076974
0.8,-0.020746160083292
0.8,0.0974915915854075
0.8,0.0371211506726029
0.8,0.0383240673404322
0.8,-0.0128356520502013
0.8,0.0655618255763915
0.8,0.0155276679490875
0.8,0.0491272049885624
0.8,0.0237946002786513
0.8,0.0944506811067901
0.8,0.0454606266155855
0.8,0.0323544203739361
0.8,0.0714795736560057
0.8,0.0759448679163881
0.8,0.0696508555766257
0.8,-0.0208809880777442
0.8,0.0145530719766673
0.8,0.0166482524517135
0.8,0.0628463906568623
0.8,0.0650712087690638
0.8,0.0472490118273907
0.8,0.0482700010143654
0.8,0.0635395519572343
0.8,0.0137224172463076
0.8,0.0691970245485188
0.8,0.126020182028973
0.8,0.031335016125391
0.8,0.0574451768482827
0.8,0.0463533916184644
0.8,0.0361762772638035
0.8,0.0463814301933201
0.8,0.0505890484755638
0.8,0.0478023452899428
0.8,0.0775438819533571
0.8,0.0473857514046486
0.8,0.0506375930271747
0.8,0.00660160245581718
0.8,0.0614977077518236
0.8,0.0166853585331906
0.8,0.0133053782846801
0.8,0.0019344837459131
0.8,0.0402516759463284
0.8,0.0671612893176139
0.8,0.0190358173857574
0.8,0.00639303811863244
0.8,0.0191808276484352
0.8,0.060639273792476
0.8,0.0950012004225512
0.8,0.050337457577641
0.8,0.0200562476275218
0.8,0.0358612903844847
0.8,0.0992515572440541
0.8,0.0766222692118263
0.8,0.0222538225547657
0.8,0.0277516977912589
0.8,0.0634589067393751
0.8,0.0504240982636194
0.8,0.0441208029720775
0.8,0.0602207209452866
0.8,0.0233744527785856
0.8,0.0678961326881842
0.8,0.056212776516241
0.8,-0.00330332137758683
0.8,0.0311661425779897
0.8,0.0656455651187129
0.8,0.0871427144396372
0.8,-0.00127664808000663
0.8,0.0349156181531163
0.8,0.0417295979175739
0.8,0.0616717354358709
0.8,0.0454844561579717
0.8,0.0621976842582585
0.8,0.0643971802208283
0.8,0.0541826357156748
0.8,0.0803065493262008
0.8,0.0516298389097138
0.8,0.0215131559382606
0.8,0.0276337510262187
0.8,0.056640975709063
0.8,0.0834794271326346
0.8,0.0362927135367113
0.8,0.0366894492472246
0.8,0.00840911726781479
0.8,0.0202250351424598
0.8,0.0315354499138841
0.8,0.0200109120004623
0.8,0.0281349265559865
0.8,0.0249984198494911
0.8,0.0433927374061701
0.8,0.046052223849291
0.8,0.0800880150529353
0.8,0.0453736261458446
0.8,0.0171161867316312
0.8,0.098433227309538
0.8,0.0340012631261199
0.8,0.0409704857825988
0.8,0.0348122367773044
0.8,0.0593182546044242
0.8,0.0699942592593201
0.8,0.0101803527635492
0.8,0.080392213135981
0.8,0.0663082220843542
0.8,-0.00275660420577712
0.8,0.0655626319892152
0.8,0.0456614818608189
0.8,0.0321821434772094
0.8,0.0323235660110261
0.8,0.00601809311724697
0.8,0.109205469419922
0.8,0.0948478357992589
0.8,0.064486300937071
0.8,0.0277002265186074
0.8,0.0558111546729329
0.8,0.0464291664782791
0.8,0.00107692540593279
0.8,0.0396179687794321
0.8,0.0183447169962214
0.8,0.0362545586805946
0.8,0.0557194165985218
0.8,0.0599273218636782
0.8,0.0531382427204085
0.8,0.0171988413185753
0.8,0.0392839842452125
0.8,0.0537242818693257
0.8,0.0552379771146824
0.8,0.094169657149034
0.8,0.0249932466950525
0.8,0.00390784823091973
0.8,-0.00342489232755984
0.8,0.0697280497773946
0.8,0.0322366613414657
0.8,0.0304105950975932
0.8,0.0706277796246
0.8,0.0547672758234098
0.8,0.0641186190532899
0.8,0.0676904518653631
0.8,0.05242453217092
0.8,0.0628400820193542
0.8,0.0373218292170658
0.8,0.0178166211047644
0.8,0.0610252354982741
0.8,0.0727094308115383
0.8,0.0272106880586576
0.8,0.0799096909963636
0.8,0.0279817699051877
0.8,0.0468372168968704
0.8,0.0432581521077399
0.8,-0.0215701083404369
0.8,0.0692022029520008
0.8,0.0417669335848314
0.8,0.0282354877121023
0.8,0.0555958193022146
0.8,0.0282894815664429
0.8,0.0157034294481722
0.8,0.080487068840044
0.8,0.043445011272776
0.8,0.0244346734277023
0.8,0.104231553015291
0.8,0.0424733740444151
0.8,0.0797751801441274
0.8,0.0410806236915068
0.8,0.0459879350282995
0.8,0.0830340142192055
0.8,0.0671706278676643
0.8,0.0327693512223932
0.8,0.0549507655559224
0.8,0.0757992393613185
0.8,0.051271075951724
0.8,0.0566396928890859
0.8,0.0691572152048422
0.8,0.0749742013016005
0.8,0.0560956058326599
0.8,0.0815849647715917
0.8,0.0407102557392583
0.8,0.114618111666496
0.8,0.0480074642990428
0.8,0.0675414123489207
0.8,0.0565332852997574
0.8,0.0895518259051749
0.8,0.0506268150512704
0.8,0.0336134095821894
0.8,0.0873536724441128
0.8,0.0235222368327784
0.8,0.044361961405348
0.8,0.0287203857924294
0.8,0.0502251108397172
0.8,0.0737536993249278
0.8,0.062961546545146
0.8,0.07315030412075
0.8,0.048960831395615
0.8,0.0430339982866456
0.8,0.027006263740645
0.8,0.0728883826022245
0.8,0.0510379278595491
0.8,0.0330050850861836
0.8,0.0650386900166138
0.8,0.0495069216666749
0.8,-0.0211493063004005
0.8,0.0252049141576932
0.8,0.0694120633083763
0.8,0.0747430639550193
0.8,0.0339087412167394
0.8,0.0653635211763851
0.8,0.0195091727187914
0.8,0.0237432439490829
0.8,-0.00420697782222948
0.8,0.0503162524051096
0.8,0.0413392699006866
0.8,0.083941398068375
0.8,-0.00349205690521051
0.8,0.0600088984399993
0.8,0.0211195993391146
0.8,0.0927626953416967
0.8,0.0544649573662377
0.8,0.086603677233912
0.8,0.0450372166551933
0.8,0.0711460847305185
0.8,0.029958455842625
0.8,0.0663327310442497
0.8,0.0288899650229684
0.8,0.0307932860562786
0.8,0.0066111554770275
0.8,0.0138164784608064
0.8,0.0255402587051402
0.8,-0.0272760176375743
0.8,0.0734424431925472
0.8,0.0519693534244966
0.8,0.0926113869380502
0.8,0.0268681113505948
0.8,0.0571206120191255
0.8,0.0333297451996356
0.8,0.0611427650358497
0.8,0.101288482894615
0.8,0.0333707989456577
0.8,0.0563205704440708
0.8,0.0489491953078559
0.8,0.0849342295755451
0.8,-0.000700426138338967
0.8,0.0126402560243898
0.8,0.0249264334771722
0.8,0.0736066242225478
0.8,0.070499852994238
0.8,0.0143284230399199
0.8,0.060718675362255
0.8,0.0505508884828276
0.8,0.0794811742992477
0.8,0.0486700443843919
0.8,0.0107281354505649
0.8,0.0558734343791608
0.8,0.0163274028126817
0.8,-0.0241880533541185
0.8,0.0586140347305139
0.8,0.0501395540372957
0.8,0.0627090659478161
0.8,0.0366956851334331
0.8,0.0339815298609497
0.8,0.0161546408002129
0.8,0.0219590282348382
0.8,0.014709386862252
0.8,0.0387074587799118
0.8,0.0384841759653392
0.8,0.0183735565502417
0.8,0.0283983653123568
0.8,0.0385970050097017
0.8,0.0125837018510254
0.8,0.0452819140012376
0.8,0.0396586996769141
0.8,0.0405467780733152
0.8,0.0334034490970948
0.8,0.0680367644045999
0.8,0.0395360607485782
0.8,0.0259658960076054
0.8,0.0126952946929157
0.8,0.0743943800846795
0.8,0.0618893407063439
0.8,0.0460601724760943
0.8,0.0358248895294104
0.8,0.0190869235466692
0.8,0.0293659600028563
0.8,0.0678104297947589
0.8,0.0216321566628969
0.8,0.0476680390616721
0.8,0.0731665355103568
0.8,0.0462194298442321
0.8,0.0428717415020563
0.8,0.0126071435903507
0.8,0.0400714162871747
0.8,0.0187604451581012
0.8,0.0773500515826749
0.8,0.0348455071395265
0.8,0.0701401036395087
0.8,0.0410333445210777
0.8,0.0218545244220277
0.8,0.0628449552032555
0.8,0.0120176549833772
0.8,0.0750153410394234
0.8,0.0738477891365134
0.8,0.0228330490775245
0.8,0.0291589276074446
0.8,0.0491075248473084
0.8,0.0175240595832624
0.8,0.0372387848742637
0.8,-0.00372907006256081
0.8,0.0312573580687476
0.8,0.0712178023289096
0.8,-0.00189137112398489
0.8,0.029861139594246
0.8,0.0667539411153648
0.8,0.0441915612439201
0.8,0.0698080700540356
0.8,0.0953087958314055
0.8,0.0857821383269149
0.8,0.0324988298352423
0.8,0.0692535071777064
0.8,-0.0032190998725827
0.8,0.000983214763535318
0.8,0.0278145397052091
0.8,0.0117949414232571
0.8,0.0389086485829788
0.8,0.0355787144762033
0.8,0.0476574842740615
0.8,0.0966736864248868
0.8,0.0451983084107956
0.8,0.0395207453791731
0.8,-0.0103214411519626
0.8,0.0617271003959949
0.8,0.0296382729444138
0.8,0.0246191489153774
0.8,0.0663453975598782
0.8,0.0688160572575927
0.8,0.0631666191128425
0.8,0.0393839869135548
0.8,0.0714243073388113
0.8,0.0455605575766794
0.8,0.0454076409283032
0.8,0.0584958059302883
0.8,0.0179408938558102
0.8,0.0432234035572137
0.8,0.0705580574338863
0.8,0.0388520472471124
0.8,0.00208745680112008
0.8,0.0461963918613007
0.8,0.0167251695536383
0.8,0.0463180750956511
0.8,0.0251056291112969
0.8,0.0776474075785617
0.8,0.0566461214748519
0.8,0.0593631724313288
0.8,0.0189663350974034
0.8,0.024166396250085
0.8,0.0641301686520141
0.8,0.043466714542247
0.8,0.0355915962545753
0.8,0.09208757411656
0.8,0.0833716470963718
0.8,0.0519717704801469
0.8,0.0456542027344572
0.8,0.0733009984379266
0.8,0.0160592574864946
0.8,0.0280396294279547
0.8,0.0435158975530418
0.8,0.0233384665910993
0.8,0.0531832735352066
0.8,0.0224481580725038
0.8,0.0923146244285441
0.8,0.0727500684817221
0.8,0.0360800387241572
0.8,0.074699149608585
0.8,0.0364172283382183
0.8,0.0683680946908717
0.8,0.0364636634657045
0.8,0.0712787884340005
0.8,0.0369609159294104
0.8,0.0844254490822577
0.8,0.0805243321878752
0.8,0.0731693194336748
0.8,0.067625491310759
0.8,0.0358339473718083
0.8,0.068301269152827
0.8,0.0345443480727232
0.8,0.0186442983912702
0.8,0.0432250813836617
0.8,0.0460577201528652
0.8,0.0644281914573353
0.8,0.00153158482118021
0.8,0.0761195367333145
0.8,0.0552692653194873
0.8,0.0435483924315489
0.8,0.00365743407701386
0.8,0.0402389246104934
0.8,0.0598593502658572
0.8,0.0760293098015503
0.8,0.0462707821104692
0.8,0.0602785368076696
0.8,0.0159147917830043
0.8,0.0155066230082267
0.8,0.0605632214915839
0.8,0.04433898319892
0.8,0.0880820864609798
0.8,0.082505865116757
0.8,0.0773264274708427
0.8,0.0616491235980978
0.8,0.0761091777873372
0.8,0.0924895888261409
0.8,0.0740568535356688
0.8,0.0400717942023571
0.8,0.0461306192835039
0.8,0.0336238120983219
0.8,0.0294697924568359
0.8,0.013983959304868
0.8,0.0788033887816608
0.8,0.0782762065408188
0.8,0.0480162279900477
0.8,0.0403156768175793
0.8,0.0793882612115245
0.8,0.0245943230502301
0.8,0.0431553446202493
0.8,0.0522972334093225
0.8,0.0545954973685019
0.8,0.0101663976296183
0.8,0.0811358496176194
0.8,0.0491896119624906
0.8,0.0452402460593342
0.8,0.0629369180420375
0.8,0.0310625204101259
0.8,0.0349788942955799
0.8,0.0429668852774966
0.8,0.0314615863026187
0.8,0.106498391311944
0.8,0.0433033837374092
0.8,0.091894042262773
0.8,0.0272620039652275
0.8,0.0574367368486736
0.8,0.0740705946327112
0.8,0.0378327143567994
0.8,0.0781365200160914
0.8,0.0559105326921144
0.8,0.0383996767125147
0.8,0.00109828551462277
0.8,0.0192784701515396
0.8,0.0491418804594608
0.8,0.0910714404419925
0.8,0.0278122396413054
0.8,0.0291773062084279
0.8,0.00901091537110324
0.8,0.0689703116120867
0.8,0.080285968966132
0.8,0.0249213148165651
0.8,0.0517550669090053
0.8,0.0856939212327085
0.8,0.0716719189055235
0.8,0.0588208800958674
0.8,0.0556770823795701
0.8,0.0313291946651031
0.8,0.00883021871092421
0.8,0.0318329646775886
0.8,0.0179395275037308
0.8,0.0207166975302531
0.8,0.0573382532256613
0.8,0.0397447581318538
0.8,0.0507045946099294
0.8,0.0345026747001274
0.8,0.0255078636922777
0.8,0.048237166947262
0.8,0.032803195974301
0.8,0.0588971358159899
0.8,0.0273329279477476
0.8,0.0615771483900869
0.8,0.0824832649397658
0.8,0.0537781503900687
0.8,0.0193628074427534
0.8,0.0337752285822448
0.8,0.0893172214450323
0.8,0.0492602492383626
0.8,-0.00263180294434537
0.8,0.0419920744513394
0.8,0.0407079907511515
0.8,0.0988881852314237
0.8,0.0783898210139477
0.8,0.0913298601640867
0.8,0.0642069179176574
0.8,0.0608769142857559
0.8,0.022860677071776
0.8,0.0375072475888958
0.8,0.0404957709038047
0.8,0.0654152425027651
0.8,0.0243098784308557
0.8,0.0577069313894166
0.8,0.0476954973624741
0.8,0.0936235714400162
0.8,0.0869418497481647
0.8,0.0863558959133374
0.8,0.0470575219929222
0.8,0.0334405337826207
0.8,0.0514826249603005
0.8,0.0139026939758493
0.8,0.0400245541716152
0.8,0.0299571308867057
0.8,0.0333260745422205
0.8,0.0412536425277055
0.8,0.0559326916661869
0.8,-0.0103890817030877
0.8,0.0870461581873272
0.8,0.0492615942442292
0.8,0.0647205545578926
0.8,0.0406428653418916
0.8,0.0285800523167058
0.8,0.011577314288384
0.8,0.0104234575456739
0.8,0.0645953433822611
0.8,0.0707283575277675
0.8,0.0546535400093867
0.8,0.024794132898846
0.8,0.0680676570218932
0.8,0.0160458082067106
0.8,0.051431111253211
0.8,0.0179776280506082
0.8,-0.000738161934151638
0.8,0.0728886137384421
0.8,0.0588590433626137
0.8,0.0441887364360168
0.8,0.0451274333620305
0.8,0.0382512379018752
0.8,0.0626748806590658
0.8,0.0576942952017613
0.8,0.04011183594115
0.8,-0.00640984981645724
0.8,0.0418863204206915
0.8,0.046888751898355
0.8,0.0188242715069806
0.8,0.0623221264714306
0.8,0.0740449849640467
0.8,0.0596937659711824
0.8,0.068138315754309
0.8,0.0672388270309625
0.8,0.052762046407184
0.8,0.0254828016871385
0.8,0.0983588079311714
0.8,0.032885625771494
0.8,0.0361117450746042
0.8,0.0911399195116652
0.8,0.0198814157634804
0.8,0.0558124410160201
0.8,-0.0189302276872496
0.8,0.021013335314754
0.8,0.0374573553015284
0.8,0.0111720963062829
0.8,0.0586323177447968
0.8,0.0587712891045398
0.8,0.0544061152400992
0.8,0.0147519166414896
0.8,0.0803829552726389
0.8,0.0578953508926712
0.8,0.0797841135678076
0.8,0.0847197270533064
0.8,0.0375377656651453
0.8,0.0368332437953008
0.8,0.0106852644075359
0.8,0.0162537325196622
0.8,0.0951246672737089
0.8,0.0466805343021541
0.8,0.0751230776540209
0.8,0.0501133040968538
0.8,0.0328814341906125
0.8,0.0638869816371839
0.8,0.0399720789040378
0.8,0.0499918273586424
0.8,0.0542262573041438
0.8,0.0430013563613524
0.8,0.0619350730885191
0.8,0.0503733315557541
0.8,0.0226723383989236
0.8,0.0879784163388203
0.8,0.0395368525478829
0.8,0.017969509732885
0.8,0.0186894940869746
0.8,0.0617452647364269
0.8,0.0369404357755289
0.8,0.0566936697780115
0.8,0.0128798989236542
0.8,0.0792234929886612
0.8,0.0634954365172727
0.8,0.0552780803695615
0.8,0.0449618239678381
0.8,0.0518742443484044
0.8,0.0340932296659922
0.8,0.0595616744420259
0.8,0.0173583576091406
0.8,0.0145737396905376
0.8,0.0490491919308501
0.8,0.0635244909474373
0.8,0.0589630000560309
0.8,0.0888616548223336
0.8,-0.00330607432306093
0.8,0.0890453935351794
0.8,0.0403934841395468
0.8,0.046001445919317
0.8,0.0311322582343932
0.8,0.0526305033141865
0.8,0.0641877284641325
0.8,0.0448025783095137
0.8,0.0383117735070078
0.8,0.0441047456642876
0.8,0.0574162450374486
0.8,0.0367153341829518
0.8,0.0984865675390741
0.8,0.0505837898818206
0.8,0.0465306255287181
0.8,0.0551653775400767
0.8,-0.0300151241094964
0.8,0.0690624599030818
0.8,0.0745654281285399
0.8,0.0403397769232542
0.8,0.0483270753639433
0.8,0.0373568784190246
0.8,0.0669069996772267
0.8,0.0811009643905442
0.8,0.0400707298269984
0.8,0.0645552328483099
0.8,0.0405583748189695
0.8,0.0170567551084917
0.8,0.0415833647079373
0.8,0.0624219032026836
0.8,-0.00264743144733657
0.8,0.0609658292536064
0.8,0.0716303063672308
0.8,0.0455700535805127
0.8,0.0264728835323678
0.8,0.0300339452363209
0.8,0.0472104134521978
0.8,0.0733823811159903
0.8,0.0480278451429491
0.8,0.0517130698048568
0.8,0.0252393993144183
0.8,0.0409464704609676
0.8,0.0526359261612574
0.8,0.0491738364856871
0.8,0.0626906235314768
0.8,0.0375896414357816
0.8,0.0507861572009402
0.8,0.0312695139654799
0.8,0.0675352197626106
0.8,0.021579886029155
0.8,0.0218379935130493
0.8,0.0638466132618688
0.8,0.0525244903686674
0.8,-0.000156558912748633
0.8,0.0606922543645152
0.8,0.0676545911909498
0.8,-0.00611864331987194
0.8,0.0410961096551873
0.8,0.0479972602213107
0.8,0.0933822377298143
0.8,0.04386331522406
0.8,0.0556073620998572
0.8,0.0659067372711641
0.8,0.0601986496626878
0.8,0.0211021884000578
0.8,0.0183780774617226
0.8,0.0421576726239881
0.8,0.0603112987945992
0.8,0.0455960261204833
0.8,0.0212812583179217
0.8,0.0140789211100076
0.8,0.0512680412171143
0.8,0.0442287723825006
0.8,0.0691429854742037
0.8,0.0663289216104511
0.8,0.0389895804567968
0.8,-0.0004267573731585
0.8,0.0779277456152636
0.8,0.0155236939399973
0.8,0.0690743716147272
0.8,0.0681700440217313
0.8,0.0641770193947563
0.8,0.0200610366048296
0.8,0.0323903670262142
0.8,0.0505782439296671
0.8,0.103335346442745
0.8,0.0311274068974988
0.8,0.0968857588051888
0.8,0.058700103894714
0.8,0.0991841561189253
0.8,0.0458727830282175
0.8,0.0547279987662593
0.8,0.0271881125951949
0.8,0.0602821890813223
0.8,0.0601748679100695
0.8,0.054031710977599
0.8,0.0337210936114507
0.8,0.0245408754195831
0.8,0.0172606956076553
0.8,0.0562435822358624
0.8,0.0852431794392506
0.8,0.0795605525206051
0.8,0.0377024237266506
0.8,0.0635028116884856
0.8,0.0516547246161132
0.8,0.0474156307571332
0.8,0.0349370651828188
0.8,0.0583119179135673
0.8,0.0535235533589773
0.8,0.0612440707262425
0.8,-0.00962034112744101
0.8,0.0480009211219076
0.8,0.0160394041323751
0.8,0.0835889261815982
0.8,0.0710553223317039
0.8,0.0792500087367939
0.8,0.0318229154762576
0.8,0.0507319256876949
0.8,0.0521551337909659
0.8,0.00154954978997483
0.8,0.0352935801503626
0.8,0.0764715390250261
0.8,0.0490602937966359
0.8,0.0909339024289479
0.8,0.0957159233730916
0.8,0.0268389339332775
0.8,-0.0214375501547763
0.8,0.0543303867864707
0.8,0.0351798420010155
0.8,0.0460203947137984
0.8,0.0307662183393161
0.8,0.0674688910949042
0.8,0.077816565267472
0.8,0.0284864960310791
0.8,0.0637439792165769
0.8,0.0295201286763207
0.8,0.04128180154366
0.8,0.0756288169505215
0.8,0.0813987701545741
0.8,0.0430035996087196
0.8,0.0665703353888302
0.8,0.0579451610246775
0.8,0.0466364946394681
0.8,0.0122213358462568
0.8,0.0386023150528827
0.8,0.0416892381059228
0.8,0.0697325672434579
0.8,0.04100715668292
0.8,0.0192571261340359
0.8,0.0481397743867653
0.8,0.0174175232077678
0.8,0.0370694788242573
0.8,0.082922868956565
0.8,0.0643308694588528
0.8,0.0822240738865965
0.8,-0.0154163667587256
0.8,0.0846642100557492
0.8,0.0252581290773011
0.8,0.0610566344109858
0.8,0.0534683621214724
0.8,0.0646700239058648
0.8,0.00777577853237183
0.8,0.0858153004421707
0.8,0.0522595718024239
0.8,0.0736364596653167
0.8,0.0465561003551712
0.8,0.0463694951574405
0.8,0.015715502865491
0.8,0.0059568960308575
0.8,0.0127291397845911
0.8,0.0801819254638709
0.8,0.0969897086214626
0.8,0.0552302991212237
0.8,0.0801033007813333
0.8,0.0130431735536282
0.8,0.11091464685615
0.8,0.0297569373627206
0.8,0.015246803793207
0.8,0.0714474650230183
0.8,0.0792623535049403
0.8,0.0622076365581724
0.8,0.0510461667714695
0.8,0.0701292760060614
0.8,0.0380686148599457
0.8,0.0297633908296283
0.8,0.0264122210569831
0.8,0.0218759742050735
0.8,0.0158227291271861
0.8,0.0589273810420961
0.8,0.0712815244846082
0.8,0.0492969989124397
0.8,0.0249972222315406
0.8,0.063559463532733
0.8,-0.0112910941691516
0.8,0.038207919628251
0.8,0.0600950633698502
0.8,0.0526238710466584
0.8,0.0799781202983742
0.8,0.0349407568162927
0.8,0.0704498203272599
0.8,0.0774911991917412
0.8,0.0725697954473538
0.8,0.069786315460739
0.8,0.0426314775359648
0.8,0.0562256566957977
0.8,0.0583327039724476
0.8,0.0655358562381036
0.8,0.0438132602992431
0.8,0.0233142036019837
0.8,0.0743787099816776
0.8,0.0934022978458456
0.8,0.058213319517705
0.8,0.0539857990942052
0.8,0.0668813058865954
0.8,0.039526398288124
0.8,0.0645098359298682
0.8,0.055872538782722
0.8,0.0558572829952541
0.8,0.075192164151565
0.8,0.0498966504890467
0.8,0.0484447714156553
0.8,0.0199839234009617
0.8,0.0706194659537475
0.8,0.0286979682662124
0.8,0.0286481639529791
0.8,0.0773413403525444
0.8,0.0422921572606174
0.8,0.0250763698602983
0.8,0.0256112675541653
0.8,0.0775726585661291
0.8,0.0283185238412051
0.8,0.00827593903560546
0.8,0.0607089694763186
0.8,0.0235720087279497
0.8,0.0523579166580109
0.8,0.0589160338804456
0.8,0.0804600347762821
0.8,0.0371589746101011
0.8,0.0613871997742439
0.8,0.0274107845358061
0.8,0.0440003020837002
0.8,0.0570315958488462
0.8,0.0760828754206826
0.8,0.0408873204053517
0.8,0.0650689064941089
0.8,-0.026037160034329
0.8,0.0485044022980345
0.8,0.0529977029783328
0.8,0.0269505916590136
0.8,0.0833576353118516
0.8,0.0361683168009352
0.8,0.0741785737332142
0.8,0.09658290864665
0.8,0.0171557436226644
0.8,0.0563680142070973
0.8,0.0542119924369678
0.8,0.0196463325290562
0.8,0.0776405210623128
0.8,0.0419398758935485
0.8,0.0545359541739645
0.8,0.0365773231846909
0.8,0.0265034879887115
0.8,0.0154572020253335
0.8,0.0266102941250956
0.8,0.0425960238782524
0.8,0.0751323964848878
0.8,-0.00123588062062205
0.8,0.0210630329995833
0.8,0.0604305047434247
0.8,0.0253579831734784
0.8,0.0726940457848911
0.8,0.0570224774331659
0.8,0.0223728789947876
0.8,0.0633428310557972
0.8,0.0483322711621269
0.8,0.0229677388680541
0.8,0.0312361840819392
0.8,0.0605143431771144
0.8,0.0780901743888652
0.8,0.0658674362863926
0.8,0.0590324459038702
0.8,0.0371073346923595
0.8,0.0935662086848033
0.8,0.0473125348544096
0.8,0.0948026786284767
0.8,0.0082211035039838
0.8,0.101884822248456
0.8,0.0298696013984018
0.8,0.0965934577148145
0.8,0.0534377910326927
0.8,0.0542231699168349
0.8,0.0583443287351062
0.8,0.0669088395876232
0.8,0.0426475502418494
0.8,0.0775168590326035
0.8,0.0367525541143218
0.8,0.0275783364783034
0.8,0.0613478364796294
0.8,0.0587196569861147
0.8,0.0190014602733441
0.8,0.0399814003154531
0.8,0.0795465378097928
0.8,0.0213259920365256
0.8,0.0752685356144781
0.8,0.0571013974613812
0.8,0.0186445582506885
0.8,0.0590558887169129
0.8,0.0297075959794474
0.8,0.0694841361881691
0.8,0.0196651249073404
0.8,0.0603868543399183
0.8,0.0268861359339469
0.8,0.0576905385249498
0.8,0.0461075015667461
0.8,0.0695701830984076
0.8,0.0511190801030171
0.8,0.0759223674055098
0.8,0.01084580320967
0.8,0.0826458039349691
0.8,0.0602826212584572
0.8,0.0494987987272618
0.8,0.0398262662949465
0.8,0.0100773555928653
0.8,0.0426035923942292
0.8,0.0462488064986879
0.8,0.0768881161897762
0.8,0.0665058229112919
0.8,0.0256857754152325
0.8,0.0777409916502863
0.8,0.0568216417978213
0.8,0.0556009413209
0.8,0.0541389245155649
0.8,0.0141090930388522
0.8,0.0526740769516196
0.8,0.0370310806105353
0.8,0.0498601231047732
0.8,0.00287540368959088
0.8,0.0672943623277082
0.8,0.0952393401279908
0.8,0.0360667808825101
0.8,0.0287319131586422
0.8,0.0933088192055649
0.8,0.0331070586392204
0.8,0.0271125235914736
0.8,0.0314494745101395
0.8,0.0608830613136135
0.8,0.064486944680352
0.8,0.0321468025852387
0.8,0.0329148937901691
0.8,0.0576427741696461
0.8,0.0220231390653964
0.8,0.091747945896395
0.8,0.0283472353551004
0.8,0.0626265264285316
0.8,0.0647788091937479
0.8,0.088961943302275
0.8,0.0598437742520443
0.8,-0.0104542843041488
0.8,0.0707043215982357
0.8,0.0706513337737793
0.8,0.068929145784109
0.8,0.0510488010663601
0.8,0.00820120934702711
0.8,0.0723931448840762
0.8,0.0333130181179923
0.8,0.0603398905920467
0.8,0.0578930471336767
0.8,0.0645443936997066
0.8,0.060967172601496
0.8,0.03411757467606
0.8,0.0786945544088334
0.8,0.0528486653348734
0.8,0.0474350305529882
0.8,0.0700947881999683
0.8,0.0623600856704311
0.8,0.0851686691746883
0.8,0.0504160399079392
0.8,0.0776260141834021
0.8,0.0375319316966168
0.8,0.0923422553797552
0.8,0.0404295740522502
0.8,0.0628067924275651
0.8,0.0334777038320245
0.8,0.0216011778020589
0.8,0.0438442282628356
0.8,0.054191415282761
0.8,0.0602503903483825
0.8,0.0174505980442711
0.8,0.0343385514815404
0.8,0.0501147342865687
0.8,0.0386286425109106
0.8,0.0918067278550367
0.8,0.0446350089322684
0.8,0.0656830506796754
0.8,0.0522684644344682
0.8,0.0518321184846117
0.8,0.0301773599299441
0.8,0.0716691193813456
0.8,0.0604484459438089
0.8,0.0559014024332293
0.8,0.0502817727973766
0.8,0.0634181407209788
0.8,0.017591238756122
0.8,0.0495098481697724
0.8,0.092609571072941
0.8,0.0508506460482235
0.8,0.0501899626177238
0.8,0.0403804774617959
0.8,0.0489633169340084
0.8,0.0181861489639139
0.8,-0.0125294601579446
0.8,0.0586160141007619
0.8,0.06830322792818
0.8,0.0400632806051801
0.8,0.0359432550048265
0.8,0.013054208151981
0.8,0.00619856766793682
0.8,0.0364543011866178
0.8,0.0510417275491312
0.8,-0.0106363763776264
0.8,0.0183759836244252
0.8,0.065808232635561
0.8,0.115813375373004
0.8,0.0608067642974096
0.8,0.0498284676026061
0.8,0.0480726400081737
0.8,0.046619822680877
0.8,0.0207721821309424
0.8,0.0243384923605627
0.8,0.0243405400821198
0.8,0.0322321979138393
0.8,0.0949086453559947
0.8,0.00194030759745329
0.8,0.0658471508205701
0.8,0.0498681449241
0.8,0.0559434437843118
0.8,0.025049087723989
0.8,0.077736860146376
0.8,0.0364015542039793
0.8,0.0839826515757422
0.8,-0.00607735918540207
0.8,0.0450723211575408
0.8,0.0437540003488541
0.8,0.0684865260973504
0.8,0.0471963522559346
0.8,0.0244617554481735
0.8,0.018844224186683
0.8,0.0313244392089846
0.8,0.0478461853879224
0.8,0.0585221133277134
0.8,0.0144807945216271
0.8,0.0273585015951076
0.8,0.0489402454974251
0.8,0.0216030825494498
0.8,0.0501471511861909
0.8,0.0180992794707587
0.8,0.0444393214467296
0.8,0.073226462478825
0.8,0.058296780645932
0.8,0.0823126975368243
0.8,0.0353450748684381
0.8,0.0823047774629348
0.8,0.0301905811978009
0.8,-0.0144453769045063
0.8,0.0972991847663568
0.8,0.0326677094890789
0.8,-0.00318503567459727
0.8,0.0621026871477294
0.8,0.030172862251149
0.8,0.0651477834201533
0.8,0.0502967452845047
0.8,0.0856800209171532
0.8,0.0381364954170371
0.8,0.0480915962973911
0.8,0.0733765205055897
0.8,0.0218917259623216
0.8,0.0480177617745299
0.8,0.0855925283280858
0.8,0.0515346187504529
0.8,0.0466122327700105
0.8,0.0271241423138096
0.8,0.0743788131101596
0.8,0.0863750485547083
0.8,0.00862327681811076
0.8,0.0263069095282713
0.8,0.0423587811413369
0.8,0.0857810691207813
0.8,0.0458182570300847
0.8,0.0355336491067995
0.8,0.0458737728487431
0.8,0.0109598230154119
0.8,0.0597984156319208
0.8,0.0157708828366159
0.8,0.0771013513593507
0.8,0.0376971281359627
0.8,0.0118428356879618
0.8,0.0352171991492892
0.8,0.0627620264062357
0.8,0.00609409166021748
0.8,0.0259703747138599
0.8,0.0238658904631428
0.8,0.0913778511462588
0.8,0.0407437218376984
0.8,0.0273562502601061
0.8,0.0181287126603449
0.8,0.0335902341742096
0.8,0.039133289688815
0.8,0.0501346425661452
0.8,0.0273886051461528
0.8,0.044271084840618
0.8,0.0289404787728843
0.8,0.0127191305345805
0.8,0.0689219481805066
0.8,0.0452304482676037
0.8,0.0575745113383296
0.8,0.0441296274656521
0.8,0.0691258938890648
0.8,0.042877293494667
0.8,0.0426794730092805
0.8,0.0466332998352622
0.8,0.0156730881215452
0.8,0.109028271922502
0.8,0.0475607191991867
0.8,0.0375745744046471
0.8,0.0707809209696067
0.8,0.0572624147637004
0.8,0.0540836713878201
0.8,0.0670033790013949
0.8,0.0830840879185452
0.8,0.0762374621545311
0.8,0.0406548637350173
0.8,0.045581370313975
0.8,0.0636480650615314
0.8,0.0429838264152472
0.8,0.0576460008564962
0.8,0.0647577151290821
0.8,0.0613990928651277
0.8,0.0533245152080599
0.8,0.045078856789481
0.8,0.0605522957663969
0.8,0.0515583679446385
0.8,-0.0012624481917301
0.8,0.0636162475866678
0.8,0.0177549302809543
0.8,0.0487369005271589
0.8,0.0484446013977318
0.8,0.0374926245853079
0.8,0.0486830143526576
0.8,0.0592546794627329
0.8,0.0466117726143612
0.8,0.037920765149526
0.8,0.0902741816957452
0.8,0.0498401644191091
0.8,0.0524048844207027
0.8,0.0636408136380725
0.8,0.0329661982206402
0.8,0.0527680619017001
0.8,0.0360041473512122
0.8,0.0475192306396046
0.8,0.0559505657733224
0.8,0.0552913575827616
0.8,0.0601212401010648
0.8,0.0647391443504681
0.8,0.0308412838267297
0.8,0.017481687829719
0.8,0.079477250617018
0.8,0.0450691549584205
0.8,0.0492116209031693
0.8,0.0789277502570182
0.8,0.0794125609322394
0.8,0.0886513450414751
0.8,0.0281566452683245
0.8,0.038394351245475
0.8,0.0678584080972315
0.8,0.00304011568562151
0.8,0.0604475390401171
0.8,0.027535931791381
0.8,0.0260772091409121
0.8,-0.0144040211975614
0.8,0.0317697691042848
0.8,0.0184838126848483
0.8,0.063876656482165
0.8,0.060063359448382
0.8,0.0336772822421738
0.8,0.0490920311829085
0.8,0.0325406361907487
0.8,0.0299962445538739
0.8,0.0735059226729935
0.8,0.004811684051213
0.8,0.0250291538637424
0.8,0.056779787459232
0.8,0.0516401469151783
0.8,0.0518519773723599
0.8,0.0231971827185941
0.8,-0.00354768921101823
0.8,0.0262930932642132
0.8,0.0655571777347246
0.8,0.0567625615340364
0.8,0.0299032031717768
0.8,0.0555804735896136
0.8,0.0121031838993083
0.8,0.05256167171953
0.8,0.0504102749214239
0.8,0.023499008079543
0.8,0.0558859411047091
0.8,0.0840387157669089
0.8,0.0714659505702243
0.8,0.0435214623620427
0.8,0.0706309050111556
0.8,0.0624345684501071
0.8,0.0598280717435401
0.8,0.0170157269367098
0.8,0.0344655284006281
0.8,0.0553914460206644
0.8,0.0655601607167637
0.8,0.0381473039153746
0.8,0.0829592902130619
0.8,0.0450596864081908
0.8,0.0552208321568923
0.8,0.0461041544037145
0.8,0.0975909724618118
0.8,0.0917655410348382
0.8,0.0220128089535641
0.8,0.0904851530471194
0.8,0.0881875041749245
0.8,0.030629096651013
0.8,0.00547628904264817
0.8,0.0404445904942825
0.8,0.0519781950907467
0.8,0.0382222134666827
0.8,0.0354241402208504
0.8,0.0537124793849173
0.8,0.0787840362584335
0.8,0.0519763369703541
0.8,0.0803468814978004
0.8,0.0366005651810178
0.8,0.0263326077739862
0.8,0.0688456796588735
0.8,0.0158390834470938
0.8,0.0369456886465455
0.8,0.056024757733424
0.8,0.00195877699307276
0.8,0.0791584170235337
0.8,0.047153948295967
0.8,0.0593253862152494
0.8,0.0603157908467034
0.8,0.0616957017501665
0.8,0.016956279396465
0.8,0.0299922717246722
0.8,0.0772367564208773
0.8,0.0417813196476289
0.8,0.0674033820374938
0.8,0.0387071289196675
0.8,0.0344578024406404
0.8,0.0601330938350216
0.8,0.0426302694648702
0.8,0.067033019159712
0.8,0.0482989227947423
0.8,0.0343818601921059
0.8,0.0463508800804281
0.8,0.0785056980430933
0.8,-0.0106934019764672
0.8,0.0613330204054551
0.8,0.0695502715986455
0.8,0.0443826541562032
0.8,0.0554089692693151
0.8,0.0588220274266965
0.8,0.0515784324126448
0.8,0.0820779682074995
0.8,0.0485461672547769
0.8,0.0595278115694982
0.8,0.091494273198145
0.8,0.0517943201749292
0.8,0.0485541818953512
0.8,0.0406735061510629
0.8,0.0471542967199401
0.8,0.0489209253415886
0.8,0.0795930137788475
0.8,0.0613096776339601
0.8,0.0347603127472593
0.8,0.0646941474824617
0.8,0.0314252851390076
0.8,0.0337590691830527
0.8,0.0752857810492596
0.8,0.0397443930349767
0.8,0.0447635021365654
0.8,0.0220903305499607
0.8,0.0680885900616397
0.8,0.0443873705817407
0.8,0.0500063805425029
0.8,0.0461565698823069
0.8,0.0303526712226696
0.8,0.0521258377030279
0.8,0.051895489354235
0.8,0.017510603870152
0.8,0.0720960625486737
0.8,0.0633229190794081
0.8,0.015728819914663
0.8,0.033974229724056
0.8,0.0807125980694554
0.8,0.0439894964199485
0.8,-0.00302263029371898
0.8,0.035359971045687
0.8,0.0611818900232003
0.8,0.0410834883807582
0.8,-0.0106023884677881
0.8,0.0278696234111347
0.8,0.0423105568669103
0.8,0.0428900816075128
0.8,0.0527568106169096
0.8,0.0553075484592656
0.8,0.0802072032845308
0.8,0.0707427271534354
0.8,0.0660408892622861
0.8,0.0213931155110698
0.8,0.0460235898392695
0.8,0.0396400975970834
0.8,0.0911701040247296
0.8,0.0180591050988953
0.8,0.102709648784679
0.8,0.0398474113526701
0.8,0.00862545757219613
0.8,0.0485037469894151
0.8,0.0811513414920042
0.8,0.0370291242729107
0.8,0.097833083506377
0.8,0.0584062722242927
0.8,0.0294765958751654
0.8,0.0346428588250979
0.8,0.0324779737091137
0.8,0.0489287832375624
0.8,0.025761696654131
0.8,0.0692485239294378
0.8,0.0687505007739322
0.8,0.0436772429640426
0.8,0.0761651946162263
0.8,0.050534504470481
0.8,0.0485305750723515
0.8,0.0537508156770952
0.8,0.092427837993435
0.8,0.075723345683008
0.8,0.0452293717612462
0.8,0.0790553902647195
0.8,0.0610646275732929
0.8,0.0611137878317368
0.8,0.0519375435379131
0.8,0.0478303501716819
0.8,0.0402329683979288
0.8,0.0755794892704054
0.8,0.0289145489624411
0.8,0.041467647861749
0.8,0.0880812818690896
0.8,0.0502246032022656
0.8,0.0471139104919001
0.8,0.0626723561567139
0.8,0.060059983658027
0.8,0.0521833122994609
0.8,0.0271416971800418
0.8,0.0550798789859157
0.8,0.0199040292123309
0.8,0.0849267658563632
0.8,0.0108751161316381
0.8,0.0362655739631874
0.8,0.0939619585966498
0.8,0.062943529557156
0.8,0.0405890622290856
0.8,0.0161952186880111
0.8,0.0411363214658746
0.8,-0.0103748645885278
0.8,0.0526809449958136
0.8,0.0386506773983199
0.8,0.0463316437078874
0.8,0.0228367605478732
0.8,0.0397299535347428
0.8,0.0724094679887735
0.8,0.0577817349352075
0.8,0.0576664542050782
0.8,0.0754641973897545
0.8,0.0362811065051311
0.8,0.0817208062197552
0.8,0.0363254628597519
0.8,0.0935702490336406
0.8,0.0453707388510378
0.8,0.0349066642084572
0.8,0.0557976650700134
0.8,0.0537853806608747
0.8,0.0195409386004828
0.8,-0.0240621402182596
0.8,0.128367299771531
0.8,0.0746670789258716
0.8,0.0496780531579781
0.8,0.0708944350480379
0.8,0.0836239452100001
0.8,0.0656884694810571
0.8,0.0230804233025061
0.8,0.0525369845973748
0.8,0.0458048918636248
0.8,0.0414414421235604
0.8,0.0541912094130733
0.8,0.0847221364894464
0.8,0.0353734656909143
0.8,0.0458399788576726
0.8,0.0899158411857531
0.8,0.0611455628017812
0.8,0.0373614889336635
0.8,0.0773347451280933
0.8,0.0225091400107116
0.8,0.0253831797271607
0.8,0.0810873123875514
0.8,0.0320353768214722
0.8,0.0571607718808884
0.8,0.0775248512746686
0.8,0.0627956532356167
0.8,0.047100254085383
0.8,0.0393433197214414
0.8,0.0583642052535132
0.8,0.0741890833403332
0.8,0.0471304273972987
0.8,0.037248119181098
0.8,-0.00468013357987915
0.8,0.0199761434905213
0.8,0.0623438363761943
0.8,0.0459628476660847
0.8,0.0610671407973448
0.8,0.0345602879046101
0.8,0.068760732670832
0.8,0.0322074202710139
0.8,0.0190394526929002
0.8,0.0522894893337589
0.8,0.0682834743319256
0.8,0.0386732877853357
0.8,0.00861451461343903
0.8,0.092107973322417
0.8,0.0611811852377211
0.8,0.0539310204099933
0.8,0.039344816138031
0.8,0.054638853769348
0.8,0.106304886695945
0.8,0.0649393791804816
0.8,0.0782107802050713
0.8,0.0224928648840288
0.8,0.059890658477111
0.8,0.016598017442158
0.8,0.062183340398727
0.8,0.0852702674048879
0.8,0.0422729532872626
0.8,0.0575589659760059
0.8,0.0774181402295926
0.8,-0.00280159025913876
0.8,-0.0118186416076013
0.8,0.0605037949363339
0.8,0.10695483463406
0.8,0.0251271976835169
0.8,0.0673912374173416
0.8,0.0191761296683738
0.8,0.0716924808989354
0.8,0.0394699989990904
0.8,0.0764238307579874
0.8,0.0544044740570063
0.8,0.077200620798486
0.8,0.0474197084077447
0.8,0.0774417760756476
0.8,0.0478935835838841
0.8,0.00493572675819571
0.8,0.0549407868011706
0.8,0.0517528352480199
0.8,0.0843581674053022
0.8,0.0352936995433612
0.8,0.0334787385904072
0.8,0.0659276342615798
0.8,0.0484196680047327
0.8,0.0598174309157378
0.8,0.0674514341880848
0.8,0.0383808396094239
0.8,0.0475856357215366
0.8,0.0820981003042488
0.8,0.0705786974839211
0.8,0.0616027542457526
0.8,0.0525634646598406
0.8,0.0626639372056282
0.8,0.0361294445960767
0.8,0.0554121482029259
0.8,0.0722791521988269
0.8,0.0347287923519023
0.8,0.0457300536057226
0.8,0.0620602138795871
0.8,0.092031544177102
0.8,0.0286003408108559
0.8,0.031112507910848
0.8,0.0778339369429628
0.8,0.0733248147335663
0.8,0.0591187852992016
0.8,0.0464620355299277
0.8,0.0282033135103
0.8,0.0157971207648067
0.8,0.10175462648171
0.8,0.0686926493788188
0.8,0.0319017678752141
0.8,0.024531742332143
0.8,0.0747308862715621
0.8,0.101668009737846
0.8,0.0698167326687236
0.8,0.0358671616827339
0.8,0.0496865980837564
0.8,-0.00816127615309102
0.8,0.065025426248876
0.8,0.0647340130918586
0.8,0.0138325068574383
0.8,-0.0150612074913118
0.8,0.0550327247345375
0.8,0.0430869410049111
0.8,0.081463747506025
0.8,0.060974319784832
0.8,0.0157796864412789
0.8,0.0453166515492712
0.8,0.00736650799511993
0.8,0.0446713060758204
0.8,0.0478305155382957
0.8,0.0512132482532116
0.8,0.0701803210584583
0.8,0.0564052704536795
0.8,0.0545710988629149
0.8,0.0316157196847363
0.8,0.0542388794161124
0.8,0.0427991965848699
0.8,0.0672521153159959
0.8,0.0262248201123402
0.8,0.0320577054019102
0.8,0.0253745533554992
0.8,0.0476803805071961
0.8,0.0615714271919388
0.8,0.0327027725991049
0.8,0.048184500869846
0.8,0.0567847126688295
0.8,0.0646592784251689
0.8,0.0491999132892882
0.8,0.048385380659395
0.8,0.0835739973139859
0.8,0.0482329937337498
0.8,0.0295989168678781
0.8,0.0529265487965824
0.8,0.0804239187934697
0.8,0.0695676381177013
0.8,0.0565553845716692
0.8,0.035886726433803
0.8,-0.00109967635930328
0.8,0.0706430754493576
0.8,0.0349976140604993
0.8,0.0669045649506961
0.8,0.0438235617266024
0.8,0.0599461350885555
0.8,0.0605237257326708
0.8,0.0450783727767155
0.8,0.0587326671643914
0.8,0.0680931044935468
0.8,0.0240710301004304
0.8,0.0213110674425411
0.8,0.0327099560164466
0.8,0.063256390453991
0.8,0.0189309811660857
0.8,0.0481397428907862
0.8,0.0450116383550744
0.8,0.0454529903399246
0.8,0.0547758043392399
0.8,0.0709843476883546
0.8,0.0489905971904691
0.8,0.109435605066073
0.8,0.0228550236248209
0.8,0.0499694222935835
0.8,0.0695965561450246
0.8,0.0549029773775486
0.8,0.0183494196961616
0.8,0.104330527826527
0.8,0.0361959051373976
0.8,0.078591024590578
0.8,0.049680110608069
0.8,0.0398706755526759
0.8,0.0439275869589699
0.8,0.0294861034804849
0.8,0.0555247070086416
0.8,0.0434437395736763
0.8,0.0924255325804081
0.8,0.0450604925726608
0.8,0.0407073391808911
0.8,0.0869277578836893
0.8,0.0105921641500434
0.8,0.0176378169429118
0.8,0.0179209888367842
0.8,0.0288156134823944
0.8,0.00658986368546619
0.8,0.0394176357524712
0.8,0.0186172104269343
0.8,0.086855481831499
0.8,0.0829007855931708
0.8,0.0632716028179658
0.8,0.055055125207548
0.8,0.0230236907698221
0.8,0.0359971353861667
0.8,-0.0417079874750798
0.8,0.0576647779718119
0.8,0.0483381123050478
0.8,0.0140263193810059
0.8,0.0737722469843154
0.8,0.0159480601315013
0.8,0.0403282794026112
0.8,0.0294520117393197
0.8,0.0300432791389916
0.8,0.0781104890448473
0.8,0.0204474168348786
0.8,0.0560602619745404
0.8,0.0555189953198923
0.8,0.0608387025943767
0.8,0.0341328255664049
0.8,0.0286156496919659
0.8,0.0422342869017515
0.8,0.0497992471988858
0.8,0.0401090059181108
0.8,-0.0094438626395686
0.8,0.0360407645372464
0.8,0.0587380511712948
0.8,0.0540496627780575
0.8,0.0267341511584322
0.8,0.0686937182970824
0.8,0.0408531527233078
0.8,0.0669043357863297
0.8,0.0374242914961734
0.8,0.0947607161654609
0.8,0.0576502216093628
0.8,0.0804601081787084
0.8,0.0311290742718802
0.8,0.054878967850089
0.8,0.0686625288583186
0.8,0.0560702630867804
0.8,0.0888599918875595
0.8,0.0604314180125102
0.8,0.0309000261948138
0.8,0.054117021568314
0.8,0.00304498824667761
0.8,0.113728482053724
0.8,0.0613723295777781
0.8,0.0613089264438991
0.8,0.0455317603906004
0.8,0.0217691375371606
0.8,0.0299704681256226
0.8,0.0225956462676699
0.8,0.033222999929327
0.8,0.0137801751634752
0.8,0.0549826016718104
0.8,0.0577083520715034
0.8,0.0526812331127803
0.8,0.0358538857997583
0.8,0.0806361888310135
0.8,0.0494223200010022
0.8,0.0290186253305758
0.8,0.0502050087180257
0.8,0.0441027196911492
0.8,0.0300036580943052
0.8,0.0351768938727763
0.8,0.0534298647377024
0.8,0.0702617044888146
0.8,0.0862699970967483
0.8,0.0365826414106959
0.8,0.0286851591346386
0.8,0.0511933484064954
0.8,0.042071396384125
0.8,0.060091702112996
0.8,0.0284293776280842
0.8,0.0417358104344086
0.8,0.0330509787158297
0.8,0.0390079519755709
0.8,0.0604053202317165
0.8,0.0195882009828378
0.8,0.0210644659192624
0.8,0.056999736644741
0.8,0.0239057561144943
0.8,0.0688164108672958
0.8,0.0293057916638216
0.8,0.000166851151338964
0.8,0.0468704549021939
0.8,0.0381006121388127
0.8,0.0561045519755454
0.8,0.0607292734373191
0.8,0.069533782112071
0.8,0.00897841477217852
0.8,0.043160147608494
0.85,0.0322804460037426
0.85,0.00571067537866258
0.85,0.0382160271710823
0.85,0.074414879778897
0.85,0.0804836230389924
0.85,0.0403860219694658
0.85,0.0882939738677822
0.85,0.0844312627011656
0.85,0.0495085063206834
0.85,0.037079282682931
0.85,0.0132278343117853
0.85,0.0103508191570441
0.85,0.0861088141451869
0.85,0.0654235640421089
0.85,0.0527617421129361
0.85,0.0781501662300168
0.85,0.0648727260403014
0.85,0.0774776242159849
0.85,-0.00437619046426133
0.85,0.0345413836359367
0.85,0.0773582865194097
0.85,0.0640466350435188
0.85,0.00750522370009048
0.85,0.0508798005039827
0.85,0.0451270917906097
0.85,-0.0133739204829599
0.85,0.0251240299263638
0.85,0.0572300345314953
0.85,0.0435223086970633
0.85,0.0357390038759793
0.85,0.0496927123176106
0.85,0.0178102348107382
0.85,0.0821923089420908
0.85,0.0327980033584947
0.85,0.0306658139365284
0.85,0.0456122490900532
0.85,0.0684586047120756
0.85,0.0328405213688317
0.85,0.0501475314419404
0.85,0.0234046762614478
0.85,0.00987389722732381
0.85,0.0548205832981962
0.85,0.0410133119231493
0.85,0.0874626724849226
0.85,0.0153588889479069
0.85,0.0451691217071689
0.85,0.0609371388037761
0.85,0.109079907399524
0.85,0.0495050637069083
0.85,0.0656860615143959
0.85,0.029551121103292
0.85,0.0458595154986982
0.85,0.0387350704258648
0.85,0.0765319120764951
0.85,0.0522026919115104
0.85,0.0314164908547179
0.85,0.088593186298628
0.85,0.025085177039265
0.85,0.0385291791184907
0.85,0.0430863174722615
0.85,0.064138739085043
0.85,0.0682467891715527
0.85,0.0928454707133768
0.85,0.0455438963087587
0.85,0.0523417112859993
0.85,0.0241773310875184
0.85,0.0337730742243617
0.85,0.0331604050210107
0.85,0.0498366354510456
0.85,0.0523170192923431
0.85,0.0791629858152703
0.85,0.00735773318653108
0.85,0.0416038881416252
0.85,0.0691588529279097
0.85,0.0806182125689645
0.85,0.00441609027315335
0.85,0.0529740751394974
0.85,0.0725000853406476
0.85,0.0422519275618307
0.85,0.0431185003442982
0.85,0.058818303461549
0.85,0.0571153387600854
0.85,0.0820153035882751
0.85,0.0589188607346706
0.85,0.0694539289461274
0.85,0.0466122282056086
0.85,0.058413933220944
0.85,0.0694501255737902
0.85,0.0652249455939272
0.85,0.0890521882170975
0.85,0.0461427993619994
0.85,0.0812635671249543
0.85,0.0194708398774926
0.85,0.000517151993795198
0.85,0.0545114991403766
0.85,0.0540018013424558
0.85,0.081830752400027
0.85,0.107911405277485
0.85,0.0349227920320285
0.85,0.0701954304937693
0.85,0.106947704133886
0.85,0.0170340919997272
0.85,0.0712185112354945
0.85,0.051907203622829
0.85,0.031650894174321
0.85,0.0862980170744293
0.85,0.0614666700844493
0.85,0.0685019465810265
0.85,0.0129449289699698
0.85,0.0533125971135414
0.85,0.0793907203243243
0.85,0.0471941999455406
0.85,0.0845240693773606
0.85,0.0300737288841756
0.85,0.0638050278127913
0.85,0.0793480771090362
0.85,0.0679245485042441
0.85,0.0785327694027176
0.85,0.024840856157938
0.85,0.0672836182196135
0.85,0.0427809966822596
0.85,0.0862711946772995
0.85,0.0407103458344562
0.85,0.0698711628295617
0.85,0.00437060486904169
0.85,0.0232117121783467
0.85,0.0776709022216105
0.85,0.0524690852864985
0.85,0.0415776209717599
0.85,0.0575273545337263
0.85,0.0349209706718288
0.85,0.0191654737233388
0.85,0.0366944509954256
0.85,0.0275975034527
0.85,0.0362246363478129
0.85,0.0537466846678378
0.85,0.0390860044102686
0.85,0.0748972132194304
0.85,0.0444190982192718
0.85,0.099545819920821
0.85,0.0278991352647035
0.85,0.0533248049853412
0.85,0.0688940347155602
0.85,0.0379834753040984
0.85,0.069971548323945
0.85,0.0323268017698183
0.85,0.0617001257067105
0.85,0.0260876903140174
0.85,0.0438392705772393
0.85,0.0594281715448812
0.85,0.0737563232676009
0.85,0.0691053974294143
0.85,0.0546326543296498
0.85,-0.0148320193381262
0.85,0.028669640294054
0.85,0.0494708372815196
0.85,0.0630278149876342
0.85,0.0344809825867212
0.85,0.0582363533640096
0.85,0.0799184872418276
0.85,0.0439063501296178
0.85,0.0250466744250636
0.85,0.104894380236377
0.85,0.00681825631564448
0.85,0.0565691576897113
0.85,0.0484445239087428
0.85,0.0510740888877582
0.85,0.0648535849443525
0.85,0.0472092549951076
0.85,0.050084571621476
0.85,0.0167952182865531
0.85,0.0694101243069934
0.85,0.0210296897323381
0.85,0.0385007209500511
0.85,0.0351864975998559
0.85,0.0249827795483624
0.85,-0.0168135049785881
0.85,0.0329096758106893
0.85,0.084323559092939
0.85,0.0203429409829717
0.85,0.0607111606978726
0.85,0.0222859599586361
0.85,0.0485017210089794
0.85,0.0641459347811859
0.85,0.00888793879943879
0.85,0.0513450778505454
0.85,0.0148676221163575
0.85,0.0358347088229873
0.85,0.0698657986782952
0.85,0.0766282565564343
0.85,0.0696559648538725
0.85,0.0855665044871317
0.85,0.0492152119762987
0.85,0.0202281008664539
0.85,-0.00482305723802618
0.85,0.0560645783496724
0.85,0.0208311224491033
0.85,0.00249458267858384
0.85,0.105474668734081
0.85,0.0549468724094159
0.85,0.0596211001895108
0.85,0.0585996343073869
0.85,0.0234114524737905
0.85,0.106800965304703
0.85,0.0356101661275447
0.85,0.0357766813785564
0.85,0.0356000130153633
0.85,0.0338754870742602
0.85,0.0722434398340068
0.85,0.0444536846570825
0.85,0.0481784524235898
0.85,0.0203903317315044
0.85,0.0216036576599732
0.85,0.0546440238995582
0.85,0.0322092062642835
0.85,0.00832820404392579
0.85,0.0441282843621048
0.85,0.00679676718775345
0.85,0.0335998113714392
0.85,0.0189100247890618
0.85,0.0599253450600731
0.85,0.0501133740995178
0.85,0.0424695369325623
0.85,0.0590688757967993
0.85,0.0349756915455939
0.85,0.059782188230149
0.85,0.0506708776032573
0.85,0.0265673630244375
0.85,0.010399125586324
0.85,0.051123183638042
0.85,0.0337834344858582
0.85,0.0556432408732955
0.85,0.0594879901610315
0.85,0.0384684770031133
0.85,0.0759786345212926
0.85,0.0426985581814467
0.85,0.0569111240170511
0.85,0.0643024100134918
0.85,0.0233748243883313
0.85,0.061496402551886
0.85,-0.0187843529154003
0.85,0.0619678639077749
0.85,0.0368503386664536
0.85,0.00485069238741668
0.85,0.0421209098064127
0.85,0.0651262414034187
0.85,0.0377308689114696
0.85,0.0579983855166759
0.85,0.0436687900864614
0.85,0.0220091720017821
0.85,0.0399320865209352
0.85,0.0629341923252716
0.85,0.116491785072295
0.85,0.00695362247445826
0.85,0.0641179632262173
0.85,0.00878060721067866
0.85,0.039672709570749
0.85,0.0463644493147692
0.85,0.00768010343415232
0.85,0.0571989140538288
0.85,0.0186262512863828
0.85,0.0380119266808021
0.85,0.0874041394456783
0.85,0.100876113078755
0.85,0.0788222485157674
0.85,0.0545268499333093
0.85,0.0661164766388516
0.85,0.0455286659684328
0.85,0.0928786516110696
0.85,0.0850179808685391
0.85,0.0141585575908137
0.85,0.0689435484578772
0.85,0.0316685561608509
0.85,0.0470016686905679
0.85,0.0557926243164828
0.85,0.061244284624537
0.85,0.0258279829023098
0.85,0.0337139833159834
0.85,0.0850386741064591
0.85,0.0786556302365168
0.85,0.0183723014683833
0.85,0.0522082750214613
0.85,0.0583340533490552
0.85,0.0456053359421037
0.85,0.0622792689636186
0.85,0.0191679339628122
0.85,0.0494766415577216
0.85,0.0732699668373797
0.85,0.0748770769811932
0.85,0.0505591933631222
0.85,0.0080032259184354
0.85,0.0492867619382182
0.85,0.0537496745824322
0.85,0.0445647609068252
0.85,0.0819032761268272
0.85,0.0291239147257496
0.85,0.0561067787743462
0.85,0.0266372034953905
0.85,0.0647958498314085
0.85,0.0692602030445508
0.85,0.0390054375055726
0.85,0.067468140058702
0.85,0.0484596555063762
0.85,0.0505779035642056
0.85,0.0622912008231224
0.85,0.0158340400811168
0.85,0.103727554912215
0.85,0.0395052142757307
0.85,0.0350536324487725
0.85,0.0450928805311744
0.85,0.0307532795460799
0.85,0.0391784087717487
0.85,0.0533148499440936
0.85,0.0216983723114041
0.85,0.0266179591611952
0.85,0.0596096230493693
0.85,0.0453167053730489
0.85,0.0705914530014341
0.85,0.049962983825456
0.85,0.0486695393347656
0.85,0.0614217704306264
0.85,0.0267483402861544
0.85,-0.0205418238222251
0.85,0.0979004770702712
0.85,0.037942469381245
0.85,0.0388178417826499
0.85,-0.0134822238581682
0.85,0.0656334227597985
0.85,0.0148812416945717
0.85,0.0491779234334431
0.85,0.0232867769256579
0.85,0.0945830895203824
0.85,0.0450035076225784
0.85,0.0319400781816494
0.85,0.0708776500875829
0.85,0.0752379071212309
0.85,0.0696187151108208
0.85,-0.0210515469924735
0.85,0.0134823139169027
0.85,0.0173383663507318
0.85,0.0626777009911801
0.85,0.0643011666795326
0.85,0.0470346849956711
0.85,0.048239912073014
0.85,0.0639780739432093
0.85,0.0133164545303715
0.85,0.0696959056696773
0.85,0.126506366744296
0.85,0.0316565051463788
0.85,0.0570107792450879
0.85,0.0467734027306172
0.85,0.0369364983448465
0.85,0.0459337467182828
0.85,0.0504659718997386
0.85,0.0476503757241913
0.85,0.0780721514172072
0.85,0.047637017664047
0.85,0.0507170152626949
0.85,0.00629124433775472
0.85,0.0614750813310258
0.85,0.0171397961527315
0.85,0.0136662403350979
0.85,0.00203351435875469
0.85,0.0406831984187521
0.85,0.0668874691491498
0.85,0.0195385970529186
0.85,0.00606929362287121
0.85,0.0194074203277009
0.85,0.0608871210073588
0.85,0.0952111948371567
0.85,0.0494778550422471
0.85,0.0208151156156244
0.85,0.0349494174747069
0.85,0.0992777237624667
0.85,0.0765813324034056
0.85,0.0217236573121747
0.85,0.0280378535628024
0.85,0.0631535443300391
0.85,0.0503366792083725
0.85,0.0442762229071051
0.85,0.060194522407621
0.85,0.0221778649824443
0.85,0.0680079666783512
0.85,0.0552998572804758
0.85,-0.00335950442644791
0.85,0.0307825979542868
0.85,0.0647090365040762
0.85,0.0874333804750543
0.85,-0.00165188282886957
0.85,0.0348853243415376
0.85,0.0411570760703959
0.85,0.06195406428484
0.85,0.0453758917688623
0.85,0.0618418594908074
0.85,0.0639850794387165
0.85,0.0547631707573396
0.85,0.0801384908794465
0.85,0.0516219584567343
0.85,0.021044788161247
0.85,0.0279231168465204
0.85,0.0563955169818233
0.85,0.082668593433507
0.85,0.0357610581289829
0.85,0.0370515431282099
0.85,0.00849856440738651
0.85,0.0196311366943706
0.85,0.0318698050473669
0.85,0.0205122698003782
0.85,0.0273232142702509
0.85,0.0248953915848658
0.85,0.0432604678768132
0.85,0.0457819001297223
0.85,0.0801552289223162
0.85,0.0456138547949504
0.85,0.0168671838283524
0.85,0.098292741770106
0.85,0.0344851386216404
0.85,0.0409478720444438
0.85,0.0343710149578236
0.85,0.0595182759885883
0.85,0.0697958704732115
0.85,0.0107508110926643
0.85,0.0809285822693207
0.85,0.0659177813802866
0.85,-0.00295895270619138
0.85,0.0660942157421807
0.85,0.0455536735435314
0.85,0.0321316882585409
0.85,0.031797030999032
0.85,0.00627384717548108
0.85,0.109461806148296
0.85,0.0951633870465016
0.85,0.0646961061719084
0.85,0.0275984397725875
0.85,0.0561097321360021
0.85,0.0461967386538239
0.85,0.00124807926596334
0.85,0.0403428147056969
0.85,0.0183512009845846
0.85,0.0362978246793383
0.85,0.055017083684698
0.85,0.059443230318901
0.85,0.0530127129338365
0.85,0.0170779197245877
0.85,0.0391396671605226
0.85,0.05304623207653
0.85,0.0556550701242357
0.85,0.0941036142391974
0.85,0.0255768463514407
0.85,0.00405552311491466
0.85,-0.00379430952179044
0.85,0.0703804778514055
0.85,0.032444111588047
0.85,0.0304409434115268
0.85,0.0705717173200181
0.85,0.0553673483464118
0.85,0.0643496074223356
0.85,0.0678469526119149
0.85,0.0528680897054223
0.85,0.0629357821017173
0.85,0.0374513883443865
0.85,0.0176292798470223
0.85,0.0610323183536598
0.85,0.0731062381667808
0.85,0.0268620725349485
0.85,0.0800773713354324
0.85,0.0281111246909482
0.85,0.0459331055593601
0.85,0.0437302934550422
0.85,-0.0223055976009599
0.85,0.0694008467841236
0.85,0.0422731915338965
0.85,0.0287572581807279
0.85,0.0559805639234379
0.85,0.0278689472429527
0.85,0.0156395672043666
0.85,0.0807847872920689
0.85,0.0436125525187663
0.85,0.0247304306167616
0.85,0.104628258067437
0.85,0.0418001283163481
0.85,0.0800449066276108
0.85,0.041072413992628
0.85,0.0460701646274671
0.85,0.0831449430363917
0.85,0.0676160708426013
0.85,0.0329946243910506
0.85,0.0546644484968122
0.85,0.0756945798949136
0.85,0.0515409469928701
0.85,0.0570490483814529
0.85,0.069387830063276
0.85,0.0749207181604723
0.85,0.0560975489081245
0.85,0.081532721530274
0.85,0.0411321349380875
0.85,0.114708189450224
0.85,0.0480228278551785
0.85,0.0674313027165329
0.85,0.0565325291485358
0.85,0.0897320183196997
0.85,0.0508260802873578
0.85,0.0339501328890562
0.85,0.0874636173675119
0.85,0.0237494751803085
0.85,0.0446040658515746
0.85,0.0292750071886224
0.85,0.0504675032947951
0.85,0.0739723668180715
0.85,0.0622913442236753
0.85,0.0736554454973732
0.85,0.0486153652904335
0.85,0.0432344127586475
0.85,0.0269563688043561
0.85,0.0729224291117716
0.85,0.0514830159077797
0.85,0.0335857019739485
0.85,0.0653938007025956
0.85,0.0493856105379762
0.85,-0.0211084362734382
0.85,0.0251369508100415
0.85,0.0699847469470797
0.85,0.0749730574817998
0.85,0.0339596647993054
0.85,0.0652996770238854
0.85,0.0198263346823289
0.85,0.0236090529932845
0.85,-0.00408226744877137
0.85,0.0499340265400004
0.85,0.0413298846677145
0.85,0.0837957770891613
0.85,-0.0032526049278405
0.85,0.060287192451772
0.85,0.0209409453184458
0.85,0.0922324491991533
0.85,0.0537357464999691
0.85,0.0870044835715494
0.85,0.0450485173998585
0.85,0.0708924174470183
0.85,0.0301493852343582
0.85,0.0672859087333086
0.85,0.0289650708289421
0.85,0.0304861928453268
0.85,0.00597379649405365
0.85,0.0136593762043467
0.85,0.0246535026369198
0.85,-0.0274390628175177
0.85,0.0731865361348855
0.85,0.0516376487080552
0.85,0.0918656654089801
0.85,0.0260047241225026
0.85,0.0572896882931592
0.85,0.0333960221788981
0.85,0.0604250064274469
0.85,0.101459328751087
0.85,0.0332043562911351
0.85,0.0564173605398815
0.85,0.0488839396166009
0.85,0.084920468286486
0.85,0.000477484152355554
0.85,0.0122575785879367
0.85,0.0247435245623743
0.85,0.0739544149036555
0.85,0.0709188826213233
0.85,0.0148818477251607
0.85,0.0610101081036131
0.85,0.0516412388401784
0.85,0.0791331217774748
0.85,0.0478587805461601
0.85,0.0118570010975717
0.85,0.0558948433164481
0.85,0.0167716074909827
0.85,-0.0240787870284031
0.85,0.0584610108839748
0.85,0.0502095774291664
0.85,0.0627038292945682
0.85,0.036421763309521
0.85,0.0337756218671313
0.85,0.0160518422444444
0.85,0.0218764998183904
0.85,0.0147234946080986
0.85,0.0389017518479793
0.85,0.0394732200334238
0.85,0.0185981089077298
0.85,0.0288675837214829
0.85,0.0386684661165814
0.85,0.0123050462468285
0.85,0.0452068691639891
0.85,0.039965089086712
0.85,0.0405966645916801
0.85,0.0327516849137808
0.85,0.0681525621812838
0.85,0.03974804210792
0.85,0.0266426296656561
0.85,0.0124882083016378
0.85,0.0745697461835991
0.85,0.0626181592510928
0.85,0.0457269428362445
0.85,0.0350381747477063
0.85,0.0192845380599648
0.85,0.0291344806985629
0.85,0.0673167636668547
0.85,0.0211484663749466
0.85,0.0476774474014074
0.85,0.0735337075266363
0.85,0.0464935928937318
0.85,0.0428851046809118
0.85,0.0129567166899768
0.85,0.0402760054025841
0.85,0.0187824632983817
0.85,0.0764236260577073
0.85,0.0349176833286089
0.85,0.0708522438306158
0.85,0.041348421104204
0.85,0.0208967509264092
0.85,0.0632789997059656
0.85,0.0117922202170123
0.85,0.0747960356579712
0.85,0.0745701003248807
0.85,0.0225424667015039
0.85,0.0292685696423615
0.85,0.0491094041919291
0.85,0.0179978695638601
0.85,0.0375220873585887
0.85,-0.00376363514544095
0.85,0.0315602471370617
0.85,0.0710386666474863
0.85,-0.00242476437148254
0.85,0.0297390764923299
0.85,0.0669901181588897
0.85,0.0438210872008542
0.85,0.0704921691484837
0.85,0.0957333644878718
0.85,0.0857046814886215
0.85,0.0323861671712268
0.85,0.0696871353924636
0.85,-0.0036208954607175
0.85,0.00132742604915613
0.85,0.0274722552172764
0.85,0.0117110912339523
0.85,0.0385340121701643
0.85,0.0354327045700496
0.85,0.0476330419069332
0.85,0.0970675358932148
0.85,0.0448372583291042
0.85,0.038918127094083
0.85,-0.0110346374472291
0.85,0.0616242650249752
0.85,0.0294671488203822
0.85,0.0251253462925142
0.85,0.0663758486226742
0.85,0.0686313419335815
0.85,0.0628148748614256
0.85,0.0391858020179463
0.85,0.0714510430046612
0.85,0.0458108274619515
0.85,0.044857284713425
0.85,0.058231563106363
0.85,0.0181372215740946
0.85,0.0428671884386836
0.85,0.0703197284421957
0.85,0.0392989517890567
0.85,0.00174545089172326
0.85,0.0469949191813486
0.85,0.0168754203479615
0.85,0.046436680022817
0.85,0.0251111787506301
0.85,0.077528139326191
0.85,0.0571395120398876
0.85,0.0587093745584867
0.85,0.018996878917779
0.85,0.0238370826931951
0.85,0.0637082975129046
0.85,0.0432750132016641
0.85,0.03529919485281
0.85,0.0923166452028969
0.85,0.0830537868417567
0.85,0.0517509207035379
0.85,0.0454698616618756
0.85,0.0735425625450676
0.85,0.0162966629520449
0.85,0.0278535203188055
0.85,0.0431316192616293
0.85,0.0231979127906617
0.85,0.0532905753446627
0.85,0.0223164329919456
0.85,0.0919918456361253
0.85,0.0722953659044542
0.85,0.0356666327936091
0.85,0.0746999347374654
0.85,0.0367684402142358
0.85,0.0678170044302012
0.85,0.036599038059029
0.85,0.0714691244320683
0.85,0.0367063006720249
0.85,0.0840430692514806
0.85,0.0805508432810729
0.85,0.0733908816452667
0.85,0.0683697776242501
0.85,0.0356236858000159
0.85,0.068570333447397
0.85,0.0349953384075836
0.85,0.0184275932221072
0.85,0.0437448090053511
0.85,0.045851651456055
0.85,0.0642553950188336
0.85,0.00142524114299633
0.85,0.0762682675264873
0.85,0.055741692755529
0.85,0.0437857120154849
0.85,0.00448880473126215
0.85,0.0398106855125452
0.85,0.0598062058444043
0.85,0.0759891534373748
0.85,0.0459947772360133
0.85,0.0602832256957633
0.85,0.0157049734159593
0.85,0.0161644774490481
0.85,0.0603259248053029
0.85,0.0442364673270407
0.85,0.0889455117392326
0.85,0.082448900643935
0.85,0.0773308810994359
0.85,0.0613158350203945
0.85,0.0768171489539917
0.85,0.0928237926302748
0.85,0.0738129523975559
0.85,0.0399307311490253
0.85,0.046420829021947
0.85,0.0336379144787625
0.85,0.0282738644646103
0.85,0.0134536071110018
0.85,0.0791778978281547
0.85,0.0781102047566731
0.85,0.0482538561473073
0.85,0.0397020832091033
0.85,0.0793173383562451
0.85,0.0251220946156918
0.85,0.0436378578294342
0.85,0.0520653491577945
0.85,0.0547611789347954
0.85,0.010096676523819
0.85,0.0812256495076164
0.85,0.0487768439708639
0.85,0.045447811685271
0.85,0.0630250442853295
0.85,0.0307299365495942
0.85,0.0349791194283539
0.85,0.043318356379888
0.85,0.0323543780735394
0.85,0.106688390019326
0.85,0.043237226281849
0.85,0.0925540398686888
0.85,0.0272804506883971
0.85,0.0575164655656797
0.85,0.0746087120248472
0.85,0.0374799915267868
0.85,0.0785483278146112
0.85,0.0549918115199456
0.85,0.038387973953352
0.85,0.00110990288658159
0.85,0.0195975093374978
0.85,0.0492841885829948
0.85,0.0905237806312914
0.85,0.0276384537469452
0.85,0.0294107527753569
0.85,0.00905976424324497
0.85,0.0692111448620516
0.85,0.0802906426223208
0.85,0.0247360328512259
0.85,0.0515360315193557
0.85,0.085106074695592
0.85,0.0708516466651471
0.85,0.0592245910330549
0.85,0.0554009824923795
0.85,0.0313888187482367
0.85,0.00924367304853064
0.85,0.0314782606157301
0.85,0.0179090058357205
0.85,0.0213934433940594
0.85,0.0575226466918137
0.85,0.0394860831356685
0.85,0.0513781623211041
0.85,0.0347854147640373
0.85,0.0247132277532898
0.85,0.0475498886105839
0.85,0.032962821165092
0.85,0.058166665415163
0.85,0.0272946253601849
0.85,0.0610490614587517
0.85,0.0820121119775733
0.85,0.0540175236789619
0.85,0.0195546080402861
0.85,0.0331988284341863
0.85,0.0887934831847451
0.85,0.0489697598071364
0.85,-0.00326939546789771
0.85,0.0425505600952403
0.85,0.0408226832837099
0.85,0.0991943795020134
0.85,0.0788381505475662
0.85,0.0921363636628812
0.85,0.0642952028607125
0.85,0.060505904505215
0.85,0.023218296085427
0.85,0.0379296506212413
0.85,0.0408655917966307
0.85,0.0658617883766947
0.85,0.0244262032609703
0.85,0.0578771352078055
0.85,0.047857887995736
0.85,0.0931876590379267
0.85,0.086768034172329
0.85,0.0865486446999198
0.85,0.0472086573260124
0.85,0.0331329604603089
0.85,0.0517878451818403
0.85,0.0131804077949275
0.85,0.0404596546365037
0.85,0.0304045959262144
0.85,0.0332458727461201
0.85,0.0416154123768837
0.85,0.055803871464504
0.85,-0.0109905798373164
0.85,0.0870701677250639
0.85,0.0490230230179656
0.85,0.0650003363187231
0.85,0.040502933989444
0.85,0.0281230474201576
0.85,0.0111547699136959
0.85,0.0102697837639864
0.85,0.0643171157249085
0.85,0.0711111454450494
0.85,0.0546164898475096
0.85,0.0243293268344739
0.85,0.0677990385216582
0.85,0.0163335225193362
0.85,0.0517642377024311
0.85,0.0180649511271398
0.85,-0.000514754646492924
0.85,0.0722966684557779
0.85,0.0585985323862288
0.85,0.0436064114642596
0.85,0.045035315552213
0.85,0.0375142907384312
0.85,0.0620029549851815
0.85,0.0577327217260263
0.85,0.0401663832589734
0.85,-0.00649048180827787
0.85,0.0414046659457272
0.85,0.0476389180797753
0.85,0.0194904023512411
0.85,0.062417153213092
0.85,0.0739236233326273
0.85,0.0599134544270052
0.85,0.0685507296840047
0.85,0.0675106958895609
0.85,0.0527382709830866
0.85,0.0256828087070818
0.85,0.0992937570487073
0.85,0.0323860909380764
0.85,0.0356656022705779
0.85,0.0916290740763526
0.85,0.019840837496996
0.85,0.0556631413565583
0.85,-0.0188400340850594
0.85,0.0209980549623348
0.85,0.0367184531113698
0.85,0.0100033744038405
0.85,0.0587068769819445
0.85,0.0581734476058829
0.85,0.0551507197554611
0.85,0.0146788757155147
0.85,0.0803859123226274
0.85,0.0581950941808742
0.85,0.0794894688050574
0.85,0.0847667678845491
0.85,0.037726026828965
0.85,0.0365410525355985
0.85,0.0107319701247662
0.85,0.0161310237450596
0.85,0.0956287605550885
0.85,0.0458620547180093
0.85,0.0755304943935959
0.85,0.0497306796151874
0.85,0.0329164373841947
0.85,0.0642261036090993
0.85,0.0401295035757943
0.85,0.0496500914911716
0.85,0.0539302813256837
0.85,0.0426251852070737
0.85,0.0620634226304054
0.85,0.0504295281221634
0.85,0.0226707776702927
0.85,0.0881588136252872
0.85,0.0393408698300212
0.85,0.0173463600978487
0.85,0.0189194114634894
0.85,0.0614886587248807
0.85,0.0369496368074374
0.85,0.0564493538777125
0.85,0.0129061258850773
0.85,0.0791020410731618
0.85,0.0639500580636422
0.85,0.0548885221306506
0.85,0.0451318012705589
0.85,0.0521543750840943
0.85,0.0343039077413419
0.85,0.0597004982990927
0.85,0.0171268416739764
0.85,0.0143785022872956
0.85,0.0491729297183437
0.85,0.0628589626776885
0.85,0.0586710003207778
0.85,0.0894665638092779
0.85,-0.00386376256724736
0.85,0.0891356871621525
0.85,0.0412665592119895
0.85,0.046294124034338
0.85,0.0313070718037963
0.85,0.0524384666307385
0.85,0.0640858124034901
0.85,0.0448199321529681
0.85,0.0381590165046267
0.85,0.0440037197901528
0.85,0.0566773615610616
0.85,0.0367319265829761
0.85,0.0977667243138765
0.85,0.0502951506150819
0.85,0.0468927503088609
0.85,0.0553173275587934
0.85,-0.0299771591915444
0.85,0.0696533467393895
0.85,0.0746873303931648
0.85,0.0400525112203135
0.85,0.048073778260428
0.85,0.0373195861946011
0.85,0.0670958054240489
0.85,0.0810489324381474
0.85,0.0408238277285887
0.85,0.0647660287301044
0.85,0.0404698799220189
0.85,0.0163131564528471
0.85,0.0416361280562599
0.85,0.0620640322466815
0.85,-0.0025978066836956
0.85,0.0614100417653837
0.85,0.0726029488620582
0.85,0.0448970422328121
0.85,0.0257624585152107
0.85,0.030933631415487
0.85,0.047113744361298
0.85,0.0729433460134718
0.85,0.047551266190681
0.85,0.0518171755382657
0.85,0.0248764093228009
0.85,0.0413465382073864
0.85,0.0529403076864826
0.85,0.0492386437222122
0.85,0.0627506684013588
0.85,0.0374635263788476
0.85,0.0502534279962715
0.85,0.0307946168369621
0.85,0.0679896514045715
0.85,0.0214630639386513
0.85,0.0212490529149841
0.85,0.0631271428883174
0.85,0.05252562132136
0.85,-0.00022924360086923
0.85,0.0609927868658097
0.85,0.0680362951542934
0.85,-0.00604190035253067
0.85,0.0417992191321211
0.85,0.0481385184387705
0.85,0.0938344443977526
0.85,0.0442149681434906
0.85,0.0546456526726911
0.85,0.0666487943501513
0.85,0.0600031522853178
0.85,0.0217433669153593
0.85,0.0188345381632492
0.85,0.0423269439640526
0.85,0.060742235320792
0.85,0.045242336169503
0.85,0.0201357974449919
0.85,0.0140147638295564
0.85,0.0512250105214851
0.85,0.0436755209351698
0.85,0.0696944652425871
0.85,0.0662005064725476
0.85,0.0384805683744302
0.85,-5.50850962613469e-05
0.85,0.0788009311420981
0.85,0.0148654482524433
0.85,0.0687807270383926
0.85,0.0682457666536276
0.85,0.0642003461157198
0.85,0.0207149239906985
0.85,0.0319565233666917
0.85,0.0511361606341712
0.85,0.102974559759485
0.85,0.0312761803614741
0.85,0.097490271641292
0.85,0.0584788592499528
0.85,0.0982935077474022
0.85,0.0463391590171134
0.85,0.0540720753230186
0.85,0.0276715730732238
0.85,0.060054123946505
0.85,0.0600422772078271
0.85,0.05413437283731
0.85,0.0340096145267078
0.85,0.0252336683741526
0.85,0.0170486990778786
0.85,0.0566244721872054
0.85,0.0845603552309166
0.85,0.0793557106580076
0.85,0.0377152313722985
0.85,0.0634810202500144
0.85,0.0520551686065115
0.85,0.0469222612568793
0.85,0.0347653591407398
0.85,0.0586972096884882
0.85,0.054028392249414
0.85,0.0606583873949154
0.85,-0.00924973124173849
0.85,0.0477511604209144
0.85,0.0168097168943368
0.85,0.0839933326252352
0.85,0.0707563507187941
0.85,0.0791960701439525
0.85,0.0318582078029232
0.85,0.0506785774030592
0.85,0.0522315159116447
0.85,0.00190632362783142
0.85,0.0353911398055617
0.85,0.0764432457276858
0.85,0.0488615195332186
0.85,0.090739149784004
0.85,0.0957135542486544
0.85,0.0267219844396995
0.85,-0.0215654247306814
0.85,0.05420194684709
0.85,0.0350721615507644
0.85,0.0460371785663728
0.85,0.0313817339025024
0.85,0.0677294233144908
0.85,0.0778739795905876
0.85,0.0281490947330236
0.85,0.0643547914903867
0.85,0.0291237161078169
0.85,0.0413537577991481
0.85,0.0759623961155804
0.85,0.0813301126015075
0.85,0.042682979582556
0.85,0.0665427004112392
0.85,0.05788196053076
0.85,0.0463249022672767
0.85,0.0117952652069742
0.85,0.0391341770786034
0.85,0.0414572876825978
0.85,0.0691436398637179
0.85,0.0407255389388666
0.85,0.0191269206351824
0.85,0.0484597744420548
0.85,0.0172079269740429
0.85,0.0365069147421227
0.85,0.0829098744649731
0.85,0.064277780960588
0.85,0.0823482526670286
0.85,-0.0153526119292457
0.85,0.0841434005906397
0.85,0.0258519456973247
0.85,0.0605598097948793
0.85,0.0535095384615493
0.85,0.0650864649523582
0.85,0.00683232247831064
0.85,0.0855174608171659
0.85,0.0520529425296023
0.85,0.0740159993154142
0.85,0.0467161378256213
0.85,0.0456800523726138
0.85,0.0163931776685632
0.85,0.00596118196878458
0.85,0.0125218965923393
0.85,0.0807685518347203
0.85,0.0966822369232323
0.85,0.0555036171095995
0.85,0.0805922298430796
0.85,0.0124626822510688
0.85,0.110962347853854
0.85,0.0287188678299116
0.85,0.0150832213099817
0.85,0.0718670627310099
0.85,0.0792264397647637
0.85,0.0617229557720279
0.85,0.0513427104968771
0.85,0.0700752001503119
0.85,0.037603216918864
0.85,0.0294682718568495
0.85,0.0266829723977223
0.85,0.022054997348336
0.85,0.0157380837769902
0.85,0.0583820829689458
0.85,0.0711903200333209
0.85,0.0493217175912131
0.85,0.0255546441752219
0.85,0.0635464850753355
0.85,-0.0110495715182993
0.85,0.038562052622229
0.85,0.060138187354655
0.85,0.0532708724926579
0.85,0.0799963737495381
0.85,0.0347736246074278
0.85,0.0704729684083921
0.85,0.0775727010440795
0.85,0.072174707497708
0.85,0.0698694829831143
0.85,0.0427384024457726
0.85,0.0562621386798949
0.85,0.0584010050480719
0.85,0.0656235693997733
0.85,0.0438918411920895
0.85,0.0231681588833112
0.85,0.0739951738707491
0.85,0.0939577982161797
0.85,0.05810873130661
0.85,0.0538716234469368
0.85,0.0672395120069288
0.85,0.0384792551072732
0.85,0.0648757174988848
0.85,0.0562813075385174
0.85,0.0560440807771748
0.85,0.0746219332976404
0.85,0.0499602929027931
0.85,0.0487401254236754
0.85,0.019310859609286
0.85,0.0714218030976832
0.85,0.0279841834639816
0.85,0.0288515008687863
0.85,0.0772260836245528
0.85,0.0421296378335816
0.85,0.0247769799983132
0.85,0.0250214991749229
0.85,0.0771857895120566
0.85,0.0279131198822893
0.85,0.00798533526130039
0.85,0.0602818067994963
0.85,0.0235099115358119
0.85,0.05297781833371
0.85,0.0593363658028256
0.85,0.0807231283679361
0.85,0.0377169238317942
0.85,0.0619877320229511
0.85,0.0268830196393004
0.85,0.0444547231853984
0.85,0.0573478280632785
0.85,0.0761711029819608
0.85,0.0409595804092416
0.85,0.0651398197306134
0.85,-0.0268877609785319
0.85,0.0482975075415864
0.85,0.0527090998761803
0.85,0.0271139638044231
0.85,0.0824576961992008
0.85,0.0364910127277713
0.85,0.0741655627478385
0.85,0.0969727792358372
0.85,0.0171503720721486
0.85,0.0566692024564287
0.85,0.0543698499796768
0.85,0.0193874189468767
0.85,0.0768552308992949
0.85,0.0425708365804751
0.85,0.0556595479686762
0.85,0.0366427541861138
0.85,0.0265486970632749
0.85,0.0148387729271015
0.85,0.0261413269073855
0.85,0.0425375772689609
0.85,0.0748344039149646
0.85,-0.00179973379643497
0.85,0.0213875387574107
0.85,0.0606211362075921
0.85,0.025381369283076
0.85,0.0728858259096612
0.85,0.0562207731541631
0.85,0.0224155326803811
0.85,0.0634446755515596
0.85,0.0483989139142667
0.85,0.0231049345774397
0.85,0.0315495563972517
0.85,0.0610485177726996
0.85,0.0778975753308913
0.85,0.0659255955016856
0.85,0.0591029086814479
0.85,0.0372773848100053
0.85,0.0932389471336993
0.85,0.0471777510202756
0.85,0.095342766551647
0.85,0.00824644628646465
0.85,0.10190759248024
0.85,0.0302280155900478
0.85,0.0968052965902466
0.85,0.0536115476870964
0.85,0.0541218927973118
0.85,0.0586863957028411
0.85,0.0663588026879046
0.85,0.0416935999169357
0.85,0.077672171482256
0.85,0.0367359183951573
0.85,0.0281568348360642
0.85,0.0619470063452819
0.85,0.0584297872737451
0.85,0.0189901930739192
0.85,0.040176026301015
0.85,0.0800756885740065
0.85,0.0199549203737734
0.85,0.0753507388837989
0.85,0.0565645811653845
0.85,0.01863878786994
0.85,0.0597203331943445
0.85,0.0298843031928663
0.85,0.0699018923445163
0.85,0.0199150341646706
0.85,0.0604206434354924
0.85,0.0274437151859991
0.85,0.0576984727537919
0.85,0.046111360743293
0.85,0.0700343766007771
0.85,0.0514376663184409
0.85,0.0763284060081121
0.85,0.0106644897302504
0.85,0.0829430974919713
0.85,0.0603502078129712
0.85,0.0493850740355221
0.85,0.0395907155227268
0.85,0.00955398959061122
0.85,0.0425844197905069
0.85,0.0465154718113151
0.85,0.0765993574029401
0.85,0.0665602544100758
0.85,0.0248970291958402
0.85,0.0779602388025596
0.85,0.0563211739393531
0.85,0.0558993004959229
0.85,0.0537476712690152
0.85,0.0129826692146579
0.85,0.0531544698132681
0.85,0.0367617849972574
0.85,0.0491612608576505
0.85,0.00202449448472968
0.85,0.06715998314549
0.85,0.0948427632588989
0.85,0.0360911636066938
0.85,0.0290233250614392
0.85,0.093259836788808
0.85,0.0329146869491777
0.85,0.0267419656867673
0.85,0.0312253566672826
0.85,0.061168935346293
0.85,0.0651486665159848
0.85,0.0328369345270029
0.85,0.033197848925171
0.85,0.058022532486222
0.85,0.0214593943804486
0.85,0.0921334971906942
0.85,0.0285889146258502
0.85,0.0627286767334871
0.85,0.0645725647126673
0.85,0.0887530529756959
0.85,0.059297713443638
0.85,-0.0106150521241789
0.85,0.0703314759789754
0.85,0.0712630725492052
0.85,0.06898987982233
0.85,0.0504025590373089
0.85,0.00752003831773441
0.85,0.0728362076543233
0.85,0.0340756461655643
0.85,0.0600943106496412
0.85,0.0577499727121146
0.85,0.0644856145839513
0.85,0.0612015954216942
0.85,0.033577621296393
0.85,0.0787830411972893
0.85,0.0525193672793405
0.85,0.0472532821125353
0.85,0.0703651884121289
0.85,0.0633178566595892
0.85,0.084775683537321
0.85,0.0501942980323411
0.85,0.0777124801120601
0.85,0.0376981238194017
0.85,0.0928605617748633
0.85,0.0399503108964355
0.85,0.0623091802501394
0.85,0.0334095323414677
0.85,0.0218124530653549
0.85,0.044250634535112
0.85,0.0545184518237346
0.85,0.0600136662553939
0.85,0.0172136988260606
0.85,0.0340187430931958
0.85,0.0505031210459546
0.85,0.0386337979438424
0.85,0.0922130709831118
0.85,0.0453861834418378
0.85,0.0657462786769244
0.85,0.0533198646100521
0.85,0.0517304154901176
0.85,0.0303751863767102
0.85,0.0715981585494433
0.85,0.0606114976150873
0.85,0.0557465050484001
0.85,0.050196205374403
0.85,0.0634494298622923
0.85,0.0181720179917026
0.85,0.0501958514635888
0.85,0.0919380952950714
0.85,0.0504560952832137
0.85,0.0496467377157534
0.85,0.0415180987557019
0.85,0.0489044231509248
0.85,0.0183323658718206
0.85,-0.0126834808053818
0.85,0.0592076074481336
0.85,0.0674766336508194
0.85,0.0399911096905626
0.85,0.0365518988764807
0.85,0.0137524660896532
0.85,0.00611523604925722
0.85,0.0359907813646127
0.85,0.0508615587194231
0.85,-0.0111268624478788
0.85,0.0181751654615876
0.85,0.0658561692200778
0.85,0.116031592758228
0.85,0.0606712684660837
0.85,0.049747130708473
0.85,0.0475805360381817
0.85,0.0461884548488622
0.85,0.0204790343720321
0.85,0.0245840365427178
0.85,0.0235637874762008
0.85,0.0324307532606608
0.85,0.0946461205103549
0.85,0.00230442754024598
0.85,0.0659333493390622
0.85,0.0497285385682019
0.85,0.055797269679609
0.85,0.0247892653381917
0.85,0.077235518635495
0.85,0.0357201514441552
0.85,0.0837838511935201
0.85,-0.00708504992802677
0.85,0.045047499119203
0.85,0.0438688403272027
0.85,0.0685482058190212
0.85,0.0476698008638095
0.85,0.0243339934346591
0.85,0.0185320882264471
0.85,0.0314606052630917
0.85,0.0473234100803925
0.85,0.0585137168567192
0.85,0.0145585251588205
0.85,0.0271319826816681
0.85,0.0484834914277508
0.85,0.0222790908694823
0.85,0.0503309907659181
0.85,0.018163789140361
0.85,0.0444341910709967
0.85,0.0731992362469566
0.85,0.0586127995887183
0.85,0.0824402451512708
0.85,0.0355044894456336
0.85,0.0826113105872705
0.85,0.0297663900713477
0.85,-0.0151634186120729
0.85,0.0971088773838913
0.85,0.0327072417550519
0.85,-0.00345555376384755
0.85,0.0619080224484713
0.85,0.0309683925311292
0.85,0.0654623262441825
0.85,0.0508407171621259
0.85,0.0855304733463492
0.85,0.0386849200040738
0.85,0.0479088335672893
0.85,0.0738732162286805
0.85,0.0220853951419485
0.85,0.0472476042233031
0.85,0.0859789446460585
0.85,0.0510936081223725
0.85,0.0474291854981287
0.85,0.0268529835136457
0.85,0.0745997637860549
0.85,0.0874375104627463
0.85,0.00824516282366254
0.85,0.0263192023799209
0.85,0.0428339729298637
0.85,0.0850652771729788
0.85,0.04638957005235
0.85,0.0350954476067308
0.85,0.0457186640167641
0.85,0.0109231096704305
0.85,0.0598811573428827
0.85,0.0157975299308419
0.85,0.0770488583084013
0.85,0.0378779810733865
0.85,0.0116671716572064
0.85,0.0350687898140871
0.85,0.0626441865059195
0.85,0.00631024807735118
0.85,0.0261714963523946
0.85,0.023724620817573
0.85,0.0916845886633188
0.85,0.0407646642510158
0.85,0.0271962951384393
0.85,0.0178774946310628
0.85,0.0339548439187454
0.85,0.0395547128137597
0.85,0.0507546314036868
0.85,0.0280697403036251
0.85,0.0452204224270515
0.85,0.029473239708691
0.85,0.0122243317974436
0.85,0.0689749390934609
0.85,0.0451228082063007
0.85,0.0575309946942647
0.85,0.0448945463967312
0.85,0.0697179250455786
0.85,0.0430368375478079
0.85,0.043174408234714
0.85,0.0461645668751173
0.85,0.0161951788811139
0.85,0.109068097782559
0.85,0.0474013295206274
0.85,0.0373241692330651
0.85,0.070648482943448
0.85,0.0576427240448432
0.85,0.0541173710592036
0.85,0.0668139170174422
0.85,0.0830826746027363
0.85,0.0760577029474225
0.85,0.040360178995242
0.85,0.0455913921639831
0.85,0.0636404238826041
0.85,0.0431428201954274
0.85,0.057119252026685
0.85,0.0648275815807538
0.85,0.0618990639323301
0.85,0.0533591892194866
0.85,0.0446645376526968
0.85,0.060485470393107
0.85,0.0512115095315476
0.85,-0.00133962447083006
0.85,0.0636535724722475
0.85,0.0177450238406124
0.85,0.0487938408237799
0.85,0.0481699478900583
0.85,0.0372983937215865
0.85,0.0481047926969009
0.85,0.0593538747831782
0.85,0.0465459721328545
0.85,0.0378835665052364
0.85,0.0901891502071123
0.85,0.0502436051114555
0.85,0.0519773211776026
0.85,0.0637448872223943
0.85,0.032505044311295
0.85,0.0525283348892752
0.85,0.0360395641693305
0.85,0.0475796827611735
0.85,0.0562455581598938
0.85,0.0550441751104889
0.85,0.060092679732172
0.85,0.0648161233713104
0.85,0.0308076472878734
0.85,0.0175103675087612
0.85,0.0792167850716137
0.85,0.044926850143544
0.85,0.0490694377015392
0.85,0.0795333925996379
0.85,0.0794482732735368
0.85,0.0889041087904455
0.85,0.0282873293280159
0.85,0.0383335656715312
0.85,0.0678130045873103
0.85,0.002746535567184
0.85,0.0611618426594979
0.85,0.0275962593371127
0.85,0.0266890433624992
0.85,-0.0145505604050935
0.85,0.0317916774554114
0.85,0.0190328068579839
0.85,0.063861739897142
0.85,0.0596940398288074
0.85,0.033206909265979
0.85,0.048957295433058
0.85,0.0321465997033271
0.85,0.0295298370632248
0.85,0.0729799138459882
0.85,0.00491445502639549
0.85,0.0258613767384874
0.85,0.05717651423537
0.85,0.0515348437842941
0.85,0.0514595834532617
0.85,0.0233522680050649
0.85,-0.00410082822649712
0.85,0.0267381643222651
0.85,0.0658245931009939
0.85,0.0571718990603873
0.85,0.0298899990203671
0.85,0.0562108494149071
0.85,0.0124911593846624
0.85,0.0515930485518313
0.85,0.0499683892051063
0.85,0.0231500914177204
0.85,0.0567151272867285
0.85,0.0841463239704855
0.85,0.0722203011924599
0.85,0.0432515631558496
0.85,0.0704455993314875
0.85,0.0626703824307452
0.85,0.0602668456718509
0.85,0.0164152773786168
0.85,0.0336917581879913
0.85,0.0559954138144272
0.85,0.0656272541543152
0.85,0.0374708183033618
0.85,0.083047098944994
0.85,0.0453694323890362
0.85,0.0555964071918097
0.85,0.0463444369170984
0.85,0.098090467806589
0.85,0.091347537208941
0.85,0.0218763817335427
0.85,0.0904399525733211
0.85,0.0878699971686058
0.85,0.0312169071184944
0.85,0.00586793303095639
0.85,0.0405408144695954
0.85,0.0518669235572783
0.85,0.0386907151791479
0.85,0.0349937988067648
0.85,0.053340469580704
0.85,0.0785397282294027
0.85,0.0512459521590774
0.85,0.0807847781724024
0.85,0.0366142206456534
0.85,0.026582105176693
0.85,0.0692730459285677
0.85,0.0162696239631078
0.85,0.0370270879395064
0.85,0.056399248766453
0.85,0.00156758306028157
0.85,0.0791492139855722
0.85,0.0474246532161447
0.85,0.0593678847290005
0.85,0.059989191997922
0.85,0.0618969811026773
0.85,0.0165624533553982
0.85,0.0303255141305324
0.85,0.0775431667409275
0.85,0.0418571360448518
0.85,0.0671818880401682
0.85,0.038569891364574
0.85,0.0349505034336168
0.85,0.0601588990089014
0.85,0.0425333333376245
0.85,0.0669551932581349
0.85,0.0484957639964976
0.85,0.034820945988575
0.85,0.0458930961503677
0.85,0.0790228991012275
0.85,-0.0110663069087187
0.85,0.0611285446946202
0.85,0.0697272729547456
0.85,0.0445515095412336
0.85,0.0559405978555942
0.85,0.0591372022316833
0.85,0.052164560319559
0.85,0.0822104622870077
0.85,0.0487246228743805
0.85,0.060016748276003
0.85,0.0919340288889219
0.85,0.0519241556274062
0.85,0.0484688281811754
0.85,0.0402321356353709
0.85,0.0476531879491787
0.85,0.0491901201512563
0.85,0.0795971566229218
0.85,0.0606343297942712
0.85,0.0346711092926712
0.85,0.0653553721283003
0.85,0.0304118091788243
0.85,0.033998494672627
0.85,0.0761509347753858
0.85,0.0396232776757258
0.85,0.0443684472890436
0.85,0.0215645835382645
0.85,0.0681455383386911
0.85,0.0443774516488527
0.85,0.0498937427021001
0.85,0.0463925204127833
0.85,0.0309685146811971
0.85,0.0523428145512449
0.85,0.0518571313005339
0.85,0.0176762940667065
0.85,0.0721747769565767
0.85,0.0633419845242616
0.85,0.016358908932561
0.85,0.0338995347988811
0.85,0.0809154474108651
0.85,0.0439155041664197
0.85,-0.00400792903225968
0.85,0.0354194335646684
0.85,0.0607763055339047
0.85,0.041205513500204
0.85,-0.0102419353305517
0.85,0.0282935578484006
0.85,0.0426982282539087
0.85,0.0428419722405467
0.85,0.0532500716986439
0.85,0.055400058853007
0.85,0.0802975887903862
0.85,0.0714038470532373
0.85,0.065670498689203
0.85,0.0216033353270095
0.85,0.045969789087008
0.85,0.0394771184346118
0.85,0.0914509030139243
0.85,0.0179955335823446
0.85,0.103270667736746
0.85,0.0399482282869637
0.85,0.00901629083864794
0.85,0.04874516077885
0.85,0.0812953922513822
0.85,0.0367560098453877
0.85,0.0981991895554008
0.85,0.0586004166962006
0.85,0.0290350987025631
0.85,0.0350996688466525
0.85,0.0328495559672095
0.85,0.0486549818073522
0.85,0.0261699053439361
0.85,0.0696921589022292
0.85,0.0683685754650946
0.85,0.0430879091352052
0.85,0.0762921581666398
0.85,0.0502457691125996
0.85,0.0485093911721362
0.85,0.0539327420609049
0.85,0.0931314659509626
0.85,0.0754168715080528
0.85,0.0453590994144323
0.85,0.07913898740688
0.85,0.0609471010262577
0.85,0.0618899666686608
0.85,0.0517500134332097
0.85,0.0476257938644665
0.85,0.0402584903493283
0.85,0.0757867565734145
0.85,0.0285778307025219
0.85,0.0412422272137883
0.85,0.0880375920009251
0.85,0.0501888082725983
0.85,0.0472635662989037
0.85,0.0632136651841971
0.85,0.0594581472614308
0.85,0.0523019729091615
0.85,0.0272550915240058
0.85,0.0547983762445266
0.85,0.0200513795340107
0.85,0.084520622880269
0.85,0.0112983621943896
0.85,0.0367875766777109
0.85,0.0937714336266828
0.85,0.0628726985602478
0.85,0.0405644856162323
0.85,0.0160060220024561
0.85,0.0401653575119269
0.85,-0.0110166438499127
0.85,0.0528281652539449
0.85,0.0384328118800502
0.85,0.0464309101545925
0.85,0.0228837834587023
0.85,0.0390843978257264
0.85,0.0725298671896926
0.85,0.0578727989481209
0.85,0.0575978455216413
0.85,0.0757713019710868
0.85,0.0362242926738111
0.85,0.0814179761245461
0.85,0.0365495253618681
0.85,0.0928407711863572
0.85,0.0452301137925092
0.85,0.0343290092452501
0.85,0.0558192139796572
0.85,0.0537633678250022
0.85,0.0194981076304301
0.85,-0.0246257963429499
0.85,0.128228607985593
0.85,0.0744148927218546
0.85,0.0491394303388548
0.85,0.0710162824619981
0.85,0.0838235892420194
0.85,0.0659914312598908
0.85,0.0225521470680696
0.85,0.0522217179757415
0.85,0.0456941844866454
0.85,0.0413802297087168
0.85,0.0536939829492829
0.85,0.0853120158322429
0.85,0.0354057539178023
0.85,0.0451173470491558
0.85,0.090681525296416
0.85,0.0611554806999481
0.85,0.0369580565127019
0.85,0.0775089356391029
0.85,0.0222628398434536
0.85,0.0253228660873342
0.85,0.0814895360971855
0.85,0.0316920566084868
0.85,0.0565611710147383
0.85,0.0779875737404487
0.85,0.0630943761149322
0.85,0.0473882895378075
0.85,0.038904568841722
0.85,0.0589043782207703
0.85,0.0734348420169168
0.85,0.0465369252582362
0.85,0.0372183343050201
0.85,-0.00514364523302551
0.85,0.0204785957579886
0.85,0.0626980892996823
0.85,0.0464547338218839
0.85,0.0613758458273334
0.85,0.0345978987194447
0.85,0.0687785481462806
0.85,0.032508149553379
0.85,0.0188991748754283
0.85,0.0515864705236906
0.85,0.068565244222769
0.85,0.0391992725548737
0.85,0.00890777121688334
0.85,0.0919173182624301
0.85,0.0615917200553333
0.85,0.0533882070651915
0.85,0.0389347818249266
0.85,0.0544078471502989
0.85,0.106265662743898
0.85,0.0643816059823295
0.85,0.0793692621561543
0.85,0.022225421389001
0.85,0.0597259861661225
0.85,0.0164553902982469
0.85,0.0621540801273304
0.85,0.0853627108141439
0.85,0.0422071681185244
0.85,0.0572096845045271
0.85,0.0770262694972302
0.85,-0.00335084587705627
0.85,-0.0117499952458596
0.85,0.0603446529021889
0.85,0.10816769265518
0.85,0.0252413342021402
0.85,0.0676254115529691
0.85,0.0193412684553195
0.85,0.0718698096815885
0.85,0.0391998404768488
0.85,0.0763409938443699
0.85,0.0543773863330119
0.85,0.0775022435396566
0.85,0.0476796464215165
0.85,0.0777841337560988
0.85,0.0476831629868356
0.85,0.00433123193833764
0.85,0.0551186657190611
0.85,0.0518859046067287
0.85,0.0847856521854199
0.85,0.0353828490955269
0.85,0.0336972933539977
0.85,0.066174307848317
0.85,0.0484473061683919
0.85,0.0593700233832166
0.85,0.0665798055558603
0.85,0.0387360431039387
0.85,0.0482225951329461
0.85,0.0821827208147605
0.85,0.0709836233493923
0.85,0.0612728880561195
0.85,0.0526870268440295
0.85,0.0627842805075168
0.85,0.0358866548327029
0.85,0.0549812646316193
0.85,0.0725675406799177
0.85,0.0348734997279457
0.85,0.0454239341127159
0.85,0.0620217430065178
0.85,0.0926241939207743
0.85,0.0289610721145228
0.85,0.0315977342201056
0.85,0.077453648020353
0.85,0.0728915633531304
0.85,0.0598383790643411
0.85,0.0465236115740865
0.85,0.0285769777251198
0.85,0.015783850883324
0.85,0.102228421565623
0.85,0.0690904354887349
0.85,0.0321234287363924
0.85,0.0246930414171772
0.85,0.0750935513446259
0.85,0.102181825850664
0.85,0.0698556359784001
0.85,0.0353917727786094
0.85,0.0499944434593624
0.85,-0.00769564261862474
0.85,0.0653115275269158
0.85,0.0643713386177284
0.85,0.0142042571316246
0.85,-0.0149364059387877
0.85,0.0551720763241652
0.85,0.0435361431235031
0.85,0.0806817682588908
0.85,0.060371649382066
0.85,0.0156311331551123
0.85,0.0452590095656004
0.85,0.00746689909057757
0.85,0.0440338954369189
0.85,0.04790855121059
0.85,0.0508668002948292
0.85,0.0703154039102577
0.85,0.0565356659752799
0.85,0.0552394849502985
0.85,0.0322364489446945
0.85,0.0545856994820943
0.85,0.0428740397967921
0.85,0.0667217721123454
0.85,0.0263939914589026
0.85,0.0313431404406674
0.85,0.02531487709257
0.85,0.0485033166125194
0.85,0.0615827245311754
0.85,0.0323951794630799
0.85,0.0481459022046497
0.85,0.0568989394386899
0.85,0.0647146965672624
0.85,0.0489819492155804
0.85,0.0478435510238188
0.85,0.0838079246736015
0.85,0.0485173903622434
0.85,0.0300442090743019
0.85,0.0531846264004883
0.85,0.0803202613101797
0.85,0.0696269285947542
0.85,0.0564103126121123
0.85,0.0359086231469549
0.85,-0.00181720507560396
0.85,0.0713079440648557
0.85,0.0347535522110708
0.85,0.066527941188923
0.85,0.0440605150396042
0.85,0.0593887152801318
0.85,0.0608362906409559
0.85,0.0448318571042549
0.85,0.0589266690053107
0.85,0.0687361413539831
0.85,0.0239854589105703
0.85,0.021858858112335
0.85,0.0328435917118146
0.85,0.0632859741937235
0.85,0.0180606055135038
0.85,0.0476803451392552
0.85,0.0455190237450027
0.85,0.0449504866028652
0.85,0.0545137435987663
0.85,0.0712541981991801
0.85,0.0488046119121021
0.85,0.109123292641785
0.85,0.0234589118490267
0.85,0.0502704351739304
0.85,0.0692671316821587
0.85,0.0553505724073557
0.85,0.0180775206219983
0.85,0.104341917882892
0.85,0.0358315551817604
0.85,0.0784691462821297
0.85,0.0493600661403063
0.85,0.0403786581789987
0.85,0.0435480620564925
0.85,0.0298291108329907
0.85,0.0552513094908304
0.85,0.0433816318789517
0.85,0.0922442533225082
0.85,0.044703862895751
0.85,0.0406104939125358
0.85,0.0865618897262517
0.85,0.0100652605327167
0.85,0.0173992958699626
0.85,0.017915621402862
0.85,0.0294777244740513
0.85,0.00583736006026929
0.85,0.0395522580378528
0.85,0.0191548525089031
0.85,0.0869985602026525
0.85,0.0826182645997918
0.85,0.0637175368425937
0.85,0.0552210897692377
0.85,0.0226940276400656
0.85,0.0362334361838898
0.85,-0.041725407515283
0.85,0.0579463914617548
0.85,0.0483885599936801
0.85,0.0144482380309774
0.85,0.0740690103902998
0.85,0.0159679146754528
0.85,0.04042068379577
0.85,0.0288572213709209
0.85,0.0302088392281148
0.85,0.0784329631385815
0.85,0.0203395404988858
0.85,0.0556313464434841
0.85,0.0561368914653652
0.85,0.0605810622177451
0.85,0.0336132925934347
0.85,0.0292896435026113
0.85,0.0419322472373914
0.85,0.049773942753416
0.85,0.0405243809762474
0.85,-0.0100247511256753
0.85,0.0354960050903421
0.85,0.0589865898986693
0.85,0.0543995712087385
0.85,0.0267453830432554
0.85,0.0685319237047636
0.85,0.041675341454344
0.85,0.0670125048050827
0.85,0.0367806582542138
0.85,0.0953344770269507
0.85,0.0574401486910653
0.85,0.0803673177392213
0.85,0.0305018293239021
0.85,0.0553687646839177
0.85,0.069350033411124
0.85,0.0554449365177701
0.85,0.0889190038488055
0.85,0.0604905475798337
0.85,0.0314095494817129
0.85,0.0541212052599079
0.85,0.0031311481710063
0.85,0.114183313362779
0.85,0.0617245280600842
0.85,0.0613164989738408
0.85,0.0452655177652663
0.85,0.021624500299834
0.85,0.0301427029992584
0.85,0.0223139249610416
0.85,0.0329056656112892
0.85,0.0132962233133646
0.85,0.0550612464203853
0.85,0.056523699280012
0.85,0.0529772345104342
0.85,0.0358725666718818
0.85,0.0808751822366524
0.85,0.0484076069519101
0.85,0.0288885203008884
0.85,0.0501873886613225
0.85,0.0443989213050285
0.85,0.02970240810879
0.85,0.0354277167442953
0.85,0.0533804039146874
0.85,0.0705950199423444
0.85,0.086015693844366
0.85,0.0366947153542467
0.85,0.0288254807726013
0.85,0.0512522899351147
0.85,0.0418946511727432
0.85,0.0597539729047128
0.85,0.0284020883622666
0.85,0.0420216735030273
0.85,0.0328350805263313
0.85,0.0390410664038096
0.85,0.060344106897585
0.85,0.0190649051768466
0.85,0.0211692893600919
0.85,0.0571204249189523
0.85,0.0238227787435699
0.85,0.0690874810477595
0.85,0.0290250662085426
0.85,-0.000612245332400951
0.85,0.0465979850305423
0.85,0.0379019308813143
0.85,0.0557412627608909
0.85,0.0604633642120873
0.85,0.0693833505181169
0.85,0.00852521706053318
0.85,0.0428884560823994
0.9,0.032733927473256
0.9,0.00585287042791984
0.9,0.0371441192488879
0.9,0.0742575829145773
0.9,0.0807548410121285
0.9,0.0402632423089442
0.9,0.0879095350785918
0.9,0.0844161026511158
0.9,0.0493349403268379
0.9,0.0372375489776987
0.9,0.0128277145321641
0.9,0.0100902179737707
0.9,0.0862351083255336
0.9,0.0659017810205027
0.9,0.0520825444494055
0.9,0.0784393418213598
0.9,0.0655943600308314
0.9,0.0768073544170779
0.9,-0.00444522848089292
0.9,0.0343540729614349
0.9,0.0774424188405325
0.9,0.064275132206706
0.9,0.00689131481447606
0.9,0.05026766166488
0.9,0.0446711301553095
0.9,-0.013588081942099
0.9,0.0245924872319478
0.9,0.0581544308734046
0.9,0.0429425764130726
0.9,0.0356764703306552
0.9,0.0496704155867255
0.9,0.0175525024240607
0.9,0.0825475252154349
0.9,0.0327784562160979
0.9,0.0299771462935354
0.9,0.0458162461923561
0.9,0.0692358085971036
0.9,0.0329041174149499
0.9,0.0500329272383891
0.9,0.0228810647079404
0.9,0.0102230052826865
0.9,0.0549932627071539
0.9,0.040666930554833
0.9,0.0874141012811737
0.9,0.0155082427702003
0.9,0.0445769216811603
0.9,0.061041469892733
0.9,0.109122808997149
0.9,0.0497222299469485
0.9,0.0650199417088933
0.9,0.0299087110438298
0.9,0.0454336875251926
0.9,0.0392092279444155
0.9,0.0763959784076783
0.9,0.051999143302759
0.9,0.0310487265281255
0.9,0.0886666007643246
0.9,0.0244382444958708
0.9,0.0388399131492493
0.9,0.0432166718198628
0.9,0.0637526460362286
0.9,0.068139961738263
0.9,0.092705494694946
0.9,0.0455229740271177
0.9,0.0507832206061425
0.9,0.0241447265545021
0.9,0.0334523592507249
0.9,0.033263113193974
0.9,0.0497676078363756
0.9,0.0531044391301462
0.9,0.0795957300306339
0.9,0.00762355172349353
0.9,0.0417537581162092
0.9,0.0688708586386041
0.9,0.080880084792725
0.9,0.00443650835326807
0.9,0.0536285922220752
0.9,0.071904412773982
0.9,0.0418169763525548
0.9,0.0432081863305268
0.9,0.0593629906625188
0.9,0.0572099128309951
0.9,0.0820598130286424
0.9,0.058525482447864
0.9,0.0699268300077989
0.9,0.04688463826702
0.9,0.0576681074844803
0.9,0.0696888360450971
0.9,0.0647570165548994
0.9,0.0887607554977172
0.9,0.0470170568963032
0.9,0.0817081360462922
0.9,0.0192815356998503
0.9,0.000434179797232041
0.9,0.0543649765827326
0.9,0.0538576016229191
0.9,0.0823933624131364
0.9,0.108618893916859
0.9,0.0341677391882337
0.9,0.0703592992236855
0.9,0.107237920768283
0.9,0.0176026451498296
0.9,0.071370403743131
0.9,0.0521468242725721
0.9,0.0309549301175066
0.9,0.0864362619676827
0.9,0.0612682857343245
0.9,0.0683121795969185
0.9,0.0129576809395231
0.9,0.0533151018826144
0.9,0.0793972359449284
0.9,0.0468146511260276
0.9,0.0843763403694503
0.9,0.0300000565618187
0.9,0.0641097560433933
0.9,0.0793857142077724
0.9,0.0683040173709837
0.9,0.0787312586672857
0.9,0.0240857442374819
0.9,0.0674197164345889
0.9,0.0430619259702895
0.9,0.0861505803349248
0.9,0.0408993695958104
0.9,0.0707177882737361
0.9,0.00459556680186987
0.9,0.022875003547049
0.9,0.0782281907281885
0.9,0.0529801689240979
0.9,0.0422131668969775
0.9,0.0574154571219726
0.9,0.0349847682240914
0.9,0.019278710056432
0.9,0.0367601830250261
0.9,0.0271227761513529
0.9,0.0366013384197946
0.9,0.0542052131069534
0.9,0.0386082527361742
0.9,0.0745244306796083
0.9,0.043879798612512
0.9,0.0994636409019509
0.9,0.028100676708252
0.9,0.0528845088271463
0.9,0.0687354179319045
0.9,0.037297444983061
0.9,0.0701993625010372
0.9,0.0319543222511394
0.9,0.0619881966676658
0.9,0.0261508813422037
0.9,0.0438089307955089
0.9,0.059425215056473
0.9,0.0735126365737943
0.9,0.0690308627308088
0.9,0.0537878236211127
0.9,-0.0146575886011901
0.9,0.0286094215859895
0.9,0.049206224040595
0.9,0.0630680554713248
0.9,0.0338195271658556
0.9,0.0582292717190118
0.9,0.0803808126164189
0.9,0.0441927088770719
0.9,0.0254376734126752
0.9,0.105259213934031
0.9,0.00631872309027959
0.9,0.056191713069364
0.9,0.0489269567526793
0.9,0.050466329785318
0.9,0.0650900691693119
0.9,0.0477117476549442
0.9,0.0500902068305538
0.9,0.0161451349023978
0.9,0.0693646622145242
0.9,0.0210001508239901
0.9,0.0387195803402719
0.9,0.0352775198157219
0.9,0.0249210447611636
0.9,-0.0164224824424257
0.9,0.0326781804715939
0.9,0.0853310381090939
0.9,0.0205663887238973
0.9,0.0610173599346649
0.9,0.0214863626237479
0.9,0.0484718377034693
0.9,0.064397561476689
0.9,0.00912344205824382
0.9,0.0516713372516155
0.9,0.0146829957241305
0.9,0.0356482211951546
0.9,0.0700124008584124
0.9,0.076500838285909
0.9,0.0692255188205411
0.9,0.085583575814621
0.9,0.0488880984767546
0.9,0.0193349393491093
0.9,-0.00499544418717717
0.9,0.0563015145301087
0.9,0.0210224903343629
0.9,0.0028218649010294
0.9,0.105186154187646
0.9,0.0548756645335277
0.9,0.0599407971467431
0.9,0.0586853239153093
0.9,0.023265905513083
0.9,0.106743496705688
0.9,0.0350553252111433
0.9,0.035607150318742
0.9,0.0357942386801453
0.9,0.032988135309374
0.9,0.0719972017362632
0.9,0.0439037415806567
0.9,0.0481199565947931
0.9,0.0203246645947544
0.9,0.0212072278404691
0.9,0.053906687079103
0.9,0.0329296032117138
0.9,0.00775716343687131
0.9,0.0441987676889624
0.9,0.006085376060557
0.9,0.033413298475805
0.9,0.0188278052310573
0.9,0.0605955509529053
0.9,0.0506244179465802
0.9,0.0427617463225284
0.9,0.0584841729203232
0.9,0.0353666589508511
0.9,0.0595608171354542
0.9,0.0504729411999904
0.9,0.0262574267362487
0.9,0.0109157033827378
0.9,0.0509638828919269
0.9,0.0334952680147645
0.9,0.0557435499439212
0.9,0.0589226217027762
0.9,0.0375119638640845
0.9,0.0757409729103962
0.9,0.0426170132849197
0.9,0.0568898250853439
0.9,0.0645634841999326
0.9,0.0225271040589179
0.9,0.0622818869742202
0.9,-0.0193276255186933
0.9,0.0614700703837481
0.9,0.0367047559164702
0.9,0.00455634287057593
0.9,0.0415317866191572
0.9,0.0646195971369044
0.9,0.0372122877404639
0.9,0.0579068299204507
0.9,0.0437079301601435
0.9,0.0221257797916224
0.9,0.0394185530874701
0.9,0.0622196988281573
0.9,0.116348058912603
0.9,0.00640838920429792
0.9,0.062612814209952
0.9,0.00855660088006754
0.9,0.0396575290341494
0.9,0.0467440708046138
0.9,0.00768840129535871
0.9,0.0569508472693823
0.9,0.0188246011275255
0.9,0.0389728321157091
0.9,0.0873163156996908
0.9,0.101067890576437
0.9,0.0792694808206019
0.9,0.0549143192598173
0.9,0.0661658417351326
0.9,0.0453384944747793
0.9,0.0921328415502734
0.9,0.0851750438858459
0.9,0.0138074713745045
0.9,0.0684764527224795
0.9,0.0320322487813849
0.9,0.0469823720915021
0.9,0.0561164281224307
0.9,0.0605975937757375
0.9,0.0263395347658376
0.9,0.0330014898492849
0.9,0.0849601800277244
0.9,0.0785833933566611
0.9,0.0180070842580794
0.9,0.0524804938155098
0.9,0.0578353013952337
0.9,0.046152416510975
0.9,0.0624285376556135
0.9,0.019542017079803
0.9,0.0492699191390244
0.9,0.073131582851543
0.9,0.0745606916618627
0.9,0.0508783863945962
0.9,0.0081127415726779
0.9,0.0492012525706294
0.9,0.0543782539519235
0.9,0.044752233463407
0.9,0.0815855813576018
0.9,0.0288048752790827
0.9,0.0561280706379788
0.9,0.027272991174809
0.9,0.0641097327167619
0.9,0.06905861035204
0.9,0.0388596979113136
0.9,0.0668935619131195
0.9,0.0490318745911567
0.9,0.0500961759785602
0.9,0.0619529930083188
0.9,0.0156941844993833
0.9,0.102715740969501
0.9,0.0392913973702194
0.9,0.0349218941359584
0.9,0.0454646213923177
0.9,0.0305221643680915
0.9,0.0392605375098513
0.9,0.0525621970450388
0.9,0.0216514273217115
0.9,0.0264975152950897
0.9,0.0602452158904903
0.9,0.0448082428711094
0.9,0.0701980812509339
0.9,0.0495549519743469
0.9,0.0490694393941636
0.9,0.0609393436871166
0.9,0.0265050236829983
0.9,-0.0203310651587183
0.9,0.0981719755625139
0.9,0.038692461061118
0.9,0.0392623294528265
0.9,-0.0141476046519616
0.9,0.0657007193280643
0.9,0.0142385759666024
0.9,0.0491622904882591
0.9,0.0227898832619732
0.9,0.0946659209279917
0.9,0.0445031508851522
0.9,0.031555725510209
0.9,0.0702485512506758
0.9,0.0744915879464159
0.9,0.0695654104921869
0.9,-0.0212378231139909
0.9,0.0124240903930086
0.9,0.017971837368745
0.9,0.0624559402080023
0.9,0.0635218534084416
0.9,0.0467644733338616
0.9,0.0481624297972174
0.9,0.064358132836689
0.9,0.0128398099831425
0.9,0.0701475518799664
0.9,0.12697011946808
0.9,0.0319042616422864
0.9,0.056528381883924
0.9,0.0471317317638761
0.9,0.037689935445045
0.9,0.0454388442165592
0.9,0.0503015693349461
0.9,0.0473874059979666
0.9,0.0785396187927516
0.9,0.0478875482100283
0.9,0.0507617720891546
0.9,0.00598111269305222
0.9,0.061355228880075
0.9,0.0175333391459547
0.9,0.0139872856890793
0.9,0.00212725836727923
0.9,0.0410625961573986
0.9,0.066513980037447
0.9,0.0200020485277255
0.9,0.00568130399455387
0.9,0.0195865425658828
0.9,0.0610905711019203
0.9,0.0954042860539372
0.9,0.0486250024441502
0.9,0.0214985142848842
0.9,0.0339536168014317
0.9,0.099256554025482
0.9,0.0765295439939877
0.9,0.0212531414821145
0.9,0.0282347994487358
0.9,0.0628309106827984
0.9,0.0502177867212876
0.9,0.0443709223835079
0.9,0.0601459732866298
0.9,0.0209362140247313
0.9,0.0681049740478064
0.9,0.0543662446586968
0.9,-0.00346086404033837
0.9,0.0304231057010486
0.9,0.0637357765065167
0.9,0.0877156618282778
0.9,-0.00208828405190429
0.9,0.0347934171401694
0.9,0.0404591507699049
0.9,0.0621909128577765
0.9,0.045253066419305
0.9,0.0614581662675555
0.9,0.0635654409619807
0.9,0.0552772292979088
0.9,0.0799356600170285
0.9,0.0516775343434802
0.9,0.0205807360939038
0.9,0.0281395526304269
0.9,0.0561386194129754
0.9,0.0818608712406471
0.9,0.0351216832180278
0.9,0.0373724704885822
0.9,0.00853812075575319
0.9,0.0190022015747403
0.9,0.032164895593875
0.9,0.0209692053229911
0.9,0.0265228435713383
0.9,0.0247337198825639
0.9,0.043073591758575
0.9,0.0453907937775094
0.9,0.0801670154472221
0.9,0.0458049534057324
0.9,0.0165611629352746
0.9,0.0981164748911052
0.9,0.0349140465688925
0.9,0.040840341514182
0.9,0.0338962515464861
0.9,0.0596537266201638
0.9,0.069562680875347
0.9,0.0112367109045516
0.9,0.0813571211588911
0.9,0.0655280977789919
0.9,-0.00321639889123122
0.9,0.0665132122678181
0.9,0.0453822239876634
0.9,0.031980749218482
0.9,0.0312323171195785
0.9,0.00645119549903366
0.9,0.109643123773135
0.9,0.0954267221903249
0.9,0.0648600959881011
0.9,0.0274102729753821
0.9,0.0563442734886907
0.9,0.0458775019290787
0.9,0.00137460470697651
0.9,0.0409693911530378
0.9,0.0182783012263948
0.9,0.0362848954186687
0.9,0.0542638285685155
0.9,0.0588291131771929
0.9,0.0528413773510745
0.9,0.0169069756385943
0.9,0.03900489573025
0.9,0.0523143422988717
0.9,0.0559951775834542
0.9,0.0940215294529537
0.9,0.0260695125574476
0.9,0.00415030848933747
0.9,-0.00421739963918906
0.9,0.0709751099994263
0.9,0.0326127703054541
0.9,0.0303643432921024
0.9,0.0704736450067418
0.9,0.0559375871587779
0.9,0.0645402227521723
0.9,0.0680403809748692
0.9,0.0532795976957209
0.9,0.0629667458446165
0.9,0.0375201657679314
0.9,0.0174135584000275
0.9,0.0609993627667162
0.9,0.0734600241895231
0.9,0.0264585870326786
0.9,0.0802281737901288
0.9,0.0281639834072741
0.9,0.0449815110377087
0.9,0.0442040769828705
0.9,-0.0230769818630395
0.9,0.0695148358604141
0.9,0.0427416372788791
0.9,0.0292137673088666
0.9,0.0563176018930538
0.9,0.0273933080721009
0.9,0.0154877893117531
0.9,0.0810369599833186
0.9,0.0436673053796413
0.9,0.0249702001121953
0.9,0.104971622445459
0.9,0.0410455384485916
0.9,0.0803109422360143
0.9,0.0409801690772759
0.9,0.046109826372384
0.9,0.0832339282798132
0.9,0.0680148803445814
0.9,0.0331728008242741
0.9,0.0543310797568068
0.9,0.0754925176025126
0.9,0.0517773869725095
0.9,0.0573661809320362
0.9,0.0695768222439029
0.9,0.0748050018361088
0.9,0.0560076551205729
0.9,0.0813956961604366
0.9,0.0415264720104439
0.9,0.114818417792208
0.9,0.0478938809955832
0.9,0.0672983627916915
0.9,0.0565484072148823
0.9,0.0898642968460475
0.9,0.0509835691204564
0.9,0.0342103706610449
0.9,0.0875071920282705
0.9,0.0239119935707801
0.9,0.0448144140527626
0.9,0.0298073494222054
0.9,0.0506372706612928
0.9,0.0741693383500046
0.9,0.0615530179818173
0.9,0.0740153580707287
0.9,0.0482837465700116
0.9,0.0434178744115919
0.9,0.0268515791320561
0.9,0.0729542786877302
0.9,0.0518637664749289
0.9,0.0341391959176704
0.9,0.0657182020126362
0.9,0.0491890836316302
0.9,-0.0210759509777831
0.9,0.0250525503022714
0.9,0.0705272393111606
0.9,0.0751394405527854
0.9,0.0339009331554042
0.9,0.0652211844177202
0.9,0.0200881191093851
0.9,0.0234334340642852
0.9,-0.00400685202421829
0.9,0.0495002134986977
0.9,0.0413009868490275
0.9,0.0835871668316345
0.9,-0.00307616634058722
0.9,0.060509773956834
0.9,0.0207087129242865
0.9,0.0916192261671476
0.9,0.0528841663098065
0.9,0.0873543717373251
0.9,0.0450197351182043
0.9,0.0705600396586537
0.9,0.0302918947578011
0.9,0.0681786942370489
0.9,0.0290066268125123
0.9,0.0301628187648904
0.9,0.00529839327856049
0.9,0.0134562116282757
0.9,0.0236739097950414
0.9,-0.0276015780394299
0.9,0.0729066534918745
0.9,0.0513153508935709
0.9,0.0910570955780723
0.9,0.0250847935275087
0.9,0.0573881241314713
0.9,0.0333936110505598
0.9,0.0597061825997312
0.9,0.10162702803637
0.9,0.0330031990582704
0.9,0.056381785820823
0.9,0.0487516093214313
0.9,0.0848223336480862
0.9,0.00154762122227711
0.9,0.0118593150969735
0.9,0.0244963343961359
0.9,0.0742379933259146
0.9,0.0712992735373222
0.9,0.0153900003217791
0.9,0.0612064540583651
0.9,0.0526667545586596
0.9,0.0787199148623432
0.9,0.0469663124064788
0.9,0.0129577647858867
0.9,0.0558937920744353
0.9,0.0171955828789707
0.9,-0.0239770198932109
0.9,0.0582390242964192
0.9,0.0502074547561332
0.9,0.0626751508546272
0.9,0.0360465382871001
0.9,0.0335600100427271
0.9,0.0159213122599943
0.9,0.0217255540393955
0.9,0.0147311490939793
0.9,0.0390444102911496
0.9,0.0403703827810061
0.9,0.0187597476805802
0.9,0.0292911245972523
0.9,0.0386457591641881
0.9,0.0119793066693213
0.9,0.0451437357116951
0.9,0.0401892988783572
0.9,0.0406139466287414
0.9,0.0320174876189312
0.9,0.068192026816099
0.9,0.0398358897353316
0.9,0.0272653381336225
0.9,0.012209999067121
0.9,0.0746287293954839
0.9,0.0633022825842777
0.9,0.0453462215068013
0.9,0.0341921005460616
0.9,0.0194438059658837
0.9,0.0288925524873678
0.9,0.0668433055646176
0.9,0.0206395765529806
0.9,0.0476584856552319
0.9,0.073856593026749
0.9,0.0466703755097392
0.9,0.0428577705152418
0.9,0.0133024383801935
0.9,0.0404405131598431
0.9,0.0188098278544953
0.9,0.0755116793648265
0.9,0.0349492597440506
0.9,0.0714928363080072
0.9,0.0415737324513584
0.9,0.019897541134791
0.9,0.0636931883668859
0.9,0.0115708170879638
0.9,0.0745550939913641
0.9,0.0752748147809512
0.9,0.0222554969115198
0.9,0.0293498442468534
0.9,0.0490389804727971
0.9,0.0184216438129672
0.9,0.0377824733264153
0.9,-0.0037958176568476
0.9,0.0318121200299622
0.9,0.0708141808153108
0.9,-0.0029199575852547
0.9,0.0295283551705954
0.9,0.0671922253892548
0.9,0.0433998022242629
0.9,0.0710723490157617
0.9,0.0961492655400956
0.9,0.0855494222474697
0.9,0.032225008583143
0.9,0.0701311545705917
0.9,-0.00407175236100794
0.9,0.00162288311998343
0.9,0.0270858758754139
0.9,0.0115808417873783
0.9,0.0380494202715255
0.9,0.0352173415702512
0.9,0.047549667041187
0.9,0.0973151267335974
0.9,0.0443859282853296
0.9,0.0382554625956849
0.9,-0.0117333114933164
0.9,0.0614439687118418
0.9,0.0292204557019167
0.9,0.0256110728386715
0.9,0.0663816849183608
0.9,0.0685149252105718
0.9,0.0624957979597743
0.9,0.0389420751256015
0.9,0.0713774471129263
0.9,0.045964845097645
0.9,0.0442355865132661
0.9,0.0579255693937095
0.9,0.0183179738212244
0.9,0.0425295768723052
0.9,0.070015572898006
0.9,0.0396889000003012
0.9,0.00137669612215111
0.9,0.0477409239930641
0.9,0.0169456635491396
0.9,0.0465024531980942
0.9,0.0250334183932604
0.9,0.0772839672640424
0.9,0.0576065756577427
0.9,0.0580201334681526
0.9,0.0189862843073316
0.9,0.0234026797323573
0.9,0.0632941414991837
0.9,0.0430737326987807
0.9,0.035012313026968
0.9,0.0924491612650884
0.9,0.0826589202082083
0.9,0.0514628164615125
0.9,0.0452446241316503
0.9,0.0737088968604592
0.9,0.0165121632131385
0.9,0.0276022687651727
0.9,0.0426828912115916
0.9,0.0230132474740534
0.9,0.0533447825001114
0.9,0.0221693052663026
0.9,0.091557257001044
0.9,0.0717833432057237
0.9,0.0351961857648225
0.9,0.0746352029669456
0.9,0.0370815057367937
0.9,0.0671943012077554
0.9,0.0366217217331505
0.9,0.0715775415629126
0.9,0.0363676123932743
0.9,0.0836288594273343
0.9,0.0804943006365176
0.9,0.0735295772144947
0.9,0.069057693616234
0.9,0.0353428177420928
0.9,0.0688039502833281
0.9,0.0354114788191217
0.9,0.0181305960033827
0.9,0.0442527064234675
0.9,0.0455851611458667
0.9,0.0640296915379886
0.9,0.00132432413210528
0.9,0.0763239264975175
0.9,0.05623121691974
0.9,0.0439274260595089
0.9,0.00525416708475323
0.9,0.0393127718033672
0.9,0.0597482146955764
0.9,0.0759207000797482
0.9,0.045650928029296
0.9,0.0602543582982642
0.9,0.0154102908652568
0.9,0.0167564832696126
0.9,0.060048561696331
0.9,0.044057053100583
0.9,0.0897152893971037
0.9,0.082296312191805
0.9,0.0772914985308231
0.9,0.0609584949438705
0.9,0.0774975318661056
0.9,0.0930958708142522
0.9,0.0735742985000663
0.9,0.0397396045574364
0.9,0.0466583273053441
0.9,0.0335967536668993
0.9,0.0270955724716779
0.9,0.0129180254394897
0.9,0.0794545213036051
0.9,0.0778668039117606
0.9,0.0484582478103167
0.9,0.0390325873112221
0.9,0.0791623451168774
0.9,0.0255775186891716
0.9,0.0440698643458431
0.9,0.0517629163114089
0.9,0.0548393308786239
0.9,0.00998723499649314
0.9,0.0811391418515752
0.9,0.048308478867612
0.9,0.0456192561750676
0.9,0.0630745123825598
0.9,0.0303447640746905
0.9,0.0349294721720556
0.9,0.043631836400109
0.9,0.0331959254035302
0.9,0.106834113711927
0.9,0.0431371661211266
0.9,0.0931215696086061
0.9,0.0272637827674132
0.9,0.0575010458197712
0.9,0.0750782019740739
0.9,0.0369918567834643
0.9,0.0789040017401326
0.9,0.0540099031295421
0.9,0.0382842981416354
0.9,0.00106354044633015
0.9,0.0198818333106082
0.9,0.0493446691647442
0.9,0.0899359093703573
0.9,0.0274204151591021
0.9,0.0296237487835246
0.9,0.00905755414848887
0.9,0.0693828330823801
0.9,0.0802331665259983
0.9,0.0245032331155586
0.9,0.0513099910621285
0.9,0.0844506908242243
0.9,0.0700202944557558
0.9,0.0596154420664929
0.9,0.0550996840150289
0.9,0.0313788904203597
0.9,0.00962718275082398
0.9,0.0310582121577965
0.9,0.0179236308702219
0.9,0.0219922209394391
0.9,0.0576724610071377
0.9,0.0392021979997291
0.9,0.0520256828542977
0.9,0.0349718480571665
0.9,0.0238494701097749
0.9,0.0468019816288178
0.9,0.0330767421803186
0.9,0.0573619962419093
0.9,0.0271567068927666
0.9,0.0605450079708932
0.9,0.0814380851924706
0.9,0.0542093869531417
0.9,0.0196582785383717
0.9,0.0325546629573753
0.9,0.0882141176712611
0.9,0.0485873658900273
0.9,-0.00396633007037559
0.9,0.0430629450900945
0.9,0.0409109037816106
0.9,0.0994525525926992
0.9,0.0792543524814267
0.9,0.0929136332985529
0.9,0.0642319091472431
0.9,0.0601396140940135
0.9,0.0235303423272073
0.9,0.0383032190311432
0.9,0.0411996890338337
0.9,0.0663001956964718
0.9,0.0245077928398198
0.9,0.0580015398610524
0.9,0.0479520247450792
0.9,0.0926755327311701
0.9,0.0865441070645666
0.9,0.086730260399469
0.9,0.047293103975059
0.9,0.0327796117562749
0.9,0.0520429957654911
0.9,0.0124154322378996
0.9,0.040863780892946
0.9,0.0307764234358976
0.9,0.033106664728712
0.9,0.0419549993681606
0.9,0.0556072162231337
0.9,-0.0115954002002971
0.9,0.0870491779681936
0.9,0.0487101667359934
0.9,0.0651506897753155
0.9,0.0402577278871624
0.9,0.027615481634501
0.9,0.0107283986807633
0.9,0.0100446695720848
0.9,0.0640164252517219
0.9,0.0714499018389061
0.9,0.0546154190307205
0.9,0.0237621749566954
0.9,0.0674918398946836
0.9,0.0165707004896965
0.9,0.0521116378445844
0.9,0.0180626407886852
0.9,-0.000299249670975034
0.9,0.0717317962916979
0.9,0.0583151223282072
0.9,0.0429258044136194
0.9,0.0449192423130323
0.9,0.0367542118327139
0.9,0.0612500511247493
0.9,0.0576753248705184
0.9,0.0401618079754318
0.9,-0.00659659900225073
0.9,0.0408622237161068
0.9,0.0483571275137134
0.9,0.0201526693027173
0.9,0.0624524008474393
0.9,0.073732552253124
0.9,0.0600608737079914
0.9,0.0689141353918689
0.9,0.0676771200731088
0.9,0.0527470803140238
0.9,0.0258571666279782
0.9,0.10018926010877
0.9,0.031818487154445
0.9,0.0351641953541164
0.9,0.0920713694160996
0.9,0.0197753576016115
0.9,0.055429559759458
0.9,-0.0187675800951012
0.9,0.0209460333176788
0.9,0.0359076687824667
0.9,0.00882803517919356
0.9,0.0587726444927725
0.9,0.0575506372196971
0.9,0.0558040732968137
0.9,0.0145091877296745
0.9,0.0803555001958559
0.9,0.0584210170610119
0.9,0.0791305679726292
0.9,0.0847697389883504
0.9,0.037870464433023
0.9,0.0362137308139337
0.9,0.0107250106061076
0.9,0.015970010941395
0.9,0.0961371124151375
0.9,0.0449783971650978
0.9,0.075851487950096
0.9,0.0493435436991825
0.9,0.0328962695921421
0.9,0.0644694614738482
0.9,0.0402238078440314
0.9,0.0492339702801387
0.9,0.0535815089326817
0.9,0.042198963492546
0.9,0.0621733574728859
0.9,0.0503996528656118
0.9,0.0226553105580833
0.9,0.088257281861699
0.9,0.0391808332103954
0.9,0.0166894515184757
0.9,0.0191008744544938
0.9,0.0611504942181244
0.9,0.0368670840730354
0.9,0.0561722416008815
0.9,0.0128874538607953
0.9,0.0789903648696636
0.9,0.0644101105439271
0.9,0.054443584120576
0.9,0.0452769527976924
0.9,0.0523622559208962
0.9,0.034471494107418
0.9,0.0598463336159763
0.9,0.0168847169876833
0.9,0.0141574392519936
0.9,0.0492358367736124
0.9,0.0622406902977463
0.9,0.0583892787116671
0.9,0.0900353935362319
0.9,-0.0044485552329354
0.9,0.0892450944996867
0.9,0.0420748860716194
0.9,0.0465461075556603
0.9,0.0314990090786108
0.9,0.0521813684288553
0.9,0.0639203631681609
0.9,0.0448126889230015
0.9,0.0379287999513342
0.9,0.0438473610800096
0.9,0.0559263715561802
0.9,0.0366358184213954
0.9,0.0969796349374081
0.9,0.0499342115127336
0.9,0.0471681924899805
0.9,0.0554143881140926
0.9,-0.0299233742381343
0.9,0.070202351389116
0.9,0.0747998298785075
0.9,0.0396991270866326
0.9,0.0476823404469512
0.9,0.037237736878639
0.9,0.0672596347363618
0.9,0.0809505053723337
0.9,0.0414779630683807
0.9,0.064918905447826
0.9,0.0403326063551563
0.9,0.0155258139698621
0.9,0.0416188317440207
0.9,0.0616639665921388
0.9,-0.00260175642008933
0.9,0.0617891158818102
0.9,0.0735678174937066
0.9,0.0441594463759081
0.9,0.0249733008021305
0.9,0.0318139577652008
0.9,0.0469541521115667
0.9,0.0724220922554812
0.9,0.0469826126848954
0.9,0.051938331809703
0.9,0.0244412436148473
0.9,0.0417259179767745
0.9,0.0531881314088245
0.9,0.049311533976398
0.9,0.062767210679726
0.9,0.0372819295932661
0.9,0.0496720395689239
0.9,0.030272369282447
0.9,0.0683857845512004
0.9,0.0212980992572296
0.9,0.0206121282569938
0.9,0.0623957945359343
0.9,0.052448774702152
0.9,-0.000327382242880215
0.9,0.061208184735745
0.9,0.0683167181161225
0.9,-0.00601303309368174
0.9,0.0424158887873441
0.9,0.0482769038051938
0.9,0.0941532225602025
0.9,0.0445039448742349
0.9,0.053601993427654
0.9,0.0673571091356784
0.9,0.0597643168989102
0.9,0.0223176073487805
0.9,0.0192271236320268
0.9,0.042500089409139
0.9,0.0611476317304574
0.9,0.0448784719440937
0.9,0.0189338350990313
0.9,0.0139285273245825
0.9,0.0511550827479041
0.9,0.0430492412843857
0.9,0.0702326825825997
0.9,0.0660445815736256
0.9,0.0379616607063595
0.9,0.000226989059307131
0.9,0.0796034357933292
0.9,0.0141614332426389
0.9,0.0684171361315465
0.9,0.0682846630878721
0.9,0.0641755771817359
0.9,0.0213237723891897
0.9,0.0314679628396684
0.9,0.0515840121154075
0.9,0.102537952975032
0.9,0.0313495764344804
0.9,0.098063938177756
0.9,0.0582257645116804
0.9,0.097383551128331
0.9,0.0467699494440651
0.9,0.0533859718197632
0.9,0.0281230931578266
0.9,0.059770872702287
0.9,0.0598517509924595
0.9,0.0542096012005979
0.9,0.0342466199030191
0.9,0.0258475699325132
0.9,0.0168037021011396
0.9,0.0569270793311467
0.9,0.0838398789956081
0.9,0.0790889931478995
0.9,0.0376216684690858
0.9,0.0633392697697986
0.9,0.0523866154642218
0.9,0.0463932226146726
0.9,0.0345206094833475
0.9,0.059047368200038
0.9,0.0545076576264531
0.9,0.0600323759960416
0.9,-0.00894751172190971
0.9,0.0474811125775828
0.9,0.0174618927583945
0.9,0.0843671324192798
0.9,0.0704356474650246
0.9,0.0790990077552002
0.9,0.0318321130896135
0.9,0.0505822654323278
0.9,0.052271003538504
0.9,0.0022431329167976
0.9,0.0354702867928004
0.9,0.0763626810934274
0.9,0.0486229485670633
0.9,0.0904205134986304
0.9,0.0956755650072407
0.9,0.0265911776236628
0.9,-0.0217517989104509
0.9,0.0539772005863768
0.9,0.0349667326542693
0.9,0.0459739315813132
0.9,0.0319053013134151
0.9,0.0679204871672153
0.9,0.0778109189120961
0.9,0.0277377715942761
0.9,0.0648845958129013
0.9,0.0286628368016002
0.9,0.041399143134057
0.9,0.0762630397353172
0.9,0.081158308118631
0.9,0.0422890524958776
0.9,0.0664731971742248
0.9,0.0577695713697993
0.9,0.0459236862273918
0.9,0.0113194716883777
0.9,0.0396085552997026
0.9,0.041195299418942
0.9,0.0684737587539295
0.9,0.0404005519762629
0.9,0.0188966357658961
0.9,0.0487498168953534
0.9,0.0169534890203275
0.9,0.0359065388706183
0.9,0.082813558904204
0.9,0.0641784979824628
0.9,0.0823818625093661
0.9,-0.015326479591251
0.9,0.0835846721171852
0.9,0.0264019352581464
0.9,0.060021883867697
0.9,0.0534854653062864
0.9,0.065453539971005
0.9,0.00582873477771036
0.9,0.085188406504593
0.9,0.0517530201401972
0.9,0.0743272598267801
0.9,0.046803054835355
0.9,0.0448895231019463
0.9,0.0170062345214588
0.9,0.0059609357067634
0.9,0.0122844855836818
0.9,0.0812345130609589
0.9,0.0962953094024156
0.9,0.0556706484155524
0.9,0.0810483961922599
0.9,0.0118188819850794
0.9,0.11096577698557
0.9,0.0276743573000334
0.9,0.0149285346261392
0.9,0.0722496889931974
0.9,0.0791512470180018
0.9,0.0612275457010879
0.9,0.051605777750553
0.9,0.0699398305390257
0.9,0.037020571826896
0.9,0.0291707683199869
0.9,0.0268614658187817
0.9,0.0221929504447307
0.9,0.0156028116166366
0.9,0.0577785729384144
0.9,0.0709879386011597
0.9,0.0492936071159726
0.9,0.0260449917346162
0.9,0.0634912910326084
0.9,-0.0109067713485792
0.9,0.0388039372380264
0.9,0.0601094123834153
0.9,0.0538756209602564
0.9,0.0798782514244017
0.9,0.0345972056824793
0.9,0.0704469216323686
0.9,0.077674166023416
0.9,0.0717377354752187
0.9,0.0699336900452116
0.9,0.0428066019520687
0.9,0.0561781045583834
0.9,0.0584253127627534
0.9,0.065684758702797
0.9,0.0439276815933566
0.9,0.0229696161860462
0.9,0.0735601989481504
0.9,0.0944573278501489
0.9,0.0579566726760896
0.9,0.0536987171452947
0.9,0.0675857011435859
0.9,0.037315374310955
0.9,0.0652462171987463
0.9,0.0566647882980814
0.9,0.0562353025925938
0.9,0.0739681041736041
0.9,0.0500180329024202
0.9,0.049018145468781
0.9,0.0186105889790297
0.9,0.072188145430175
0.9,0.0272170947666925
0.9,0.0290151817511084
0.9,0.0770512834327012
0.9,0.0419143274218082
0.9,0.0244451031246285
0.9,0.0244532121409601
0.9,0.0767730768071294
0.9,0.0274343751946102
0.9,0.00765961575037355
0.9,0.0597919508741252
0.9,0.0234002029767996
0.9,0.0535554459192118
0.9,0.0596930534996854
0.9,0.0809371218448439
0.9,0.0381841070042055
0.9,0.0625330680572488
0.9,0.0263173025040824
0.9,0.0448869100170434
0.9,0.0576245903810642
0.9,0.0761666063407796
0.9,0.0410134353493497
0.9,0.0651609670811205
0.9,-0.0276851841588539
0.9,0.0480415379481992
0.9,0.0523047277212668
0.9,0.0272292682240278
0.9,0.0815393102104631
0.9,0.0368088414848305
0.9,0.074055579092182
0.9,0.0972873358482211
0.9,0.0170812828309565
0.9,0.056956101553507
0.9,0.0544677794964721
0.9,0.0190675257264023
0.9,0.0759628372736219
0.9,0.0431051043316215
0.9,0.0567188342367612
0.9,0.0365715069631859
0.9,0.0265458985392885
0.9,0.0142056969953754
0.9,0.0256304923505692
0.9,0.042406578958563
0.9,0.0744676160865486
0.9,-0.00242015188525585
0.9,0.02168150445967
0.9,0.0607639981762393
0.9,0.0254110746463743
0.9,0.0730221883090651
0.9,0.0553729849292898
0.9,0.0223797968895889
0.9,0.0635414543163931
0.9,0.0484411084333962
0.9,0.0231615782906562
0.9,0.0318313968214466
0.9,0.0615548861729467
0.9,0.0776271837168157
0.9,0.0659405832191354
0.9,0.0591086578878873
0.9,0.037368326680183
0.9,0.0928216422510613
0.9,0.0469716731139023
0.9,0.0958342148927835
0.9,0.00824719648565273
0.9,0.101844094535744
0.9,0.0305601831087128
0.9,0.0969431245750232
0.9,0.0537573562540794
0.9,0.0540155832978817
0.9,0.0589568466832089
0.9,0.0657401459602193
0.9,0.0406968345663418
0.9,0.0777730825778274
0.9,0.0366766444025004
0.9,0.0286755182631783
0.9,0.0624904233034273
0.9,0.0579974887032328
0.9,0.0189385588413272
0.9,0.0403250853254239
0.9,0.0805240068757371
0.9,0.0185457801888413
0.9,0.0753713740724552
0.9,0.055887496508719
0.9,0.0185498447841132
0.9,0.0603080821392931
0.9,0.0300285352723127
0.9,0.0702167495691426
0.9,0.0200946093627737
0.9,0.0603364885459247
0.9,0.0279737626027544
0.9,0.0576668256757819
0.9,0.0460508966442872
0.9,0.070434391393941
0.9,0.0517362116562403
0.9,0.0766646401532533
0.9,0.0104534217684281
0.9,0.0830766142481849
0.9,0.0603809613925513
0.9,0.0491894517421971
0.9,0.0392846251801668
0.9,0.00897962538495182
0.9,0.0425218997271883
0.9,0.046744833134908
0.9,0.0762567822965509
0.9,0.0665813156321884
0.9,0.0240911316485363
0.9,0.0781554288666085
0.9,0.0557680247799546
0.9,0.0561379235252336
0.9,0.0533348204963014
0.9,0.0118538929333879
0.9,0.0535912363998079
0.9,0.0364199610766851
0.9,0.048348516621053
0.9,0.00114779680374073
0.9,0.0669619211367201
0.9,0.0943958456007027
0.9,0.0360349545343148
0.9,0.0293157057839388
0.9,0.0931764782489855
0.9,0.0326879783370329
0.9,0.0263665617651588
0.9,0.0309545363386969
0.9,0.0613912465423389
0.9,0.0657888860022487
0.9,0.0334448120049784
0.9,0.0334059766459035
0.9,0.0583563795617776
0.9,0.0208711432381319
0.9,0.0925302670544977
0.9,0.028799349110393
0.9,0.062761016670381
0.9,0.0643050316243256
0.9,0.0884784258305606
0.9,0.0587017583572426
0.9,-0.0108473936367364
0.9,0.0698570855903915
0.9,0.0717909181978801
0.9,0.0689417451470961
0.9,0.0497240035489026
0.9,0.00685861387077328
0.9,0.0732598879779486
0.9,0.0347147575977879
0.9,0.0597880639911181
0.9,0.05751771895228
0.9,0.064347024458511
0.9,0.0614062409997695
0.9,0.032940560750502
0.9,0.078723861327571
0.9,0.0521232243727439
0.9,0.0470462623364256
0.9,0.0705709439061489
0.9,0.0642401092024279
0.9,0.0843800945439951
0.9,0.0499352906291353
0.9,0.0777660137018306
0.9,0.0378382614185249
0.9,0.0933180931122885
0.9,0.0393415219524459
0.9,0.0617495936354552
0.9,0.0333322479792216
0.9,0.021941714451727
0.9,0.0445852503265889
0.9,0.0547739946013495
0.9,0.059768335339631
0.9,0.0169702003356851
0.9,0.0336529249459472
0.9,0.0508724184170574
0.9,0.0385845691047697
0.9,0.092662139081798
0.9,0.0461016163634007
0.9,0.065738483898231
0.9,0.0543308272857693
0.9,0.0515701947620201
0.9,0.0305586429291251
0.9,0.071479640645474
0.9,0.060786443231625
0.9,0.0554605622549697
0.9,0.0501429630716543
0.9,0.0634873122413254
0.9,0.0187269858564481
0.9,0.0508358308994215
0.9,0.0912648565174572
0.9,0.0499780118287852
0.9,0.0490260350533027
0.9,0.0426032083897973
0.9,0.0487709171661092
0.9,0.018506458549915
0.9,-0.0128850821307028
0.9,0.0597693198807767
0.9,0.0665720262878859
0.9,0.0399109605116407
0.9,0.0371211395434328
0.9,0.0143870780577168
0.9,0.00602198599063136
0.9,0.0354425516102503
0.9,0.0506156244931083
0.9,-0.0116333144462911
0.9,0.017932193410694
0.9,0.0658201113418551
0.9,0.116240610840134
0.9,0.060505933628372
0.9,0.0495888587266969
0.9,0.0469801398878466
0.9,0.0456412046167914
0.9,0.0201858360088031
0.9,0.0247552506895652
0.9,0.0227349500292773
0.9,0.0325333067391494
0.9,0.0942944402685776
0.9,0.00261732806779458
0.9,0.0659390646423915
0.9,0.0495164222808192
0.9,0.0556474835008076
0.9,0.0244788935278918
0.9,0.0767223953382784
0.9,0.0350573219736086
0.9,0.0834910239060575
0.9,-0.0080846849350997
0.9,0.0450528774772598
0.9,0.0438880073945676
0.9,0.068536379407042
0.9,0.04808241400908
0.9,0.0242379930766569
0.9,0.0181413429665992
0.9,0.0315137161761668
0.9,0.0467882323368916
0.9,0.0584895908207516
0.9,0.0146594597214952
0.9,0.0268487280172946
0.9,0.0479638108056029
0.9,0.0228817645561578
0.9,0.0504504775013056
0.9,0.0181538983078291
0.9,0.0443184953704424
0.9,0.0731141511582103
0.9,0.0589323023793312
0.9,0.0825162324786251
0.9,0.0356002347457288
0.9,0.0827892246333463
0.9,0.029306657405964
0.9,-0.0158672476408249
0.9,0.0968526022964732
0.9,0.0327349391611896
0.9,-0.00365906366883235
0.9,0.0616604235747607
0.9,0.0317249457572169
0.9,0.0656946663422044
0.9,0.0512825389227041
0.9,0.085351334008473
0.9,0.0391624492507769
0.9,0.0477134871396988
0.9,0.0742641808569212
0.9,0.0222502173199083
0.9,0.0464058453991337
0.9,0.0863393934878042
0.9,0.0505930116620789
0.9,0.048203822393338
0.9,0.0265637397394793
0.9,0.0747606277222012
0.9,0.088528915375934
0.9,0.00784894642791426
0.9,0.0263227620087053
0.9,0.0432822448281757
0.9,0.0842592437737776
0.9,0.0468894670735404
0.9,0.0346465000773821
0.9,0.0455155830221933
0.9,0.010877369631745
0.9,0.0599440713583179
0.9,0.0158042570894494
0.9,0.0769468345774217
0.9,0.0379584749476226
0.9,0.0114885416508429
0.9,0.0348220246330704
0.9,0.0624435470708709
0.9,0.00646268639542134
0.9,0.0263869360066418
0.9,0.0234981921644739
0.9,0.0919766995837018
0.9,0.040706135149383
0.9,0.0269662160529028
0.9,0.0175694347077703
0.9,0.0342678222089006
0.9,0.0398738172955502
0.9,0.05133987107143
0.9,0.0287171253532796
0.9,0.0460940613549601
0.9,0.0299692211514731
0.9,0.0116762405268632
0.9,0.0689765910893481
0.9,0.0449435141013954
0.9,0.0573907158712934
0.9,0.045656040514127
0.9,0.0703204776104002
0.9,0.0431772172146607
0.9,0.0436085879672303
0.9,0.0456573832091005
0.9,0.0166906661422361
0.9,0.109038535873049
0.9,0.0472324865398694
0.9,0.0370244285960375
0.9,0.0704975217968193
0.9,0.0579291424403216
0.9,0.0541380377810157
0.9,0.0665341513603887
0.9,0.0830201983281152
0.9,0.0758159608075883
0.9,0.0399439035019117
0.9,0.0455448305135013
0.9,0.0636216133366054
0.9,0.0432795223854465
0.9,0.056503958544285
0.9,0.0648226934184563
0.9,0.0624071822971422
0.9,0.0533464788527506
0.9,0.0440939529697505
0.9,0.0603486284939278
0.9,0.0508297377222042
0.9,-0.00146301361444713
0.9,0.063654608794446
0.9,0.0177312801387849
0.9,0.0488325842326266
0.9,0.0478003415830101
0.9,0.0369922353421798
0.9,0.0475088265553066
0.9,0.0593988690699573
0.9,0.0464279218791831
0.9,0.0377671585593507
0.9,0.0900174985363008
0.9,0.0506329895428642
0.9,0.0515098495224111
0.9,0.0637964842690162
0.9,0.031983832328831
0.9,0.0522295165282061
0.9,0.036017327829782
0.9,0.0475686820463435
0.9,0.0564937633846376
0.9,0.0547198555985764
0.9,0.0599651768928225
0.9,0.0648339113624238
0.9,0.0306363127917818
0.9,0.017492941470174
0.9,0.0788884314793666
0.9,0.0447103291544173
0.9,0.0489271636639588
0.9,0.0800812566599226
0.9,0.0794061082173517
0.9,0.0890455635103836
0.9,0.0283859466090647
0.9,0.0382124646865971
0.9,0.0677022636183853
0.9,0.00239688789619733
0.9,0.0618320977222128
0.9,0.0275661236482681
0.9,0.0272389757717841
0.9,-0.0147021292275708
0.9,0.0317080666321001
0.9,0.0194843300564764
0.9,0.0637570441013761
0.9,0.0593016401078834
0.9,0.0327494695735906
0.9,0.0487688427901516
0.9,0.0316983464206609
0.9,0.0290263520579031
0.9,0.0723857533554386
0.9,0.00498876554553218
0.9,0.0265911564247832
0.9,0.0575417195685226
0.9,0.0513917937058164
0.9,0.050984892561802
0.9,0.0234506303835482
0.9,-0.00457754282842941
0.9,0.0271080594094213
0.9,0.0660100094059128
0.9,0.0575381725557586
0.9,0.0298699583660177
0.9,0.0567935403556803
0.9,0.0128024151909468
0.9,0.0504689649064876
0.9,0.0494990706856842
0.9,0.0226755555059449
0.9,0.057504617252284
0.9,0.0841632086473907
0.9,0.0729736734172357
0.9,0.0428828152306393
0.9,0.0701719897003563
0.9,0.062865793682774
0.9,0.0606553317975967
0.9,0.0157774718574705
0.9,0.0328290381613859
0.9,0.0566250829919158
0.9,0.0656698941577707
0.9,0.0366916784160391
0.9,0.0830619380757793
0.9,0.0456395417953581
0.9,0.0559422788827451
0.9,0.0465274164117781
0.9,0.0984915424977158
0.9,0.0908931427827045
0.9,0.0216466429064404
0.9,0.0903936535352106
0.9,0.0874803846960574
0.9,0.0317057120575974
0.9,0.00619187296477143
0.9,0.0405623865853487
0.9,0.0516908734971804
0.9,0.0390976973608619
0.9,0.0344936466442316
0.9,0.0528646374580398
0.9,0.0783813312235456
0.9,0.0504292472154379
0.9,0.0811111350025368
0.9,0.0365622884629068
0.9,0.0267867378103398
0.9,0.0696501435825531
0.9,0.0166568365851077
0.9,0.0370985982875252
0.9,0.0566974649633289
0.9,0.00114759848189841
0.9,0.0791289105233003
0.9,0.0476421630477663
0.9,0.0593306509536898
0.9,0.0596771795504748
0.9,0.0619917668212014
0.9,0.0161029933584075
0.9,0.0305658808708126
0.9,0.0777617174465468
0.9,0.0418036184519907
0.9,0.066969195617201
0.9,0.0384126421802452
0.9,0.0353637863469855
0.9,0.0600889499997424
0.9,0.0424705495938612
0.9,0.0668387212249057
0.9,0.0486291299784965
0.9,0.0351970974788269
0.9,0.045342381071364
0.9,0.0795074982429811
0.9,-0.0114661460233915
0.9,0.0608603243713698
0.9,0.0698090608517371
0.9,0.0446625448888204
0.9,0.0564854517283449
0.9,0.0593702287992962
0.9,0.0526832117489686
0.9,0.0822452371920883
0.9,0.048827063608698
0.9,0.0604540530049039
0.9,0.0923203816637065
0.9,0.0520617475533081
0.9,0.0483182302757594
0.9,0.0396704932479227
0.9,0.0481236990901509
0.9,0.0493917581411823
0.9,0.0795316896958048
0.9,0.059923492030698
0.9,0.0345384829818684
0.9,0.065938591471839
0.9,0.029417243499567
0.9,0.0341215634473175
0.9,0.0770447642721852
0.9,0.0394263945655841
0.9,0.0438820025703565
0.9,0.0210175494974861
0.9,0.0681185501411521
0.9,0.0443662867711345
0.9,0.0497599869800017
0.9,0.0465890843441144
0.9,0.0314901990376636
0.9,0.0524931927818188
0.9,0.0517870904676768
0.9,0.0177584838481264
0.9,0.0722764774310084
0.9,0.0632991692693585
0.9,0.016902917053595
0.9,0.0337264922173961
0.9,0.0810939671664969
0.9,0.0437880033888524
0.9,-0.0049573374457269
0.9,0.0354338378573791
0.9,0.0603349217483058
0.9,0.0413001206920564
0.9,-0.00995174641873533
0.9,0.028675767653285
0.9,0.0430407618673604
0.9,0.0427550695316191
0.9,0.0536513335836707
0.9,0.0553926713791514
0.9,0.080378158749605
0.9,0.0720204281360923
0.9,0.0652892822107209
0.9,0.0217801458367494
0.9,0.0458781001296612
0.9,0.0392831069191096
0.9,0.0917060322616477
0.9,0.0179080842113511
0.9,0.103791944222628
0.9,0.0399735929311453
0.9,0.00936799657191249
0.9,0.0488844174435114
0.9,0.0814357623733877
0.9,0.0364395383009155
0.9,0.098587260572678
0.9,0.0586973416176162
0.9,0.028601204162681
0.9,0.0354974242173605
0.9,0.0331872737916063
0.9,0.0483672226813137
0.9,0.0265501873788332
0.9,0.0700858142952261
0.9,0.067793417332104
0.9,0.0424683187488499
0.9,0.076336567186876
0.9,0.0499631025400514
0.9,0.048467119147738
0.9,0.0540283459860417
0.9,0.0937482234929211
0.9,0.0750645624745736
0.9,0.0454186067097929
0.9,0.079142531807313
0.9,0.0608319911936009
0.9,0.0625976558312839
0.9,0.0514920181343291
0.9,0.0474146100273759
0.9,0.0402179089812394
0.9,0.0759427301053613
0.9,0.028180105294273
0.9,0.0410112044808297
0.9,0.0879514926823725
0.9,0.0501413429738268
0.9,0.0473991101568791
0.9,0.0636899293557679
0.9,0.0588673669362715
0.9,0.05235983033326
0.9,0.0273624331590215
0.9,0.0544974981750555
0.9,0.020220261826969
0.9,0.0840624480431238
0.9,0.0116792202948892
0.9,0.0372589984647949
0.9,0.0935133234509067
0.9,0.0627625779375638
0.9,0.0404733662303465
0.9,0.0157646155650635
0.9,0.0391295760768154
0.9,-0.0116584895271909
0.9,0.0529836169913835
0.9,0.0381648074937061
0.9,0.0465251933723647
0.9,0.0228740421193435
0.9,0.0384823400625212
0.9,0.0726221951781201
0.9,0.0578678318754606
0.9,0.0574711601845
0.9,0.0760396195209566
0.9,0.0361235225056351
0.9,0.0810574182067676
0.9,0.0367349359617666
0.9,0.0920597007165558
0.9,0.0451325881253987
0.9,0.0336721707966548
0.9,0.0558288491982431
0.9,0.0536887077622958
0.9,0.0194077652987898
0.9,-0.0251391860000011
0.9,0.128112048229483
0.9,0.0741123803793298
0.9,0.0485070578936731
0.9,0.0711058650754327
0.9,0.0839949653540036
0.9,0.0662556120053332
0.9,0.0219897878979459
0.9,0.0518511557832672
0.9,0.0455021951093157
0.9,0.0412716718172915
0.9,0.053147320804531
0.9,0.0858131530662473
0.9,0.0354079795759964
0.9,0.0443155912122355
0.9,0.0913731524582602
0.9,0.0610988812495117
0.9,0.0364569106211842
0.9,0.0776164788256702
0.9,0.0220040818372835
0.9,0.0252361920597882
0.9,0.0818603686815562
0.9,0.0312759749882787
0.9,0.0558696857143143
0.9,0.0783397402377475
0.9,0.0633818885676634
0.9,0.0475946207799973
0.9,0.0384342098982145
0.9,0.059431083983276
0.9,0.0726751179251029
0.9,0.0458694243766171
0.9,0.0372035702398496
0.9,-0.00563819120240579
0.9,0.0208971860630582
0.9,0.0630328779730747
0.9,0.04686747302712
0.9,0.0616528239635505
0.9,0.0345402953725862
0.9,0.0687222813303307
0.9,0.0327511882946016
0.9,0.0186691992754826
0.9,0.0508606147499021
0.9,0.068798548258551
0.9,0.0396455462166562
0.9,0.0091560012074542
0.9,0.0916313463895651
0.9,0.061947104260788
0.9,0.0527671732147362
0.9,0.0384452265775655
0.9,0.0541124048059351
0.9,0.106181019634
0.9,0.0636743166201119
0.9,0.0804797219568333
0.9,0.0219286320574386
0.9,0.0595086160440023
0.9,0.0162655625172852
0.9,0.0620850521151821
0.9,0.0853801689851307
0.9,0.0420505641059429
0.9,0.0568444612005822
0.9,0.0766463551291921
0.9,-0.00392242776848084
0.9,-0.0117623395452497
0.9,0.0601042535136405
0.9,0.109380626019152
0.9,0.0252948629031567
0.9,0.0678666022873326
0.9,0.0194526327216767
0.9,0.0720129744625139
0.9,0.0388368901059204
0.9,0.0761925168004867
0.9,0.0542416250906397
0.9,0.0777217484007346
0.9,0.0478957940148309
0.9,0.078076757907788
0.9,0.0474533476104156
0.9,0.00372258316684524
0.9,0.0552031149292309
0.9,0.0519491605132359
0.9,0.085264188845648
0.9,0.0353815593080323
0.9,0.0338539567580617
0.9,0.0663780176497351
0.9,0.0484441443396978
0.9,0.0588565462648598
0.9,0.0656175804692773
0.9,0.0390274069862848
0.9,0.0488342031047489
0.9,0.0822319271534186
0.9,0.0713248791912867
0.9,0.0607805929569348
0.9,0.0527410576493051
0.9,0.0628444130079191
0.9,0.0355974044957754
0.9,0.0544756898047548
0.9,0.0728161111370027
0.9,0.0349461658523397
0.9,0.0450465711435016
0.9,0.0619482752163097
0.9,0.0931722801788955
0.9,0.0292411790125044
0.9,0.0319957745931593
0.9,0.0769588296202829
0.9,0.0724467414882166
0.9,0.0604929113941181
0.9,0.0465711764486779
0.9,0.0288974105913317
0.9,0.0157137581495915
0.9,0.102667061994603
0.9,0.0694480100805706
0.9,0.0323148990729021
0.9,0.0247987083099774
0.9,0.0753778258899706
0.9,0.102639584819957
0.9,0.0698551292411902
0.9,0.0348333633149002
0.9,0.0502498707370333
0.9,-0.00734349068919323
0.9,0.0655487489324817
0.9,0.063956359026964
0.9,0.0145044829249476
0.9,-0.0148363867869971
0.9,0.0552067736934412
0.9,0.0439481569762936
0.9,0.0797787898757647
0.9,0.0596548801145668
0.9,0.0155047691976586
0.9,0.0451321113085585
0.9,0.00753563065551085
0.9,0.0433939904932368
0.9,0.0478962754382707
0.9,0.0504533881003967
0.9,0.0703652387864229
0.9,0.0566600014544885
0.9,0.055849171047354
0.9,0.032804153397964
0.9,0.0548966880002712
0.9,0.0428394105144884
0.9,0.0661447198855121
0.9,0.0264647480293553
0.9,0.0305282493441506
0.9,0.0251846115365685
0.9,0.0492801018649064
0.9,0.0615514183791548
0.9,0.0320469592929214
0.9,0.0481149139973691
0.9,0.0569921185500115
0.9,0.0647423788839219
0.9,0.0486891496893044
0.9,0.0472688365662665
0.9,0.0840072352287272
0.9,0.0487093718460037
0.9,0.0304419853423975
0.9,0.053433708333433
0.9,0.0801728979268642
0.9,0.0696037523365755
0.9,0.0561670273529567
0.9,0.0358792991579094
0.9,-0.0025127377754872
0.9,0.0719269966209808
0.9,0.0345147294425459
0.9,0.0661872041971817
0.9,0.0442218328872976
0.9,0.0587768546736902
0.9,0.0610594032661448
0.9,0.0445566574994506
0.9,0.0590605397992427
0.9,0.0693175803056052
0.9,0.0238551289529666
0.9,0.0223772286748686
0.9,0.0329190121240792
0.9,0.0632836610824289
0.9,0.0171711896031034
0.9,0.0472332530788583
0.9,0.045962321060353
0.9,0.0443879145034843
0.9,0.0542724393754781
0.9,0.0715229500085544
0.9,0.0485842618177052
0.9,0.10881506474207
0.9,0.0239830769211952
0.9,0.0505476417836456
0.9,0.0688896641732774
0.9,0.0557455276502924
0.9,0.0177589860087451
0.9,0.104315773425264
0.9,0.0353929422367867
0.9,0.0783535625673599
0.9,0.0489883517107321
0.9,0.0408608503992107
0.9,0.0430379274750569
0.9,0.0301338740779401
0.9,0.0549433401428926
0.9,0.0433274387885978
0.9,0.0919358900084539
0.9,0.0442821518885284
0.9,0.0404998834279502
0.9,0.0861432977050513
0.9,0.00951760510994856
0.9,0.017137268713487
0.9,0.0178886238740213
0.9,0.0300968483403903
0.9,0.00505308270261543
0.9,0.0396057744650535
0.9,0.0196200562789322
0.9,0.0870421795880097
0.9,0.0824022389035585
0.9,0.0641203547302224
0.9,0.055273678712183
0.9,0.0223075624315525
0.9,0.0364238293493489
0.9,-0.0417692789859424
0.9,0.058200421927862
0.9,0.0484591816576031
0.9,0.014829294297984
0.9,0.0743220371511572
0.9,0.0159358223167082
0.9,0.0405119071385563
0.9,0.0281646441436957
0.9,0.0303293078250915
0.9,0.0787518662977324
0.9,0.0202420704189278
0.9,0.0550549958714186
0.9,0.0566739096862807
0.9,0.0602212504338702
0.9,0.033076337138644
0.9,0.0298650703579857
0.9,0.041518048246467
0.9,0.0496729374807834
0.9,0.0408662416986616
0.9,-0.0106447276026729
0.9,0.0349050684408472
0.9,0.0591903453993121
0.9,0.0546874049790426
0.9,0.0267617637161682
0.9,0.0683562083107781
0.9,0.0424484480299872
0.9,0.0670727356545627
0.9,0.0360519925010952
0.9,0.0958238917680167
0.9,0.0571206378228166
0.9,0.0802575694003831
0.9,0.0298564040749162
0.9,0.0558174633885874
0.9,0.0700078871373093
0.9,0.0547568470657736
0.9,0.0889018752153146
0.9,0.0604411230801013
0.9,0.031864680059866
0.9,0.054103057572261
0.9,0.00320675240012319
0.9,0.1145834934676
0.9,0.0620423057929559
0.9,0.0612526081796938
0.9,0.0449056085390438
0.9,0.0214218999021195
0.9,0.030228019532552
0.9,0.0219717970108739
0.9,0.0325564830671769
0.9,0.0128099732064275
0.9,0.0550621828564882
0.9,0.0552332354584549
0.9,0.0532700125783949
0.9,0.03581511997637
0.9,0.0809877925087857
0.9,0.047326553165107
0.9,0.0286637703824109
0.9,0.0501028303197866
0.9,0.0446172015777021
0.9,0.029380915495073
0.9,0.0356072157399248
0.9,0.0533183365307027
0.9,0.0708809804306799
0.9,0.0857433108164362
0.9,0.036806638985053
0.9,0.0289141910483327
0.9,0.0512472053507876
0.9,0.0416940686369936
0.9,0.0593915641414944
0.9,0.0283329588886946
0.9,0.0422644793104098
0.9,0.0325606618281778
0.9,0.0389817187197887
0.9,0.0602405411628657
0.9,0.0185142739947433
0.9,0.0212229614596151
0.9,0.057162677392249
0.9,0.0237208116904454
0.9,0.0692471016999792
0.9,0.0287196854354799
0.9,-0.00141707424465534
0.9,0.0462720855180717
0.9,0.037695037609663
0.9,0.0553623401471219
0.9,0.0601261813936343
0.9,0.0691890616207971
0.9,0.00802807820980853
0.9,0.0425160679736369
0.95,0.0331668774090345
0.95,0.00599524119017476
0.95,0.0360646364471827
0.95,0.0740467746895329
0.95,0.080982635689202
0.95,0.0400908272555287
0.95,0.0874479395524124
0.95,0.0842723540611637
0.95,0.0491852493214843
0.95,0.037309942918237
0.95,0.0123856475333609
0.95,0.00977674880469799
0.95,0.0863703853988001
0.95,0.0663439298305289
0.95,0.051363119505892
0.95,0.0786918659334802
0.95,0.0662430724711133
0.95,0.0760550441415846
0.95,-0.00450365727196881
0.95,0.0340831734647689
0.95,0.0774618845005044
0.95,0.0643950811110561
0.95,0.00629386516991149
0.95,0.049612645981194
0.95,0.0441786891652636
0.95,-0.0137822423742562
0.95,0.0240595646704763
0.95,0.0590103225719917
0.95,0.0423215272722706
0.95,0.0355851224182532
0.95,0.0496084489438771
0.95,0.0172681582089614
0.95,0.0828649104226833
0.95,0.0327357421895224
0.95,0.0292236351183581
0.95,0.0459613575299877
0.95,0.0699886659672031
0.95,0.0329309749098815
0.95,0.0498933597521499
0.95,0.0223387042481009
0.95,0.0105461440266825
0.95,0.055169563903831
0.95,0.0403011066540035
0.95,0.0872960750859529
0.95,0.0156689936498563
0.95,0.0439142486637172
0.95,0.0611233997707183
0.95,0.109092673846963
0.95,0.049852878402183
0.95,0.0642704670283747
0.95,0.0302388437605271
0.95,0.0449581079778774
0.95,0.0396589841103036
0.95,0.0762085294221309
0.95,0.0516856950595399
0.95,0.0306565176286091
0.95,0.0886521484082205
0.95,0.0237648401259986
0.95,0.0391101446547086
0.95,0.0432554263178788
0.95,0.0633217481290271
0.95,0.0679751037081784
0.95,0.0924877139520631
0.95,0.045449242878497
0.95,0.0491808374224757
0.95,0.0240473194284644
0.95,0.0330503085785687
0.95,0.0333008172366849
0.95,0.0496574049208945
0.95,0.053858846262853
0.95,0.0799752361543032
0.95,0.00784252132610374
0.95,0.0419160481639111
0.95,0.0685079328980332
0.95,0.0811196694990577
0.95,0.00442865353323051
0.95,0.054219009253767
0.95,0.0713545242495192
0.95,0.0412960184252755
0.95,0.0432288263404042
0.95,0.0598350262855031
0.95,0.0572524256521131
0.95,0.0820705383443708
0.95,0.0581052642407322
0.95,0.0703714224561477
0.95,0.0471068159846753
0.95,0.0568826371305193
0.95,0.0698696625536343
0.95,0.0642654291502892
0.95,0.0884353947585589
0.95,0.047820646402128
0.95,0.0820924264497283
0.95,0.019019658139621
0.95,0.000340100487031063
0.95,0.0541874846253434
0.95,0.0536981510460376
0.95,0.0828896603705501
0.95,0.10929111218644
0.95,0.033406816631653
0.95,0.0704737742846851
0.95,0.10740540365596
0.95,0.0181420357527759
0.95,0.0714259168069002
0.95,0.0522688525504208
0.95,0.0302008296946067
0.95,0.0865051063367884
0.95,0.0609960930228405
0.95,0.0680698097571983
0.95,0.0128935375392275
0.95,0.0532773296599103
0.95,0.0793371554785413
0.95,0.0463735541209785
0.95,0.0841109557233853
0.95,0.029961868832265
0.95,0.0643852142320843
0.95,0.0793677742382911
0.95,0.0686901464702705
0.95,0.0788202442941423
0.95,0.0232326182155942
0.95,0.0674370059200949
0.95,0.0432917364812848
0.95,0.0859610164480286
0.95,0.0410444862203119
0.95,0.0714797606729381
0.95,0.00477747084930143
0.95,0.0224909933963268
0.95,0.0787262046091522
0.95,0.0534464581893131
0.95,0.0428347532440158
0.95,0.0572771414092876
0.95,0.0350464512877615
0.95,0.0193862702367239
0.95,0.0368259010901501
0.95,0.0266420814116851
0.95,0.036871891422744
0.95,0.0546572467686122
0.95,0.0380891531952567
0.95,0.0741295489502731
0.95,0.0432587041678412
0.95,0.0993384921287163
0.95,0.0282770921274173
0.95,0.0524099957831237
0.95,0.0685546412609894
0.95,0.0365361141951342
0.95,0.070329319158367
0.95,0.0315258645949653
0.95,0.0622335714672356
0.95,0.0261661182945338
0.95,0.0437659470864372
0.95,0.0594021323780645
0.95,0.0733173213751078
0.95,0.0689096160723126
0.95,0.0528602352231439
0.95,-0.0144872599216264
0.95,0.0285140731753956
0.95,0.0489143637333753
0.95,0.0630882118566727
0.95,0.0331369608604814
0.95,0.0582011228180518
0.95,0.0807714256926186
0.95,0.044403498414817
0.95,0.0257924728322626
0.95,0.105603255611258
0.95,0.00578955051194781
0.95,0.055770768726222
0.95,0.0493007686462231
0.95,0.0497388160388121
0.95,0.0652716995955159
0.95,0.0481420676301054
0.95,0.050017954485939
0.95,0.015431232941762
0.95,0.0692572695143367
0.95,0.0209357448459327
0.95,0.0389062298817156
0.95,0.0352734283232866
0.95,0.0248142167944701
0.95,-0.0160418409880629
0.95,0.0323862908400004
0.95,0.086283905180214
0.95,0.0207532154836569
0.95,0.0612910846323436
0.95,0.020630357806404
0.95,0.0484208199596076
0.95,0.0646464739765078
0.95,0.00932169906452907
0.95,0.0519597998784256
0.95,0.0144600981475563
0.95,0.0353815296259897
0.95,0.0701670676125698
0.95,0.0763182982562154
0.95,0.068783657350493
0.95,0.0855615988359565
0.95,0.0485298777437843
0.95,0.0184056201598975
0.95,-0.00514622353120708
0.95,0.0565107489040182
0.95,0.0211833006073041
0.95,0.00308384128049316
0.95,0.104779067089517
0.95,0.0547619927731967
0.95,0.0602069838719591
0.95,0.0587200215156421
0.95,0.0231054533078146
0.95,0.106602105177153
0.95,0.0344636968719581
0.95,0.0354023661573699
0.95,0.0359143693289217
0.95,0.0319961726072526
0.95,0.0717328373600886
0.95,0.0432947487935514
0.95,0.0479758594036419
0.95,0.020232061905057
0.95,0.0208101976454021
0.95,0.0531617081582304
0.95,0.0335682562955818
0.95,0.00718434846273322
0.95,0.0442180047905633
0.95,0.00533424888363458
0.95,0.0331925640699771
0.95,0.0187214809146287
0.95,0.0611565920965667
0.95,0.0510377024131132
0.95,0.0430168924769562
0.95,0.0578836637171875
0.95,0.0357432133352634
0.95,0.0592733891125306
0.95,0.050219590470687
0.95,0.0258776260177559
0.95,0.0114120471070265
0.95,0.0507400577107384
0.95,0.0331876718051667
0.95,0.0558676854637914
0.95,0.0582726078147926
0.95,0.0365311062247478
0.95,0.0754591251801952
0.95,0.0425012289980657
0.95,0.0568688616192179
0.95,0.0647533164024828
0.95,0.0215970561307565
0.95,0.0630510923666609
0.95,-0.0198853025176783
0.95,0.0609413237869081
0.95,0.0365336874184488
0.95,0.00421729064037463
0.95,0.0409135480536396
0.95,0.0640650282362401
0.95,0.0366605594111331
0.95,0.0577786733272162
0.95,0.0436863771519324
0.95,0.022184145681419
0.95,0.0388816568159645
0.95,0.0614615832151708
0.95,0.11620596906753
0.95,0.0057982564313659
0.95,0.0610635536695982
0.95,0.0082785725151589
0.95,0.0395502504855083
0.95,0.0470774035541018
0.95,0.00766758566637296
0.95,0.0566527968640127
0.95,0.0189747307441998
0.95,0.0398718399757443
0.95,0.0871557015178836
0.95,0.101126794485348
0.95,0.0796663614769639
0.95,0.0552661274851972
0.95,0.0661755112760454
0.95,0.0451353098455847
0.95,0.0913897860530329
0.95,0.0852751310546673
0.95,0.0134050251851139
0.95,0.0679435512426828
0.95,0.0323394133557258
0.95,0.0469295549401909
0.95,0.0563813042993399
0.95,0.0599575619276486
0.95,0.0267770744704849
0.95,0.0322425105764497
0.95,0.0847748991354577
0.95,0.0784355544901461
0.95,0.0175856092670778
0.95,0.0526720490586708
0.95,0.0573469016947779
0.95,0.0466767954243294
0.95,0.062567329367691
0.95,0.0198682859493036
0.95,0.0490192986200643
0.95,0.0729351135919477
0.95,0.0742005771761044
0.95,0.0511605990534407
0.95,0.00818645022988935
0.95,0.049087882882589
0.95,0.0549453523707467
0.95,0.0448938291065608
0.95,0.0812190890061543
0.95,0.0284276499936848
0.95,0.0561129104991709
0.95,0.0278903979423908
0.95,0.0633978981040791
0.95,0.0687629170222646
0.95,0.0385983657173338
0.95,0.0663362708812601
0.95,0.0495741331974352
0.95,0.0496254073916037
0.95,0.061518597287455
0.95,0.0155048379398947
0.95,0.101681008564638
0.95,0.0390150703226121
0.95,0.0347638091476882
0.95,0.0459186662109784
0.95,0.0302339560605365
0.95,0.0392760669717
0.95,0.0517465376776892
0.95,0.0215995498110965
0.95,0.026311808048034
0.95,0.0609302704132365
0.95,0.0442276479149448
0.95,0.0698084063703279
0.95,0.0490338422320616
0.95,0.0494265716736497
0.95,0.0603667440141912
0.95,0.0262006068156211
0.95,-0.0201280535224953
0.95,0.0983053416823054
0.95,0.0393689736026269
0.95,0.0396632683592729
0.95,-0.0148268194138917
0.95,0.0657676897292754
0.95,0.0136154413394134
0.95,0.0490825675998179
0.95,0.0223110149594014
0.95,0.0947021678102084
0.95,0.0439728190996887
0.95,0.0312139489120152
0.95,0.0696031978928599
0.95,0.0737235632069648
0.95,0.069497951565141
0.95,-0.0214326746956148
0.95,0.0113885574073772
0.95,0.0185501507412275
0.95,0.0621848695392947
0.95,0.0627478556896649
0.95,0.0464440188477031
0.95,0.0480446525933401
0.95,0.0646818892924488
0.95,0.0123088142443564
0.95,0.0705506356299014
0.95,0.127406806300355
0.95,0.032089027153983
0.95,0.0560097420377278
0.95,0.0474321218596629
0.95,0.0384450757208343
0.95,0.044907288342847
0.95,0.0501057664313487
0.95,0.047027778691044
0.95,0.0789443473175186
0.95,0.0481355164708358
0.95,0.0507770162226322
0.95,0.00568074607307921
0.95,0.0611514095255659
0.95,0.0178744165364202
0.95,0.0142743514393833
0.95,0.00221844374583897
0.95,0.0413880149057431
0.95,0.0660520153549533
0.95,0.0204284861048423
0.95,0.00523792031407866
0.95,0.0197222587636893
0.95,0.0612538336158532
0.95,0.0955836467959209
0.95,0.0477942885492412
0.95,0.0221117736114488
0.95,0.0328870012695808
0.95,0.0991916022304851
0.95,0.076469210929319
0.95,0.0208528389564284
0.95,0.0283455146054563
0.95,0.0624986718626605
0.95,0.0500715107624572
0.95,0.0444078981258647
0.95,0.0600829233698486
0.95,0.0196684062396173
0.95,0.0681908253635502
0.95,0.0534291556291522
0.95,-0.00358909481084427
0.95,0.0300964664162935
0.95,0.0627469010061099
0.95,0.0879987633290306
0.95,-0.00259362674017812
0.95,0.0346465262047991
0.95,0.0396440263682888
0.95,0.0623852866780796
0.95,0.0451224831328768
0.95,0.0610594306344459
0.95,0.063151390846062
0.95,0.0557282490909569
0.95,0.0797039128391149
0.95,0.0518054197215274
0.95,0.0201287393330174
0.95,0.0282885383306425
0.95,0.0558865008343981
0.95,0.0810707423203276
0.95,0.0343918489297605
0.95,0.0376555159606378
0.95,0.00852882536306137
0.95,0.0183537319539602
0.95,0.0324254026897513
0.95,0.0213908924249641
0.95,0.0257529316131656
0.95,0.0245171357956568
0.95,0.042835635761738
0.95,0.0448921638953331
0.95,0.0801311070422633
0.95,0.0459509039705143
0.95,0.0162094744652717
0.95,0.0979127356475228
0.95,0.035291130014779
0.95,0.0406432895347018
0.95,0.0333975835060192
0.95,0.0597236234108049
0.95,0.0692989085079099
0.95,0.0116487588688498
0.95,0.0816824740420559
0.95,0.0651540285991688
0.95,-0.00352062708801621
0.95,0.0668241543071842
0.95,0.0451568432701862
0.95,0.0317381343918566
0.95,0.0306476546158306
0.95,0.00656054386585248
0.95,0.109751172105564
0.95,0.0956367241292006
0.95,0.0649767996207216
0.95,0.0271491874124643
0.95,0.0565211970238925
0.95,0.0454787273587577
0.95,0.00147118647722593
0.95,0.0415009644223793
0.95,0.0181348240479232
0.95,0.0362216889652457
0.95,0.0534746390543202
0.95,0.0580999731955836
0.95,0.0526308071445331
0.95,0.0166984978439832
0.95,0.0388831154903901
0.95,0.051544648068685
0.95,0.0562626701631371
0.95,0.093931722560146
0.95,0.0264775163019425
0.95,0.00420044123012708
0.95,-0.00468614551738645
0.95,0.071507450517964
0.95,0.0327487094701027
0.95,0.0301934918607968
0.95,0.0703382489160459
0.95,0.0564745896019421
0.95,0.0646909307063022
0.95,0.0682764937965155
0.95,0.053663062232772
0.95,0.0629449233344763
0.95,0.0375299785895638
0.95,0.0171768790547387
0.95,0.0609338431652646
0.95,0.0737706043958473
0.95,0.0260087092342589
0.95,0.0803653727668296
0.95,0.0281390802674089
0.95,0.0440069596335067
0.95,0.0446726123510528
0.95,-0.0238819452848986
0.95,0.0695494278662296
0.95,0.0431711348231905
0.95,0.0296073104669087
0.95,0.0566068919894829
0.95,0.0268663186067785
0.95,0.0152595891386512
0.95,0.0812465792842902
0.95,0.0436139080005637
0.95,0.0251567237185141
0.95,0.105268029691254
0.95,0.0402311455076603
0.95,0.0805753122223495
0.95,0.0408055049903411
0.95,0.046110187457967
0.95,0.083305762663319
0.95,0.0683639340027805
0.95,0.03331183635971
0.95,0.0539622563801179
0.95,0.0752015634811616
0.95,0.0519836628741068
0.95,0.0575904298457336
0.95,0.0697286389280096
0.95,0.0746316142308116
0.95,0.0558330613916815
0.95,0.0811800725706017
0.95,0.041903417114164
0.95,0.114945922331158
0.95,0.0476284851880932
0.95,0.0671534001994636
0.95,0.0565814267383425
0.95,0.089952822826554
0.95,0.0511002768159662
0.95,0.0343979593200823
0.95,0.0874907673776411
0.95,0.0240104534571284
0.95,0.0449930613181611
0.95,0.0303153097242903
0.95,0.0507381695068693
0.95,0.0743441308749896
0.95,0.060767897650679
0.95,0.0742264776993675
0.95,0.0479775266318316
0.95,0.0435858188798786
0.95,0.0267012051630286
0.95,0.0729837931727319
0.95,0.0521772504018625
0.95,0.0346595700886945
0.95,0.0660114317637407
0.95,0.0489258126786456
0.95,-0.021046743894502
0.95,0.0249565557746008
0.95,0.0710378415090609
0.95,0.0752429485089254
0.95,0.033737638051468
0.95,0.0651337212489237
0.95,0.0202904593281401
0.95,0.023220250982052
0.95,-0.00396674956857661
0.95,0.0490237428859126
0.95,0.041262087507131
0.95,0.0833218564344912
0.95,-0.00294310435111106
0.95,0.0606805840088368
0.95,0.0204300352238256
0.95,0.0909339770473833
0.95,0.0519285028805399
0.95,0.0876485098753362
0.95,0.0449563597904916
0.95,0.0701574918924372
0.95,0.0303911348401785
0.95,0.0690077646422519
0.95,0.0290230308009235
0.95,0.0298366087428837
0.95,0.00460064058743227
0.95,0.0132075222281573
0.95,0.0226163387982112
0.95,-0.0277591176562169
0.95,0.0726115143535041
0.95,0.0510119541779332
0.95,0.0902020853548038
0.95,0.0241271988987748
0.95,0.0574231191929224
0.95,0.0333309244312006
0.95,0.0590055641234479
0.95,0.101792385493106
0.95,0.0327750906787034
0.95,0.0562139476186641
0.95,0.0485638106953239
0.95,0.084648223979196
0.95,0.0025180360095632
0.95,0.0114593116397438
0.95,0.024199000534274
0.95,0.074460264536895
0.95,0.0716397735853226
0.95,0.0158576612411813
0.95,0.0613139559817199
0.95,0.053627503086128
0.95,0.0782539277568314
0.95,0.0460072856055929
0.95,0.0140436030492345
0.95,0.0558707035232426
0.95,0.0176034027520845
0.95,-0.0238810030332472
0.95,0.0579602815299819
0.95,0.0501401333048917
0.95,0.0626252679597247
0.95,0.0355878549975482
0.95,0.033339229240669
0.95,0.0157739024786314
0.95,0.0215079792695451
0.95,0.0147373035083459
0.95,0.0391377295996169
0.95,0.0411747306759525
0.95,0.018869039016173
0.95,0.0296720342212016
0.95,0.0385291398519099
0.95,0.0116164470472349
0.95,0.0450995322710365
0.95,0.0403335295797192
0.95,0.0406040866033094
0.95,0.0312124791695004
0.95,0.0681609500596417
0.95,0.0398124122334562
0.95,0.0278347673048992
0.95,0.0118687391464309
0.95,0.0745784516186241
0.95,0.063936750455169
0.95,0.0449318586829395
0.95,0.0332950952511765
0.95,0.0195667215767005
0.95,0.0286495496907049
0.95,0.0664040193178975
0.95,0.0201244715239693
0.95,0.0476172303930259
0.95,0.0741370697348625
0.95,0.0467530579661281
0.95,0.0427961283754
0.95,0.0136488964339592
0.95,0.040565315381333
0.95,0.0188591363052319
0.95,0.074638351257658
0.95,0.0349415654324706
0.95,0.072058243975666
0.95,0.0417145664848942
0.95,0.0188650850749785
0.95,0.0640860957988272
0.95,0.0113638462570996
0.95,0.0743055583936079
0.95,0.0759534374191831
0.95,0.0219832391196869
0.95,0.0294103089639933
0.95,0.0489052142377522
0.95,0.0187933721280665
0.95,0.0380250886692515
0.95,-0.00382637625943459
0.95,0.0320127798865487
0.95,0.0705532888204638
0.95,-0.00337479651864805
0.95,0.0292385543154075
0.95,0.0673642184814511
0.95,0.0429373995152117
0.95,0.0715459549011079
0.95,0.0965551236433416
0.95,0.0853250826737997
0.95,0.0320231242034863
0.95,0.0705865165611184
0.95,-0.0045725794095924
0.95,0.00187967433256016
0.95,0.0266630492085048
0.95,0.0114176374969079
0.95,0.0374704520199917
0.95,0.0349490781792291
0.95,0.0474170264159427
0.95,0.0974198816220907
0.95,0.0438558435494635
0.95,0.0375458388251426
0.95,-0.0124169794225389
0.95,0.0611957860890836
0.95,0.0289016969531592
0.95,0.0260838192580346
0.95,0.0663677899128821
0.95,0.0684726409723596
0.95,0.0622173505764606
0.95,0.0386616068919328
0.95,0.0712112242490698
0.95,0.046022325047277
0.95,0.0435589491990202
0.95,0.0575841306427676
0.95,0.0184866479514783
0.95,0.0422149063381747
0.95,0.0696546607544481
0.95,0.040026525349095
0.95,0.000983588566162811
0.95,0.0484400194977016
0.95,0.0169454527754477
0.95,0.046522862311356
0.95,0.0248732104134701
0.95,0.0769182732545028
0.95,0.0580516569453073
0.95,0.0573125461642419
0.95,0.0189493151911879
0.95,0.0228756601916333
0.95,0.0628948897120563
0.95,0.0428695616305792
0.95,0.0347459937976913
0.95,0.0924851086152784
0.95,0.0821988858467399
0.95,0.0511139131845182
0.95,0.0449857793709163
0.95,0.0738047766892966
0.95,0.0167112258741978
0.95,0.0272914870819713
0.95,0.0421814602437035
0.95,0.0227895967226738
0.95,0.0533520603349299
0.95,0.0220159023532388
0.95,0.0910258213155887
0.95,0.0712242061485601
0.95,0.0346760384805179
0.95,0.0745069572735958
0.95,0.0373622249291376
0.95,0.0665205690545383
0.95,0.0365473674840948
0.95,0.0716123605974643
0.95,0.0359516680376295
0.95,0.0831927257806217
0.95,0.0803601163536855
0.95,0.0735923950931714
0.95,0.0696876574240775
0.95,0.0350011390067829
0.95,0.0690023890047248
0.95,0.0357918065999697
0.95,0.0177658115714289
0.95,0.044752339795264
0.95,0.0452692844699678
0.95,0.0637623864925154
0.95,0.00122234098071395
0.95,0.0762898506091256
0.95,0.056732271617054
0.95,0.0439853962388974
0.95,0.00597202810210959
0.95,0.0387595223346091
0.95,0.0596919591357234
0.95,0.0758304776786698
0.95,0.0452516358135205
0.95,0.06020327238944
0.95,0.0150342377680146
0.95,0.0172829929952849
0.95,0.0597376876657294
0.95,0.0438067016978999
0.95,0.0903908113273057
0.95,0.0820577888071791
0.95,0.0772150517537015
0.95,0.0605900433389249
0.95,0.0781463463766627
0.95,0.0933092343037615
0.95,0.0733457734011409
0.95,0.0395045525349181
0.95,0.0468481343590465
0.95,0.0335059857723412
0.95,0.025951536418563
0.95,0.0123893170145831
0.95,0.0796315580086905
0.95,0.0775538359066747
0.95,0.0486354174263717
0.95,0.0383213008769392
0.95,0.0789339435501547
0.95,0.0259703467814606
0.95,0.0444519220442967
0.95,0.0513956771414722
0.95,0.054830045619948
0.95,0.00985172972509072
0.95,0.0808809642374727
0.95,0.0478029481939077
0.95,0.0457595036340646
0.95,0.0630889347275626
0.95,0.0299124632964698
0.95,0.0348370719048776
0.95,0.0439108330511303
0.95,0.0339945146774432
0.95,0.106939280210222
0.95,0.0430143483165967
0.95,0.0935971552001429
0.95,0.027219197660519
0.95,0.0574008360988367
0.95,0.0754813579681618
0.95,0.0363848689198609
0.95,0.0792043634698294
0.95,0.0529800149076508
0.95,0.0380960803652581
0.95,0.000970399994966803
0.95,0.0201330181278715
0.95,0.0493296498109226
0.95,0.0893211260299687
0.95,0.0271684564774352
0.95,0.029817021071476
0.95,0.00900480723376315
0.95,0.0694886320966115
0.95,0.0801161246764176
0.95,0.024231055820122
0.95,0.0510845921863163
0.95,0.0837457185720127
0.95,0.0691901876112892
0.95,0.059993580875591
0.95,0.0547843721759433
0.95,0.0313064955027406
0.95,0.00998959766350578
0.95,0.0305827694423144
0.95,0.017993321510607
0.95,0.0225155114536962
0.95,0.057787048081319
0.95,0.0388985085087503
0.95,0.0526441234844794
0.95,0.035054645539534
0.95,0.022940507386117
0.95,0.0460103106985892
0.95,0.0331449997196776
0.95,0.0565053058155849
0.95,0.0269275072061201
0.95,0.06007451632633
0.95,0.0807744372219778
0.95,0.0543584802352097
0.95,0.0196833996890622
0.95,0.0318552989339423
0.95,0.0875913587777097
0.95,0.0481311339382764
0.95,-0.00470816915224399
0.95,0.0435289547058719
0.95,0.0409744278767695
0.95,0.0996625877838411
0.95,0.0796364326949944
0.95,0.0936551495024244
0.95,0.0640240250784043
0.95,0.0597910663459507
0.95,0.0238010228279659
0.95,0.0386278622961653
0.95,0.0415021228773437
0.95,0.0667376960758854
0.95,0.0245583963450394
0.95,0.0580805976919202
0.95,0.047985158980231
0.95,0.0921019682240542
0.95,0.0862751976860448
0.95,0.0869064056870178
0.95,0.047319233823399
0.95,0.032385579428723
0.95,0.0522527833771807
0.95,0.0116221956624148
0.95,0.0412413553074486
0.95,0.0310755316999809
0.95,0.0329111538256755
0.95,0.0422757172841234
0.95,0.0553513711886689
0.95,-0.0122002240291613
0.95,0.0869886305388513
0.95,0.0483282181580523
0.95,0.0651748699397268
0.95,0.0399113191516496
0.95,0.0270742612054067
0.95,0.0103163979853
0.95,0.00975493698453802
0.95,0.0637047342838371
0.95,0.0717468418241463
0.95,0.0546585074507712
0.95,0.0230963106485779
0.95,0.067156599907137
0.95,0.0167668571733513
0.95,0.0524734673035315
0.95,0.0179766262783833
0.95,-7.88535066946618e-05
0.95,0.0712056412543521
0.95,0.058022290091977
0.95,0.0421568619108734
0.95,0.0447851716926094
0.95,0.0359870874464332
0.95,0.0604305124432479
0.95,0.0575265627300878
0.95,0.0401061596351501
0.95,-0.0067169570143708
0.95,0.0402723013614347
0.95,0.0490365223557888
0.95,0.0208109063127393
0.95,0.0624316766045354
0.95,0.0734819176494855
0.95,0.0601362120145387
0.95,0.0692291570222173
0.95,0.0677376911813813
0.95,0.0527952337261286
0.95,0.0260070578466038
0.95,0.101038542614543
0.95,0.031197615225935
0.95,0.0346233277963564
0.95,0.0924680628971208
0.95,0.0196867859366452
0.95,0.0551232676290691
0.95,-0.0187031484989141
0.95,0.0208699892942521
0.95,0.0350385411047326
0.95,0.00766378787993321
0.95,0.0588326161191553
0.95,0.056918297143626
0.95,0.0563707442900891
0.95,0.0142557091685626
0.95,0.0802981687632456
0.95,0.058577758082507
0.95,0.078715385170658
0.95,0.0847324018374842
0.95,0.0379769399957486
0.95,0.0358658557611427
0.95,0.010665164031688
0.95,0.0157802959032908
0.95,0.0966481285501372
0.95,0.0440458850015594
0.95,0.0760858964963679
0.95,0.0489606709645454
0.95,0.0328237342066524
0.95,0.0646197917263661
0.95,0.0402651095460011
0.95,0.0487502493759714
0.95,0.0531898218675841
0.95,0.0417347881884189
0.95,0.0622693692947588
0.95,0.050287019407029
0.95,0.0226343407781984
0.95,0.088276989618042
0.95,0.0390614527946503
0.95,0.0160052731872631
0.95,0.0192405126561442
0.95,0.0607416676615899
0.95,0.0366975414578087
0.95,0.0558681589379682
0.95,0.0128305847594896
0.95,0.0788896327788848
0.95,0.0648706415191845
0.95,0.0539600403641201
0.95,0.0454022165685085
0.95,0.0525042791076889
0.95,0.0346043426012092
0.95,0.060000221523913
0.95,0.016636018276817
0.95,0.0139144419712107
0.95,0.0492452301647385
0.95,0.0616840956595545
0.95,0.0581255140589105
0.95,0.0905646124488993
0.95,-0.00505601459606119
0.95,0.0893788133288215
0.95,0.0428263825673507
0.95,0.0467615415217581
0.95,0.0317138479349381
0.95,0.0518713661826967
0.95,0.0636969549234593
0.95,0.0447871720181746
0.95,0.0376302668411317
0.95,0.0436464178778728
0.95,0.0551767388863447
0.95,0.0364347394989659
0.95,0.096140539606938
0.95,0.0495094345202382
0.95,0.0473636741040693
0.95,0.0554634490447323
0.95,-0.0298584468648486
0.95,0.0707067333621357
0.95,0.074904155617475
0.95,0.0392930137699327
0.95,0.0471644277851345
0.95,0.0371171394345815
0.95,0.0674025489518784
0.95,0.0808091375858186
0.95,0.0420476186627191
0.95,0.0650153817361484
0.95,0.0401497917617916
0.95,0.0147004118670944
0.95,0.0415413590115144
0.95,0.0612344525374792
0.95,-0.00264325181381773
0.95,0.0621061463552063
0.95,0.0745142687621407
0.95,0.043372535419788
0.95,0.0241149742810767
0.95,0.0326794183241578
0.95,0.0467419578927797
0.95,0.0718320691164233
0.95,0.0463334173710769
0.95,0.0520804560246044
0.95,0.0239416737219362
0.95,0.042085594268223
0.95,0.0533796696130946
0.95,0.0493932805397285
0.95,0.0627483645749697
0.95,0.0370529734216803
0.95,0.0490548282089005
0.95,0.0297134007590127
0.95,0.0687231636055088
0.95,0.0210977316205221
0.95,0.0199398960580473
0.95,0.0616656804090925
0.95,0.0522927870666431
0.95,-0.000442672680827848
0.95,0.061341011111166
0.95,0.0684959821633233
0.95,-0.00602134315001653
0.95,0.0429404501343049
0.95,0.048412465904795
0.95,0.0943421635308835
0.95,0.0447341458480574
0.95,0.0524976791903398
0.95,0.0680287929105516
0.95,0.0594905279684774
0.95,0.0228260195867963
0.95,0.019563218069623
0.95,0.0426779923623961
0.95,0.0615272386109067
0.95,0.0445130004252853
0.95,0.0176866404478731
0.95,0.0138240922507581
0.95,0.0510668578704473
0.95,0.0423640782005172
0.95,0.0707538523948398
0.95,0.0658664571782426
0.95,0.0374521311842905
0.95,0.000432534280185005
0.95,0.0803363664486966
0.95,0.0134196484307824
0.95,0.067997536835282
0.95,0.0682878362946409
0.95,0.0641101773877157
0.95,0.0218952124961435
0.95,0.0309419592975552
0.95,0.0519227963361379
0.95,0.102042142205697
0.95,0.0313478162562914
0.95,0.0986005514003135
0.95,0.0579511370725843
0.95,0.0964732295195989
0.95,0.0471637313332603
0.95,0.0526858049528463
0.95,0.0285570096325277
0.95,0.0594399918650502
0.95,0.0596140129308342
0.95,0.0542654825960764
0.95,0.0344392813072921
0.95,0.0263949269856813
0.95,0.016535185507344
0.95,0.0571534815067975
0.95,0.0830969592048055
0.95,0.0787696190180949
0.95,0.0374307067282923
0.95,0.0630798250821221
0.95,0.0526527055353059
0.95,0.0458423340778819
0.95,0.0342069232483424
0.95,0.0593633020166731
0.95,0.0549573500455082
0.95,0.0593795114178781
0.95,-0.00868726890471177
0.95,0.0472011478769783
0.95,0.0180061123250684
0.95,0.0847112619663627
0.95,0.0700990849728892
0.95,0.0789639268592948
0.95,0.0317520543534627
0.95,0.0504453050847608
0.95,0.0522791896713639
0.95,0.00255971801164541
0.95,0.0355372215045092
0.95,0.0762337315848019
0.95,0.0483557449218409
0.95,0.0899832911633643
0.95,0.0956061033139556
0.95,0.0264492707022797
0.95,-0.0219843485682798
0.95,0.0536662425628446
0.95,0.0348654132518842
0.95,0.0458353440092534
0.95,0.0323376941094239
0.95,0.0680490501574396
0.95,0.0776324082919759
0.95,0.0272631693089314
0.95,0.0653312325716568
0.95,0.028151092342267
0.95,0.0414285964874649
0.95,0.0765351116951077
0.95,0.080891328887541
0.95,0.0418336152139082
0.95,0.0663731671939593
0.95,0.0576128114666319
0.95,0.0454418861089149
0.95,0.0107993847807191
0.95,0.0400287769420423
0.95,0.0409101979602845
0.95,0.0677377765313708
0.95,0.0400419901534724
0.95,0.0185779035735213
0.95,0.0490110830254894
0.95,0.0166596648117247
0.95,0.035272732635857
0.95,0.0826428183712389
0.95,0.0640402496630159
0.95,0.0823251063624685
0.95,-0.0153221082164132
0.95,0.0830021605918203
0.95,0.0269074913966484
0.95,0.0594581776194291
0.95,0.0534025493623738
0.95,0.065769345697128
0.95,0.00477240682004104
0.95,0.0848363133232325
0.95,0.0513748371956855
0.95,0.0745697051599864
0.95,0.0468172179156324
0.95,0.0440124131168412
0.95,0.0175585412881355
0.95,0.00596675481165066
0.95,0.0120252488850662
0.95,0.081569713694464
0.95,0.095840883466404
0.95,0.0557345444583935
0.95,0.0814716260299905
0.95,0.0111259173770024
0.95,0.110931929552327
0.95,0.0266430635481984
0.95,0.0147916222319561
0.95,0.072594877269243
0.95,0.0790499385445028
0.95,0.0607328829854458
0.95,0.0518346471070011
0.95,0.0697229798792564
0.95,0.0363372518384969
0.95,0.0288747873259104
0.95,0.0269547371084832
0.95,0.0222928730910128
0.95,0.0154221527462501
0.95,0.0571332825841043
0.95,0.0706824258269809
0.95,0.0492233134115763
0.95,0.0264731334882679
0.95,0.0633994391138342
0.95,-0.0108156974555669
0.95,0.0389423726966634
0.95,0.0600140429532514
0.95,0.0544424453250028
0.95,0.0796323343891634
0.95,0.0344198200749305
0.95,0.0703744066933161
0.95,0.0777942694030117
0.95,0.0712720709321076
0.95,0.0699794328268049
0.95,0.0428402427053195
0.95,0.055974720273839
0.95,0.0584098798970771
0.95,0.0657209555777249
0.95,0.0439227207761654
0.95,0.0227288965391127
0.95,0.0730856193344775
0.95,0.0948968658534835
0.95,0.0577649724001925
0.95,0.0534750616008597
0.95,0.0679291650422067
0.95,0.0360536042314771
0.95,0.0656196141247735
0.95,0.0570246408789531
0.95,0.0564313964441007
0.95,0.0732429952669645
0.95,0.0500767483163722
0.95,0.0492828601129971
0.95,0.0178914531827299
0.95,0.0729141434026613
0.95,0.0264170790557867
0.95,0.0291432759527058
0.95,0.0768206306102322
0.95,0.0416496381025467
0.95,0.0240898409856466
0.95,0.0239217017152285
0.95,0.0763449934424741
0.95,0.0268990842814077
0.95,0.00730111612124566
0.95,0.0592530875725243
0.95,0.0232444349354845
0.95,0.0541004249478612
0.95,0.0599848584006511
0.95,0.0811076543679393
0.95,0.0385534107495008
0.95,0.0630249635183577
0.95,0.0257246549031022
0.95,0.0453018362118512
0.95,0.057864486588176
0.95,0.0760756075983761
0.95,0.0410515061991037
0.95,0.0651419542767528
0.95,-0.0284293195651411
0.95,0.0477471273793189
0.95,0.0517981675071729
0.95,0.0272997734405885
0.95,0.0806221144743224
0.95,0.0371257915141001
0.95,0.0738580546713928
0.95,0.0975256875275801
0.95,0.016959857748993
0.95,0.0572283192269769
0.95,0.0545132910158728
0.95,0.0187038840890987
0.95,0.0749847543672292
0.95,0.0435453064516766
0.95,0.0577148888964415
0.95,0.0363694561533653
0.95,0.026504806666506
0.95,0.0135683191649605
0.95,0.0250804300269165
0.95,0.042206817110927
0.95,0.0740483835534098
0.95,-0.00307978715579564
0.95,0.0219505780499591
0.95,0.0608629958886753
0.95,0.0254497119542069
0.95,0.0731055169842432
0.95,0.0544946579593498
0.95,0.0222671787510832
0.95,0.0636356267954974
0.95,0.048461631678112
0.95,0.0231458884025203
0.95,0.0320823001414012
0.95,0.0620300031528002
0.95,0.077289618149508
0.95,0.0659219197699014
0.95,0.0590553395056328
0.95,0.0373898170974584
0.95,0.0923281581322927
0.95,0.0466985618133428
0.95,0.0962817158972536
0.95,0.00823259261799068
0.95,0.10169274844451
0.95,0.0308730649364385
0.95,0.0970097680165738
0.95,0.0538766941359279
0.95,0.0539100434928937
0.95,0.0591598513507685
0.95,0.0650630175824284
0.95,0.0396749902813552
0.95,0.0778220669346928
0.95,0.0365829614685307
0.95,0.0291311206234725
0.95,0.0629763624555036
0.95,0.0574406961584733
0.95,0.0188537991737154
0.95,0.0404282598413174
0.95,0.0808930997336834
0.95,0.0171138094637631
0.95,0.0753330928399817
0.95,0.055085656314253
0.95,0.018385131063999
0.95,0.0608214865624865
0.95,0.0301457404019248
0.95,0.0704319381649995
0.95,0.0202121844878257
0.95,0.0601444799234718
0.95,0.0284811798660129
0.95,0.0576026867219143
0.95,0.0459289559177336
0.95,0.0707713823404183
0.95,0.0520129533038698
0.95,0.0769345032476717
0.95,0.0102276609702323
0.95,0.0830481907471299
0.95,0.0603828673881821
0.95,0.0489203045270034
0.95,0.0389221228358578
0.95,0.00836827723804592
0.95,0.0424236119709368
0.95,0.0469365362823375
0.95,0.0758700567017081
0.95,0.0665723922940215
0.95,0.0232858509659937
0.95,0.0783303272235835
0.95,0.0551718098798073
0.95,0.0563215335048715
0.95,0.0529058127712054
0.95,0.010744452620207
0.95,0.053982000037616
0.95,0.0360110014347488
0.95,0.0474427258257454
0.95,0.000251420542894571
0.95,0.0667053353399482
0.95,0.0939126387480255
0.95,0.0359013348084761
0.95,0.029612978009779
0.95,0.0930621591401886
0.95,0.0324387592080899
0.95,0.0259913627792956
0.95,0.0306437271059889
0.95,0.0615525242845211
0.95,0.0664019058978262
0.95,0.033968122127616
0.95,0.0335388934855749
0.95,0.0586454256359395
0.95,0.0202652144950799
0.95,0.0929364024362071
0.95,0.0289824463679215
0.95,0.0627279853374483
0.95,0.0639887906177629
0.95,0.0881524449286768
0.95,0.0580699956695268
0.95,-0.0111368272488666
0.95,0.069297152926538
0.95,0.072236413384756
0.95,0.0687977642801179
0.95,0.0490285114984402
0.95,0.00622428596839406
0.95,0.0736637855652675
0.95,0.035232654788498
0.95,0.0594355017755987
0.95,0.0572035053293095
0.95,0.0641306800698966
0.95,0.061585756786458
0.95,0.0322162502963708
0.95,0.0785200039577376
0.95,0.051673806060519
0.95,0.0468193949224683
0.95,0.070716047009121
0.95,0.0651240988857969
0.95,0.0839970843707401
0.95,0.0496467162567229
0.95,0.0777953321399866
0.95,0.0379607822456586
0.95,0.0937105457135789
0.95,0.0386215882083557
0.95,0.0611450343231052
0.95,0.0332592623857902
0.95,0.0219951278999078
0.95,0.0448558023209107
0.95,0.0549602474994698
0.95,0.0595223914115281
0.95,0.0167291288449162
0.95,0.0332497992372715
0.95,0.0512307606112593
0.95,0.0384859332953932
0.95,0.0931466030036253
0.95,0.0467811493936372
0.95,0.0656686627250952
0.95,0.0552964953760137
0.95,0.0513590811943571
0.95,0.0307331401815319
0.95,0.0713222249642246
0.95,0.0609728895961202
0.95,0.0550523025117065
0.95,0.0501263125571202
0.95,0.0635355798972624
0.95,0.0192581957752753
0.95,0.0514288500290683
0.95,0.0906047410774202
0.95,0.0494349392734939
0.95,0.0483437888407086
0.95,0.04362930752682
0.95,0.0485719382610427
0.95,0.0187120440520772
0.95,-0.0131418201512624
0.95,0.0602952683766065
0.95,0.0656040196644686
0.95,0.0398359646534346
0.95,0.0376554582903722
0.95,0.01495753573289
0.95,0.00592858319046078
0.95,0.0348217365922248
0.95,0.050311673652926
0.95,-0.0121419098652215
0.95,0.0176617542468891
0.95,0.0657043943434643
0.95,0.116441977714968
0.95,0.0603216068584633
0.95,0.0493642267166386
0.95,0.0462848497829858
0.95,0.044994154763561
0.95,0.0198987464970563
0.95,0.0248546686406295
0.95,0.021867180918871
0.95,0.0325475915462681
0.95,0.0938656552070868
0.95,0.00289465232389211
0.95,0.0658692358740685
0.95,0.0492427791503268
0.95,0.0555053000703554
0.95,0.0241273407127396
0.95,0.0762068248023981
0.95,0.0344234465493944
0.95,0.0831200652943491
0.95,-0.0090765474484507
0.95,0.0450916365729405
0.95,0.0438172901158755
0.95,0.0684535014175874
0.95,0.0484372307848431
0.95,0.0241801469134956
0.95,0.0176866032100096
0.95,0.0314877586347421
0.95,0.046252678607385
0.95,0.0584572241461613
0.95,0.014797418437409
0.95,0.0265175635506882
0.95,0.0473948471388094
0.95,0.0234222142686377
0.95,0.0505087371067266
0.95,0.0180745346086169
0.95,0.044100100618029
0.95,0.0729782480043522
0.95,0.0592598098096786
0.95,0.0825414424662672
0.95,0.0356448505403033
0.95,0.0828440220319528
0.95,0.0288238843817016
0.95,-0.0165420639566959
0.95,0.0965376315793826
0.95,0.032753709962561
0.95,-0.00381771917911362
0.95,0.0613741165157052
0.95,0.0324345094780212
0.95,0.0658472196231561
0.95,0.0516229743658495
0.95,0.0851508880417756
0.95,0.0395725460697612
0.95,0.0475145357357016
0.95,0.0745491895505628
0.95,0.0223844825262062
0.95,0.0455075266925823
0.95,0.0866735170117749
0.95,0.050045733098511
0.95,0.0489312310866334
0.95,0.0262677272136085
0.95,0.0748652679125905
0.95,0.0896352061871606
0.95,0.00743983963962759
0.95,0.0263238495094683
0.95,0.0437055615130295
0.95,0.0833838584500555
0.95,0.0473184550796666
0.95,0.0341970608647932
0.95,0.0452686937719403
0.95,0.0108278503719895
0.95,0.0599875702732094
0.95,0.0158019112984284
0.95,0.0768017588530002
0.95,0.0379417505225535
0.95,0.0113070179451701
0.95,0.0344805579624513
0.95,0.0621673652990369
0.95,0.00656736124070916
0.95,0.0266195859793436
0.95,0.0231967396638891
0.95,0.0922535568139893
0.95,0.0405764688813825
0.95,0.0266690646840485
0.95,0.0172132594356111
0.95,0.034527088724207
0.95,0.0400910732518377
0.95,0.0518890243083567
0.95,0.0293264768611653
0.95,0.0468934551828434
0.95,0.0304267364645426
0.95,0.01107803288055
0.95,0.068936088242321
0.95,0.0446986286431096
0.95,0.0571636733204552
0.95,0.0464092137567084
0.95,0.0709344585750439
0.95,0.0433005549715085
0.95,0.043986068454715
0.95,0.0451243575065293
0.95,0.0171668447081059
0.95,0.108943551882499
0.95,0.0470605527383294
0.95,0.0366940156528077
0.95,0.0703342613088141
0.95,0.0581270391538278
0.95,0.0541523201362668
0.95,0.0661702028094204
0.95,0.0829026259123019
0.95,0.0755207377719735
0.95,0.0394196917238766
0.95,0.0454483081147374
0.95,0.0635939327029156
0.95,0.0433976208242414
0.95,0.0558180490189057
0.95,0.0647453542565627
0.95,0.0629206390313512
0.95,0.0532925975290254
0.95,0.0433786722655755
0.95,0.060146621076946
0.95,0.0504267438201736
0.95,-0.0016327353623077
0.95,0.063621727875296
0.95,0.0177217221284785
0.95,0.0488570893864252
0.95,0.0473532962696035
0.95,0.0365778627637078
0.95,0.046909722420939
0.95,0.0593938058033274
0.95,0.0462605984135047
0.95,0.0375780032830976
0.95,0.0897625901731902
0.95,0.0510134172471612
0.95,0.05101437227612
0.95,0.0638029037142081
0.95,0.0314149565381586
0.95,0.0518774618991158
0.95,0.0359455610708074
0.95,0.0474968367145618
0.95,0.0567008822406697
0.95,0.0543235504308149
0.95,0.0597455439165266
0.95,0.0647963573942392
0.95,0.0303316314790945
0.95,0.017434992534308
0.95,0.0785023693431013
0.95,0.0444285882516049
0.95,0.0487919777856442
0.95,0.0805727721692325
0.95,0.0792859226308102
0.95,0.0890780003706996
0.95,0.0284520206874312
0.95,0.0380429313105976
0.95,0.0675367461935938
0.95,0.00200348013605127
0.95,0.0624593620548991
0.95,0.0274546656028155
0.95,0.0277268355215292
0.95,-0.0148626991043019
0.95,0.0315237849446239
0.95,0.01984341270538
0.95,0.0635715862837902
0.95,0.0589036366508836
0.95,0.0323165032806346
0.95,0.0485365525279476
0.95,0.0312037648304617
0.95,0.0284981632417051
0.95,0.0717403241028171
0.95,0.00504629903105352
0.95,0.0272166500109996
0.95,0.0578753216443655
0.95,0.0512166300373815
0.95,0.0504376250253008
0.95,0.0234939867925967
0.95,-0.00498681842952398
0.95,0.0274108485305379
0.95,0.0661161502894415
0.95,0.0578596649533176
0.95,0.0298432810717741
0.95,0.0573303288347796
0.95,0.0130464600230524
0.95,0.0492163432560767
0.95,0.0490117863174141
0.95,0.022077561396904
0.95,0.0582502546175117
0.95,0.0840940546787545
0.95,0.0737193970601328
0.95,0.0424312611061406
0.95,0.0698156477760542
0.95,0.0630267421641638
0.95,0.0609926369109885
0.95,0.0151142900988447
0.95,0.031898800177503
0.95,0.0572748495056438
0.95,0.0656940018524623
0.95,0.0358186479060159
0.95,0.0830122298627759
0.95,0.0458729154159727
0.95,0.0562623764568962
0.95,0.0466516853355484
0.95,0.0987934471744515
0.95,0.0904148622079406
0.95,0.0213311878947738
0.95,0.0903507405378963
0.95,0.0870245104389354
0.95,0.032097644423113
0.95,0.00644378583688759
0.95,0.0405215901986295
0.95,0.0514606111787524
0.95,0.0394479811134452
0.95,0.0339321025343338
0.95,0.0522936631651764
0.95,0.078313381235927
0.95,0.0495448919736787
0.95,0.081320304030304
0.95,0.0364517069440043
0.95,0.0269528810261825
0.95,0.0699803266376123
0.95,0.0169993786089371
0.95,0.0371685625023261
0.95,0.056924444468368
0.95,0.000714353852675808
0.95,0.0791091023506334
0.95,0.0478121326533294
0.95,0.0592193076843664
0.95,0.0593895848270677
0.95,0.0619863182960407
0.95,0.0155927617088251
0.95,0.0307136638332655
0.95,0.0778969403683751
0.95,0.0416313051386169
0.95,0.0667724178825385
0.95,0.0382419065769167
0.95,0.0356956874883926
0.95,0.059928720233706
0.95,0.0424483919811641
0.95,0.0666895762122593
0.95,0.0486963845524505
0.95,0.0355207228549598
0.95,0.0447144767415913
0.95,0.0799546428761663
0.95,-0.011884756519687
0.95,0.0605333624840117
0.95,0.0697974473807607
0.95,0.0447176555840031
0.95,0.0570426773175138
0.95,0.0595261320611846
0.95,0.0531351902484766
0.95,0.082192419922444
0.95,0.0488598650686905
0.95,0.0608396028893082
0.95,0.0926551645535334
0.95,0.0522072843198623
0.95,0.0481073955448859
0.95,0.0390014816980585
0.95,0.0485682447868682
0.95,0.049520779324003
0.95,0.0794039940658
0.95,0.0591943756633609
0.95,0.034376374742621
0.95,0.066444235291
0.95,0.0284582794202515
0.95,0.0341397168767962
0.95,0.0779646913270279
0.95,0.0391697180116183
0.95,0.0433136743357591
0.95,0.0204614220866078
0.95,0.0680150908633597
0.95,0.0443612760486851
0.95,0.049612169015974
0.95,0.0467529976229144
0.95,0.0319264368834119
0.95,0.0525812720923132
0.95,0.0516866127553786
0.95,0.0177624392713106
0.95,0.0724081576650951
0.95,0.0632070836279357
0.95,0.0173596817193476
0.95,0.0334648142715452
0.95,0.0812528516504577
0.95,0.0436187105932106
0.95,-0.00587749701938411
0.95,0.0354066710359406
0.95,0.0598658014480545
0.95,0.0413764171847092
0.95,-0.00970710561820551
0.95,0.0290233617500949
0.95,0.0433458473387972
0.95,0.0426360070156057
0.95,0.0539595162840205
0.95,0.0552881192599845
0.95,0.0804542576740912
0.95,0.0725908456070891
0.95,0.0649081654342659
0.95,0.0219296932517228
0.95,0.0457558897696244
0.95,0.0390663377656967
0.95,0.091938112398021
0.95,0.0177987692726679
0.95,0.104269469881833
0.95,0.0399323063013084
0.95,0.00968764846411801
0.95,0.0489270366715821
0.95,0.0815779312961209
0.95,0.0360878948561411
0.95,0.0989917261924089
0.95,0.0587016445901347
0.95,0.0281809623296578
0.95,0.0358401976297192
0.95,0.0334944939628582
0.95,0.0480774053841375
0.95,0.0269112003614791
0.95,0.0704327332379943
0.95,0.0670310908283297
0.95,0.0418370480338662
0.95,0.0763056264333938
0.95,0.0496970374028994
0.95,0.0484065002901174
0.95,0.0540412928889492
0.95,0.0942755056708243
0.95,0.0746763291261492
0.95,0.0454160279191746
0.95,0.0790690500791975
0.95,0.0607266748061322
0.95,0.0632357881466896
0.95,0.0511735014547369
0.95,0.0471998254896105
0.95,0.0401141715347554
0.95,0.0760487328117855
0.95,0.0277288612374981
0.95,0.0407801390688047
0.95,0.087830934895945
0.95,0.0500897300836114
0.95,0.0475225023642966
0.95,0.0640993406678293
0.95,0.0583001680495583
0.95,0.052361125072074
0.95,0.0274687585964176
0.95,0.0541891003427561
0.95,0.0204200281717574
0.95,0.0835683131808626
0.95,0.0120222317759346
0.95,0.037683510341886
0.95,0.093199356134392
0.95,0.0626190598611279
0.95,0.0403211570990329
0.95,0.0154741419616602
0.95,0.0380529604852027
0.95,-0.0122975825830012
0.95,0.0531519365247871
0.95,0.0378522478184691
0.95,0.0466237520566979
0.95,0.0228163739470544
0.95,0.0379492370001157
0.95,0.0726877629864456
0.95,0.0577739764023407
0.95,0.0572926575483358
0.95,0.0762697028036544
0.95,0.0359879498198186
0.95,0.0806533983407072
0.95,0.0368857376288868
0.95,0.091247387365963
0.95,0.0450870907564642
0.95,0.0329480862244868
0.95,0.0558270209354319
0.95,0.0535663608709557
0.95,0.0192791486444258
0.95,-0.0256202883730703
0.95,0.128017171248654
0.95,0.0737658643359683
0.95,0.0477943067286607
0.95,0.0711650942449174
0.95,0.0841379147517902
0.95,0.0664805964887055
0.95,0.021399081278627
0.95,0.0514378052157773
0.95,0.0452436987156287
0.95,0.0411202503870979
0.95,0.0525682134326468
0.95,0.0862230584803021
0.95,0.0353796919836322
0.95,0.0434560144417296
0.95,0.0919889239396485
0.95,0.0609836741349849
0.95,0.0358643700078231
0.95,0.0776583646400621
0.95,0.02174167593741
0.95,0.0251254367623837
0.95,0.0821996733672874
0.95,0.0307981154104627
0.95,0.0551058703145842
0.95,0.0785827548858976
0.95,0.0636575820701852
0.95,0.0477157820320582
0.95,0.0379484498948793
0.95,0.0599480076566143
0.95,0.0719271596671184
0.95,0.0451368334764755
0.95,0.0372062129432111
0.95,-0.00615914041166059
0.95,0.0212411570426357
0.95,0.0633483688803278
0.95,0.0471998848145184
0.95,0.0618974615121641
0.95,0.0343949831464665
0.95,0.068598124536868
0.95,0.0329420612854938
0.95,0.0183530324045432
0.95,0.0501245796847739
0.95,0.0689862197196357
0.95,0.0400119753789129
0.95,0.00937232194739288
0.95,0.0912599540451574
0.95,0.0622452056389109
0.95,0.0520855486464132
0.95,0.0378893731019716
0.95,0.0537630682636286
0.95,0.106053358294968
0.95,0.0628314907843342
0.95,0.0815440974070623
0.95,0.0215982094147126
0.95,0.0592425477713038
0.95,0.0160369519289261
0.95,0.0619892956885894
0.95,0.0853255518529086
0.95,0.0418067883029907
0.95,0.0564736104992239
0.95,0.0762888371508129
0.95,-0.00450897262766961
0.95,-0.0118374387013875
0.95,0.0597953318252409
0.95,0.110588293642062
0.95,0.0252940910189382
0.95,0.068118363114828
0.95,0.0195107991663158
0.95,0.0721266135263572
0.95,0.0383852919258509
0.95,0.0759812133722271
0.95,0.0539961210142336
0.95,0.077859984021472
0.95,0.048072937157764
0.95,0.078322568994586
0.95,0.0472129198382238
0.95,0.00311505045554142
0.95,0.0552015860747094
0.95,0.0519479620201598
0.95,0.0857837400444705
0.95,0.0353015724031465
0.95,0.0339548314242293
0.95,0.066538831842807
0.95,0.0484131670691357
0.95,0.0582918654952863
0.95,0.0645853258192344
0.95,0.0392554706841284
0.95,0.0494165408183385
0.95,0.0822524937107439
0.95,0.0716007635486362
0.95,0.0601368190681407
0.95,0.0527282322999535
0.95,0.0628465179001332
0.95,0.0352696276270969
0.95,0.0539083364022551
0.95,0.0730224145450738
0.95,0.0349507501668394
0.95,0.0446155342215227
0.95,0.0618482315580385
0.95,0.093677592281827
0.95,0.0294385121077761
0.95,0.0323123130013339
0.95,0.0763633152968256
0.95,0.0720017895974384
0.95,0.0610812118963416
0.95,0.0466095544267013
0.95,0.029167022449892
0.95,0.0155894888732054
0.95,0.103071429929653
0.95,0.0697640523851635
0.95,0.0324841238937823
0.95,0.0248554239286528
0.95,0.0755885535848073
0.95,0.10303860902713
0.95,0.0698193991560361
0.95,0.0342052153034074
0.95,0.0504550335652696
0.95,-0.0070701988490049
0.95,0.0657390312338186
0.95,0.06350140347387
0.95,0.0147388035302995
0.95,-0.0147557617817054
0.95,0.0551393795789749
0.95,0.0443196354815143
0.95,0.0787730329848928
0.95,0.0588440419998868
0.95,0.0154065341848658
0.95,0.0449376095660624
0.95,0.00758032433182079
0.95,0.0427673287734563
0.95,0.0477935929979911
0.95,0.0499854815039602
0.95,0.0703302225796967
0.95,0.0567783518593084
0.95,0.0563993252890076
0.95,0.0333266060917377
0.95,0.0551757232007721
0.95,0.0427015052472908
0.95,0.0655352221480531
0.95,0.0264457094307554
0.95,0.0296244105312123
0.95,0.0249980463257266
0.95,0.0500099989742061
0.95,0.0614825045755735
0.95,0.0316677759031283
0.95,0.0480990220592131
0.95,0.0570642696669823
0.95,0.0647451407360663
0.95,0.0483284447732966
0.95,0.0466743858041586
0.95,0.0841693603619705
0.95,0.0488105190567369
0.95,0.0307943105575296
0.95,0.0536734821844956
0.95,0.0799883616148627
0.95,0.0695034271710244
0.95,0.0558346172992615
0.95,0.0357983144769985
0.95,-0.003178261102584
0.95,0.0725003588088939
0.95,0.0342903196513921
0.95,0.0658944874942887
0.95,0.0443096147297686
0.95,0.0581269689529208
0.95,0.0611947921286266
0.95,0.0442637358254049
0.95,0.0591391967147466
0.95,0.0698378952084073
0.95,0.0236879922818884
0.95,0.0228731159595655
0.95,0.0329390816323372
0.95,0.0632524441836972
0.95,0.0162778429082691
0.95,0.0468074616402711
0.95,0.0463428228078841
0.95,0.0437786499819423
0.95,0.0540571962146955
0.95,0.0717897112372144
0.95,0.0483343136855706
0.95,0.108522409552462
0.95,0.024428521826301
0.95,0.0508007954696287
0.95,0.068476383580193
0.95,0.0560862583502407
0.95,0.0174025242179723
0.95,0.104253529906983
0.95,0.0348875967739767
0.95,0.0782479007532607
0.95,0.0485746992619155
0.95,0.0413155288068418
0.95,0.0424084300529639
0.95,0.0303995669752987
0.95,0.0546114734966494
0.95,0.0432829825400622
0.95,0.091517462031003
0.95,0.0438040890244771
0.95,0.0403788793165794
0.95,0.0856836742320763
0.95,0.00896154677743514
0.95,0.0168511625585978
0.95,0.0178469757331558
0.95,0.0306742795206071
0.95,0.00425734330573453
0.95,0.0395824272048585
0.95,0.0200192910627519
0.95,0.0869897355519809
0.95,0.0822486980846335
0.95,0.0644823622757533
0.95,0.0552250846872546
0.95,0.0218752764267483
0.95,0.0365742876595754
0.95,-0.0418435821163309
0.95,0.0584265904935411
0.95,0.0485520260598325
0.95,0.0151714395600523
0.95,0.0745319993276082
0.95,0.0158540354401508
0.95,0.0406157611431965
0.95,0.027389033165965
0.95,0.0304087782695579
0.95,0.0790681861875396
0.95,0.0201624188342327
0.95,0.0543461535366869
0.95,0.0571295856083871
0.95,0.0597719963769618
0.95,0.0325368438960108
0.95,0.030348808449227
0.95,0.0410090121850021
0.95,0.0495093778836906
0.95,0.041135392032789
0.95,-0.0112966583831768
0.95,0.0342822596703356
0.95,0.0593485378723752
0.95,0.0549155053837285
0.95,0.0267843380532161
0.95,0.068173345735846
0.95,0.0431650677594049
0.95,0.0670908946934349
0.95,0.0352511980776911
0.95,0.0962292272226576
0.95,0.0567029740591543
0.95,0.0801394919428398
0.95,0.0292024376364317
0.95,0.0562280110194458
0.95,0.0706306571818464
0.95,0.0540205423439443
0.95,0.0888166547650862
0.95,0.0602856426012006
0.95,0.0322700906000358
0.95,0.0540658408879336
0.95,0.00327215564390095
0.95,0.114927472394489
0.95,0.0623265708110377
0.95,0.0611280656045468
0.95,0.0444606112974963
0.95,0.0211733206973647
0.95,0.0302317565297661
0.95,0.0215764141363697
0.95,0.0321874928327747
0.95,0.012339035060656
0.95,0.0549941952102978
0.95,0.0538621321672643
0.95,0.0535567401342362
0.95,0.0356869084809914
0.95,0.0809792747998204
0.95,0.0462014840748432
0.95,0.0283522507940931
0.95,0.0499570959685064
0.95,0.0447595390587872
0.95,0.0290438075304405
0.95,0.0357141783680028
0.95,0.0532477920091581
0.95,0.0711233556692951
0.95,0.0854612014426171
0.95,0.0369218199735857
0.95,0.0289559942539126
0.95,0.0511793398888431
0.95,0.0414814155955172
0.95,0.0590134716077894
0.95,0.028234268808591
0.95,0.0424692414471421
0.95,0.0322341411564511
0.95,0.0388433268300522
0.95,0.0601001014872002
0.95,0.0179478319631802
0.95,0.0212318717950078
0.95,0.0571365454451326
0.95,0.0236070100782486
0.95,0.0692937000488585
0.95,0.0283992813423749
0.95,-0.00224746760812838
0.95,0.0459042021802827
0.95,0.0374866162222413
0.95,0.0549764859688944
0.95,0.0597338862862949
0.95,0.0689595680126558
0.95,0.00749327792653885
0.95,0.0420527090345193
