"estimator","value"
"Sample mean",0.0297381235681647
"Sample mean",0.00494566099968863
"Sample mean",0.0411745365078741
"Sample mean",0.0718016569878594
"Sample mean",0.0901965187164105
"Sample mean",0.0456788658270193
"Sample mean",0.085870360486813
"Sample mean",0.0670912980089216
"Sample mean",0.0726167152294278
"Sample mean",0.0222339059392123
"Sample mean",0.0108839722926752
"Sample mean",0.00528282528031174
"Sample mean",0.0941255205517295
"Sample mean",0.0830544279213318
"Sample mean",0.0432885571233938
"Sample mean",0.0895463343133112
"Sample mean",0.0822418892239395
"Sample mean",0.076785785430369
"Sample mean",-0.0086199236218348
"Sample mean",0.0325375828207085
"Sample mean",0.0822042247722759
"Sample mean",0.0455637172464809
"Sample mean",0.0153655222002652
"Sample mean",0.0397233681257744
"Sample mean",0.045056365011666
"Sample mean",-0.0142234420961559
"Sample mean",0.0285386572888665
"Sample mean",0.0543470061465943
"Sample mean",0.0385094982900722
"Sample mean",0.0488750499028753
"Sample mean",0.0373624826164591
"Sample mean",0.0294839451703984
"Sample mean",0.080908937585123
"Sample mean",0.050771621869172
"Sample mean",0.0229935700385016
"Sample mean",0.0550992471846822
"Sample mean",0.065122190774808
"Sample mean",0.0340509362288789
"Sample mean",0.040134915698789
"Sample mean",0.0283656784516823
"Sample mean",0.0154001790653305
"Sample mean",0.0690975727931671
"Sample mean",0.0397830776718534
"Sample mean",0.0761130531188615
"Sample mean",0.0270314395455246
"Sample mean",0.0401378804115969
"Sample mean",0.0459469262919866
"Sample mean",0.105208394427327
"Sample mean",0.0527399061368309
"Sample mean",0.0567526436177348
"Sample mean",0.0448064484894639
"Sample mean",0.0420382694648377
"Sample mean",0.0330753757906011
"Sample mean",0.083040743544512
"Sample mean",0.0390312190537709
"Sample mean",0.0196192713012524
"Sample mean",0.0866011515815064
"Sample mean",0.0140326163405555
"Sample mean",0.0286385098652789
"Sample mean",0.0504398918288781
"Sample mean",0.061096959603198
"Sample mean",0.0563395658871814
"Sample mean",0.0687836967814201
"Sample mean",0.0419793534255394
"Sample mean",0.0389285945384992
"Sample mean",0.0198342200057577
"Sample mean",0.0166106539880702
"Sample mean",0.0374999019779276
"Sample mean",0.0445312061762724
"Sample mean",0.0609712790795854
"Sample mean",0.0807391377020642
"Sample mean",0.0154444292561606
"Sample mean",0.0503292171812851
"Sample mean",0.058455874711733
"Sample mean",0.093656929473624
"Sample mean",-0.0106566965740791
"Sample mean",0.0621784152709146
"Sample mean",0.0839384810918796
"Sample mean",0.0311001010962231
"Sample mean",0.0438700755822131
"Sample mean",0.0677638525337155
"Sample mean",0.0572892752914315
"Sample mean",0.0857123988772843
"Sample mean",0.0600998023638758
"Sample mean",0.0697876739841125
"Sample mean",0.0375178329979911
"Sample mean",0.057091374923381
"Sample mean",0.0656088380866353
"Sample mean",0.0684797852273746
"Sample mean",0.094761447606613
"Sample mean",0.0356972686102687
"Sample mean",0.0831357613828889
"Sample mean",0.0180941242663676
"Sample mean",-0.00364465321248359
"Sample mean",0.0668696157584801
"Sample mean",0.0604166270781455
"Sample mean",0.0820314168901533
"Sample mean",0.109442231505397
"Sample mean",0.0322050187134008
"Sample mean",0.068553059478271
"Sample mean",0.114472431608766
"Sample mean",0.0155186848928692
"Sample mean",0.0707698649020398
"Sample mean",0.0451347238105122
"Sample mean",0.026034691473786
"Sample mean",0.0805424082621325
"Sample mean",0.0623238926506058
"Sample mean",0.0752417459371658
"Sample mean",0.0127780037465644
"Sample mean",0.0491009409067718
"Sample mean",0.0865084646641387
"Sample mean",0.0381754678177596
"Sample mean",0.0775576822530249
"Sample mean",0.0510744186360844
"Sample mean",0.0527007692985413
"Sample mean",0.0635890263659435
"Sample mean",0.0821185392847017
"Sample mean",0.0743238968742586
"Sample mean",0.0186584612595702
"Sample mean",0.0627158043914614
"Sample mean",0.0537603894747707
"Sample mean",0.085874021557608
"Sample mean",0.0465449486576452
"Sample mean",0.0790183476888735
"Sample mean",0.00152198370244378
"Sample mean",0.00870446427042517
"Sample mean",0.0885764698069462
"Sample mean",0.0473897618175722
"Sample mean",0.0596100038265927
"Sample mean",0.0638957257309832
"Sample mean",0.0527444291796971
"Sample mean",0.0395901207146321
"Sample mean",0.0434903745648151
"Sample mean",0.0371139939196611
"Sample mean",0.0381252289139967
"Sample mean",0.0807769259251826
"Sample mean",0.017593763108073
"Sample mean",0.0803843198225829
"Sample mean",0.0364154562605314
"Sample mean",0.107245086298447
"Sample mean",0.0522919805135257
"Sample mean",0.0482279240582025
"Sample mean",0.0742156275551349
"Sample mean",0.0316023126057244
"Sample mean",0.0650684519106248
"Sample mean",0.0313199804695665
"Sample mean",0.0657082005346218
"Sample mean",0.0450961039107281
"Sample mean",0.0641557616441303
"Sample mean",0.0655779759522926
"Sample mean",0.096167080310301
"Sample mean",0.0630753551813526
"Sample mean",0.0454456881626166
"Sample mean",-0.0236178417161703
"Sample mean",0.0338884798987923
"Sample mean",0.0442195730573192
"Sample mean",0.0701188399518893
"Sample mean",0.0346043157404103
"Sample mean",0.053537785140982
"Sample mean",0.0789999631950791
"Sample mean",0.0511662414204979
"Sample mean",0.0342025888924953
"Sample mean",0.108987942020849
"Sample mean",0.000939230913064374
"Sample mean",0.0566958224313145
"Sample mean",0.0446472606396237
"Sample mean",0.0401810372248746
"Sample mean",0.0730972845334791
"Sample mean",0.043333044767803
"Sample mean",0.0428857095077543
"Sample mean",0.00791161101572363
"Sample mean",0.0722755805282975
"Sample mean",0.0240834387956127
"Sample mean",0.0501321479987717
"Sample mean",0.0212367309280461
"Sample mean",0.0275244819033763
"Sample mean",-0.0156900267945291
"Sample mean",0.0382990778268426
"Sample mean",0.0852310781209075
"Sample mean",0.0279709602524395
"Sample mean",0.058836477532951
"Sample mean",0.0199168776142486
"Sample mean",0.0478615350469006
"Sample mean",0.0683830593722641
"Sample mean",0.0180474249699133
"Sample mean",0.0449614083222949
"Sample mean",0.0199634038805814
"Sample mean",0.0284063698575748
"Sample mean",0.0872596002301135
"Sample mean",0.0770919282172887
"Sample mean",0.0753206347680485
"Sample mean",0.0792012096770809
"Sample mean",0.0490708037028011
"Sample mean",0.0161278693634064
"Sample mean",-0.0119718152430813
"Sample mean",0.0684827641420118
"Sample mean",0.00283526537580831
"Sample mean",0.0183345556758053
"Sample mean",0.09664680786297
"Sample mean",0.0585474189959152
"Sample mean",0.0675591604689703
"Sample mean",0.0482642264384543
"Sample mean",0.0289200398593323
"Sample mean",0.10739934152553
"Sample mean",0.0322460112632589
"Sample mean",0.0407497258855153
"Sample mean",0.0420001462157012
"Sample mean",0.0188583551089285
"Sample mean",0.0792405512670163
"Sample mean",0.0342793764732329
"Sample mean",0.0470729541091366
"Sample mean",0.0164341091245181
"Sample mean",0.0222307066849395
"Sample mean",0.05909846536945
"Sample mean",0.0218256496376854
"Sample mean",-0.0073133282672592
"Sample mean",0.0462942536303631
"Sample mean",0.0158591489912993
"Sample mean",0.0319316362816576
"Sample mean",0.0229755510363149
"Sample mean",0.0665468484119237
"Sample mean",0.0358744988015935
"Sample mean",0.0551259139371778
"Sample mean",0.0612988701018323
"Sample mean",0.0379343331622537
"Sample mean",0.0341558500099933
"Sample mean",0.0563837615658672
"Sample mean",0.0246686947315026
"Sample mean",0.0347935619625677
"Sample mean",0.0482184979805407
"Sample mean",0.0434601454006671
"Sample mean",0.0760220935356167
"Sample mean",0.0518955500555838
"Sample mean",0.0384921861105156
"Sample mean",0.0665494211880138
"Sample mean",0.0553246274770871
"Sample mean",0.0729560529836065
"Sample mean",0.0573209715198342
"Sample mean",0.0131904605607478
"Sample mean",0.0794347906567944
"Sample mean",-0.0223956423417576
"Sample mean",0.0498193175966104
"Sample mean",0.0498063764624473
"Sample mean",-0.00229958990371924
"Sample mean",0.0380496909040592
"Sample mean",0.0582892202120424
"Sample mean",0.0471848302816022
"Sample mean",0.0621715087570641
"Sample mean",0.0366813230093465
"Sample mean",0.0223122918842828
"Sample mean",0.0490982401459331
"Sample mean",0.0680597589308857
"Sample mean",0.121687086798879
"Sample mean",-0.00596922111194645
"Sample mean",0.049077406136692
"Sample mean",0.0117231950190902
"Sample mean",0.038332035955836
"Sample mean",0.0543593085169708
"Sample mean",0.01410623481892
"Sample mean",0.0560106886616938
"Sample mean",0.0241262807849832
"Sample mean",0.0617060950471024
"Sample mean",0.0822597657335578
"Sample mean",0.103388351607783
"Sample mean",0.0823761185722932
"Sample mean",0.0644310167373528
"Sample mean",0.0613017539536977
"Sample mean",0.051048771699707
"Sample mean",0.0927873407576105
"Sample mean",0.0862698421975756
"Sample mean",0.0111846528862544
"Sample mean",0.066599240398714
"Sample mean",0.0419365812240964
"Sample mean",0.0501315607062233
"Sample mean",0.055302809274501
"Sample mean",0.0641038095381578
"Sample mean",0.0352079302707478
"Sample mean",0.0218466248814412
"Sample mean",0.0787386258054932
"Sample mean",0.0655635374807518
"Sample mean",0.00999096515947995
"Sample mean",0.0369859607892242
"Sample mean",0.0688197454610138
"Sample mean",0.0407194372305104
"Sample mean",0.0766196391724617
"Sample mean",0.00935127182557982
"Sample mean",0.049512236001098
"Sample mean",0.0733304077299136
"Sample mean",0.0793371484979392
"Sample mean",0.0532842750599224
"Sample mean",0.0154373296069438
"Sample mean",0.0559832478322271
"Sample mean",0.0513340489639835
"Sample mean",0.0606565340276769
"Sample mean",0.0705100531559446
"Sample mean",0.033344909092676
"Sample mean",0.0490144496038118
"Sample mean",0.0379892438082427
"Sample mean",0.0711665469255335
"Sample mean",0.0628970453314287
"Sample mean",0.0308155643356433
"Sample mean",0.074546556574379
"Sample mean",0.0555112969429025
"Sample mean",0.0613226971011094
"Sample mean",0.0547209087640408
"Sample mean",0.0259782472531671
"Sample mean",0.101665738436194
"Sample mean",0.0258826913856373
"Sample mean",0.040552729435861
"Sample mean",0.0759219547776364
"Sample mean",0.0349762518331376
"Sample mean",0.0366279550681727
"Sample mean",0.0540513832053654
"Sample mean",0.0132409132550716
"Sample mean",0.0213603948959088
"Sample mean",0.081462784628583
"Sample mean",0.041273379675095
"Sample mean",0.0766539435719273
"Sample mean",0.0440508453204366
"Sample mean",0.0602996749946133
"Sample mean",0.0497154652109449
"Sample mean",0.0234985470756178
"Sample mean",-0.0355031418577987
"Sample mean",0.0944186338447647
"Sample mean",0.0466956009326275
"Sample mean",0.0430669046705512
"Sample mean",-0.0127529471557931
"Sample mean",0.0700377771383238
"Sample mean",0.0204014337848945
"Sample mean",0.0418417996716517
"Sample mean",0.0276197785788784
"Sample mean",0.0992078445134596
"Sample mean",0.0441293199137997
"Sample mean",0.0457702176551151
"Sample mean",0.0667501796149709
"Sample mean",0.0788810524652877
"Sample mean",0.0749390433157694
"Sample mean",-0.00868717222615774
"Sample mean",0.00627352052889377
"Sample mean",0.0107213509307366
"Sample mean",0.0625475309022633
"Sample mean",0.0628672029877208
"Sample mean",0.0368895144287453
"Sample mean",0.0508799512000245
"Sample mean",0.0564869829060719
"Sample mean",0.0176091929891445
"Sample mean",0.0748170034466427
"Sample mean",0.142219399122262
"Sample mean",0.0443973979838291
"Sample mean",0.0583401248804099
"Sample mean",0.0496315278355794
"Sample mean",0.0636368691503841
"Sample mean",0.0281460615730035
"Sample mean",0.0409078683040597
"Sample mean",0.0449585266784314
"Sample mean",0.0714277198287617
"Sample mean",0.0633590290039172
"Sample mean",0.0462793511659544
"Sample mean",0.0109443714986585
"Sample mean",0.0644172410364542
"Sample mean",0.026466165177683
"Sample mean",0.0309573617406674
"Sample mean",-0.00112114933099172
"Sample mean",0.0455966539519487
"Sample mean",0.065033134454579
"Sample mean",0.0296472995457108
"Sample mean",0.00370897358323656
"Sample mean",0.00678871036514841
"Sample mean",0.05461222633943
"Sample mean",0.0982255734474769
"Sample mean",0.0478213821118774
"Sample mean",0.0300585425448456
"Sample mean",0.0173031347924709
"Sample mean",0.0998524154222227
"Sample mean",0.079882419066861
"Sample mean",0.0397682530050966
"Sample mean",0.0253756368272144
"Sample mean",0.0792494850168365
"Sample mean",0.0524001062325005
"Sample mean",0.0388987688887642
"Sample mean",0.0754910043803659
"Sample mean",0.00765867130868991
"Sample mean",0.0792227384547711
"Sample mean",0.0568770327640435
"Sample mean",0.00882165394946015
"Sample mean",0.0408201461845255
"Sample mean",0.0609060391498887
"Sample mean",0.101984737244443
"Sample mean",-0.0129034426507463
"Sample mean",0.0337677873924828
"Sample mean",0.0260338069033347
"Sample mean",0.0677273382425559
"Sample mean",0.0496700355198772
"Sample mean",0.0586770893153845
"Sample mean",0.0731447007334876
"Sample mean",0.0622222561864376
"Sample mean",0.0789005279154659
"Sample mean",0.0749559027782734
"Sample mean",0.00944900320634969
"Sample mean",0.0305012226044543
"Sample mean",0.0678008014314445
"Sample mean",0.0941684116674711
"Sample mean",0.0294323043454533
"Sample mean",0.0483692280757387
"Sample mean",0.00905438254376564
"Sample mean",0.020414837390127
"Sample mean",0.0586079789342932
"Sample mean",0.0320740270241089
"Sample mean",0.0386801576200658
"Sample mean",0.0220059679318013
"Sample mean",0.0385316482127134
"Sample mean",0.0379030350372816
"Sample mean",0.072814810218966
"Sample mean",0.0535371191658624
"Sample mean",0.0195896917984896
"Sample mean",0.104778612985655
"Sample mean",0.0458904581174367
"Sample mean",0.0291343213094381
"Sample mean",0.0347963222190442
"Sample mean",0.0613110825387974
"Sample mean",0.0484814407960136
"Sample mean",0.0202772094559093
"Sample mean",0.083456428330573
"Sample mean",0.0789757499697268
"Sample mean",-0.00374980754340114
"Sample mean",0.0508816658260899
"Sample mean",0.0413189539729638
"Sample mean",0.0275068243909386
"Sample mean",0.041327989667793
"Sample mean",0.0165352466312992
"Sample mean",0.113086710735969
"Sample mean",0.0871762829429634
"Sample mean",0.0663646445693409
"Sample mean",0.0319384224684758
"Sample mean",0.0484943739425979
"Sample mean",0.0413980198180095
"Sample mean",0.0177926600728412
"Sample mean",0.0430523056904505
"Sample mean",0.0172942360878402
"Sample mean",0.0224518304780692
"Sample mean",0.0530904745897133
"Sample mean",0.0483467429468694
"Sample mean",0.0508861346229103
"Sample mean",0.0249700317125906
"Sample mean",0.0421480436146912
"Sample mean",0.0517918888906037
"Sample mean",0.0433458982113497
"Sample mean",0.105064693456192
"Sample mean",0.037639188665003
"Sample mean",0.0131019377577118
"Sample mean",-0.00546466042204539
"Sample mean",0.0725896863909007
"Sample mean",0.0437535156046239
"Sample mean",0.0362981895514649
"Sample mean",0.0741792022988297
"Sample mean",0.0581103479364684
"Sample mean",0.066567860237594
"Sample mean",0.0848787758546878
"Sample mean",0.0640962976061851
"Sample mean",0.0745176058283515
"Sample mean",0.031960446700271
"Sample mean",0.0155678641522459
"Sample mean",0.0683008216504921
"Sample mean",0.0829262612160362
"Sample mean",0.0135151108059661
"Sample mean",0.0859476782411265
"Sample mean",0.0130057789294764
"Sample mean",0.0452425998886078
"Sample mean",0.0472063356321039
"Sample mean",-0.0263921409388954
"Sample mean",0.0517482435716864
"Sample mean",0.04943524794125
"Sample mean",0.0293641617291168
"Sample mean",0.0593012475410556
"Sample mean",0.0185076719271338
"Sample mean",0.0176529833837893
"Sample mean",0.0833091829154824
"Sample mean",0.0376133064994151
"Sample mean",0.0286378179788841
"Sample mean",0.121055985464162
"Sample mean",0.0426070079587338
"Sample mean",0.0973549073957931
"Sample mean",0.0242452069170119
"Sample mean",0.0527838426762341
"Sample mean",0.0796406541647157
"Sample mean",0.0732611073252008
"Sample mean",0.0353843741083944
"Sample mean",0.0529591460011322
"Sample mean",0.0724065411706539
"Sample mean",0.0602699713780318
"Sample mean",0.0507548877468732
"Sample mean",0.0833527668721783
"Sample mean",0.0662453140890463
"Sample mean",0.0488863992828837
"Sample mean",0.0671021397046389
"Sample mean",0.0623570294528577
"Sample mean",0.127216734344376
"Sample mean",0.0318254441419357
"Sample mean",0.0769382016865758
"Sample mean",0.0684608387139281
"Sample mean",0.0979292159247242
"Sample mean",0.0427560149770143
"Sample mean",0.020837062506121
"Sample mean",0.0877798961061799
"Sample mean",0.0136602386663599
"Sample mean",0.0586424721595496
"Sample mean",0.0418198055788978
"Sample mean",0.0550525354328033
"Sample mean",0.0728425394485354
"Sample mean",0.0624494663472274
"Sample mean",0.0607950910218205
"Sample mean",0.057915287130135
"Sample mean",0.0459265378138027
"Sample mean",0.0366544455997196
"Sample mean",0.0786860190150459
"Sample mean",0.0514160790864944
"Sample mean",0.0352798878749193
"Sample mean",0.0756287407960525
"Sample mean",0.0471119727045441
"Sample mean",-0.00780118333313148
"Sample mean",0.0314085245165512
"Sample mean",0.0840394476779044
"Sample mean",0.0798400743049334
"Sample mean",0.0261653908705116
"Sample mean",0.0717118173548942
"Sample mean",0.00862637315696413
"Sample mean",0.0131945339158344
"Sample mean",0.00437584903550941
"Sample mean",0.0477563653876096
"Sample mean",0.0517241000439915
"Sample mean",0.0815701005766601
"Sample mean",0.0118447511687176
"Sample mean",0.0646210672756282
"Sample mean",0.02204320647919
"Sample mean",0.0730738898223271
"Sample mean",0.0395886272385304
"Sample mean",0.0841183935256261
"Sample mean",0.0372836307461984
"Sample mean",0.0666883488927273
"Sample mean",0.0413939270694314
"Sample mean",0.0709270612645172
"Sample mean",0.0390563099399871
"Sample mean",0.0533552981997169
"Sample mean",0.00697949935040555
"Sample mean",-0.00619738165451965
"Sample mean",0.00986207501242442
"Sample mean",-0.0141289754535497
"Sample mean",0.0651806624122724
"Sample mean",0.0650575168580634
"Sample mean",0.0905934247263506
"Sample mean",0.0224887790870635
"Sample mean",0.0667120571580502
"Sample mean",0.0329967253251119
"Sample mean",0.0629407224447747
"Sample mean",0.116783841192784
"Sample mean",0.036619504561496
"Sample mean",0.0439146009078242
"Sample mean",0.052271077595894
"Sample mean",0.0673397677524615
"Sample mean",0.0259077151650033
"Sample mean",0.0233185993014326
"Sample mean",0.0310466972581581
"Sample mean",0.06350321052238
"Sample mean",0.0788026078567884
"Sample mean",0.0309376528053001
"Sample mean",0.0624518316426163
"Sample mean",0.054767188791447
"Sample mean",0.0796263370094745
"Sample mean",0.0367759330812554
"Sample mean",0.0382138366846674
"Sample mean",0.0571223069361314
"Sample mean",0.0300110323619747
"Sample mean",-0.0156847442460048
"Sample mean",0.0539969244465988
"Sample mean",0.0490385748570862
"Sample mean",0.062131075951503
"Sample mean",0.0371149214072738
"Sample mean",0.0218157856597666
"Sample mean",0.022333919232888
"Sample mean",0.0126729123674017
"Sample mean",0.012844093133493
"Sample mean",0.0315223307229022
"Sample mean",0.0513591797781873
"Sample mean",0.0314649553514451
"Sample mean",0.0362283639680259
"Sample mean",0.033469750877758
"Sample mean",0.0158573467173234
"Sample mean",0.060146136803586
"Sample mean",0.0396682180841717
"Sample mean",0.037626344200282
"Sample mean",0.0197662637392855
"Sample mean",0.0635175366033171
"Sample mean",0.0428276648838434
"Sample mean",0.034723914192171
"Sample mean",0.0117354946286671
"Sample mean",0.0628651746422302
"Sample mean",0.0697879704036665
"Sample mean",0.0435143387792797
"Sample mean",0.0246141228619444
"Sample mean",0.0244704408107637
"Sample mean",0.0329813374715961
"Sample mean",0.0811798651896901
"Sample mean",0.0354146357999807
"Sample mean",0.0559976988583829
"Sample mean",0.0692228038000781
"Sample mean",0.0424482918992754
"Sample mean",0.0469960501031564
"Sample mean",0.01823826146835
"Sample mean",0.0448380805727961
"Sample mean",0.0435867185525381
"Sample mean",0.0833484385537832
"Sample mean",0.0370883370929189
"Sample mean",0.0705415544000483
"Sample mean",0.0413263089145974
"Sample mean",0.00940886473215686
"Sample mean",0.0700176717932807
"Sample mean",0.0232359243850856
"Sample mean",0.0876929001337675
"Sample mean",0.073897861860318
"Sample mean",0.033196719924304
"Sample mean",0.0383172659596067
"Sample mean",0.0488339250486626
"Sample mean",0.00895860823517182
"Sample mean",0.0380602151452752
"Sample mean",-0.0087945348589797
"Sample mean",0.0240738214765625
"Sample mean",0.0714739665328836
"Sample mean",-0.0157079520977364
"Sample mean",0.0246910064760145
"Sample mean",0.0842461422709381
"Sample mean",0.0466763513273783
"Sample mean",0.0723686982403717
"Sample mean",0.0986693633030068
"Sample mean",0.093141501470515
"Sample mean",0.0388259449430472
"Sample mean",0.0914184259858028
"Sample mean",-0.0167854207749005
"Sample mean",0.00504002345738852
"Sample mean",0.0230936315889512
"Sample mean",0.0168031528641046
"Sample mean",0.0316711956312839
"Sample mean",0.0450764041743077
"Sample mean",0.0502493518998019
"Sample mean",0.0880010967209708
"Sample mean",0.0368389316931052
"Sample mean",0.0319098251233407
"Sample mean",-0.0143904717646428
"Sample mean",0.0624992481471778
"Sample mean",0.0212153440634189
"Sample mean",0.0412939648667263
"Sample mean",0.073400543820656
"Sample mean",0.084441812437916
"Sample mean",0.0803192933890506
"Sample mean",0.0441940961665763
"Sample mean",0.0672186316916306
"Sample mean",0.0316359279512307
"Sample mean",0.0444051131042396
"Sample mean",0.0557655748097733
"Sample mean",0.0201815475453853
"Sample mean",0.0515187239212876
"Sample mean",0.068446024758417
"Sample mean",0.0375155769956351
"Sample mean",-0.00138507141442447
"Sample mean",0.07495723308792
"Sample mean",0.0271772643570841
"Sample mean",0.0555368004699743
"Sample mean",0.0176645134400097
"Sample mean",0.0644284342864468
"Sample mean",0.072641523714428
"Sample mean",0.0623158365597723
"Sample mean",0.0378580337211006
"Sample mean",0.0111152269382207
"Sample mean",0.0763234103038535
"Sample mean",0.052350204753285
"Sample mean",0.0445449015225578
"Sample mean",0.0801972566594937
"Sample mean",0.078770347751116
"Sample mean",0.0381420405196568
"Sample mean",0.0447008954151755
"Sample mean",0.0785691629964266
"Sample mean",0.0253151538023428
"Sample mean",0.0265494105923792
"Sample mean",0.0428291576497658
"Sample mean",0.0197975353188251
"Sample mean",0.062814954564085
"Sample mean",0.0255769617092429
"Sample mean",0.0910797352166519
"Sample mean",0.0664111241030949
"Sample mean",0.0312705190710477
"Sample mean",0.0585306037552725
"Sample mean",0.046204286824178
"Sample mean",0.0702631076877822
"Sample mean",0.0412693730097029
"Sample mean",0.0629156906884452
"Sample mean",0.0284450969662958
"Sample mean",0.0905136349856756
"Sample mean",0.0775754292192263
"Sample mean",0.0760352197319581
"Sample mean",0.0659812802432971
"Sample mean",0.0320243755820523
"Sample mean",0.0707118247273568
"Sample mean",0.0416051267641132
"Sample mean",0.0233293739037368
"Sample mean",0.0592369461568303
"Sample mean",0.0512981600269452
"Sample mean",0.0696174820054663
"Sample mean",-0.0123728100915626
"Sample mean",0.0635968251018495
"Sample mean",0.0596161000577315
"Sample mean",0.0504350334688395
"Sample mean",0.0180552451994391
"Sample mean",0.0355471714758727
"Sample mean",0.0667471179593697
"Sample mean",0.0904407553552116
"Sample mean",0.0506344485758431
"Sample mean",0.0708576318636265
"Sample mean",0.00772355124587738
"Sample mean",0.0240968542384395
"Sample mean",0.0556629982114153
"Sample mean",0.0443760011607096
"Sample mean",0.0794700260784483
"Sample mean",0.0844870320298994
"Sample mean",0.086085297508163
"Sample mean",0.0695913290729158
"Sample mean",0.0978574335165887
"Sample mean",0.0820933539196805
"Sample mean",0.0856044404900303
"Sample mean",0.0275400749897929
"Sample mean",0.0428262451534162
"Sample mean",0.0340832310556665
"Sample mean",0.0292476826274811
"Sample mean",0.0191326632955382
"Sample mean",0.0734540873877106
"Sample mean",0.0797076658575407
"Sample mean",0.0585943404632889
"Sample mean",0.0358651394353172
"Sample mean",0.0816364056203894
"Sample mean",0.0377328415662369
"Sample mean",0.0519623682293641
"Sample mean",0.0458815188395584
"Sample mean",0.0525486241488663
"Sample mean",0.0246115246578435
"Sample mean",0.066101012511529
"Sample mean",0.0536817759629734
"Sample mean",0.0556103807048434
"Sample mean",0.0541000443229451
"Sample mean",0.0250501554477489
"Sample mean",0.041526604396213
"Sample mean",0.0461537984787626
"Sample mean",0.0587036234610843
"Sample mean",0.113623125138816
"Sample mean",0.0522618509923544
"Sample mean",0.0911809652205
"Sample mean",0.0409656959889517
"Sample mean",0.049745099710845
"Sample mean",0.065329792926904
"Sample mean",0.0313732082963896
"Sample mean",0.0866137562598203
"Sample mean",0.0456967206641676
"Sample mean",0.0267479465681301
"Sample mean",0.00749594737895094
"Sample mean",0.009381778012831
"Sample mean",0.0471075251906218
"Sample mean",0.0925759613860575
"Sample mean",0.0315565439674192
"Sample mean",0.0406190299161473
"Sample mean",0.00662557863208011
"Sample mean",0.0649054559095461
"Sample mean",0.0736017540034105
"Sample mean",0.00867792335327624
"Sample mean",0.059976363434697
"Sample mean",0.0905514616977792
"Sample mean",0.0641130594082534
"Sample mean",0.066146715401747
"Sample mean",0.0648432050162079
"Sample mean",0.033037321322646
"Sample mean",0.0266187955227006
"Sample mean",0.0206502919467246
"Sample mean",0.0381787402847718
"Sample mean",0.0180880499736647
"Sample mean",0.0609445602126499
"Sample mean",0.0377433670722047
"Sample mean",0.0651559974179727
"Sample mean",0.0268753048164687
"Sample mean",0.0241832264833187
"Sample mean",0.0401977947402277
"Sample mean",0.0355752885511577
"Sample mean",0.0525399145898583
"Sample mean",0.022795033430459
"Sample mean",0.0764264517539241
"Sample mean",0.0737255263806651
"Sample mean",0.0654740273290854
"Sample mean",0.0230297932068782
"Sample mean",0.0272772295556833
"Sample mean",0.0871879508184174
"Sample mean",0.0580781442899028
"Sample mean",-0.00680084520116812
"Sample mean",0.0417167907324012
"Sample mean",0.0383537980900141
"Sample mean",0.101261585486385
"Sample mean",0.0837943858699702
"Sample mean",0.0992614915789932
"Sample mean",0.0552291988667772
"Sample mean",0.0698824262669686
"Sample mean",0.0255573061091398
"Sample mean",0.0415023386145427
"Sample mean",0.0491843913049115
"Sample mean",0.0873809842370345
"Sample mean",0.0255103287969479
"Sample mean",0.059471817176117
"Sample mean",0.0473163608872807
"Sample mean",0.0945077132171511
"Sample mean",0.08875408650134
"Sample mean",0.0880524158810478
"Sample mean",0.0515742739976865
"Sample mean",0.0274525015911761
"Sample mean",0.0568571301948885
"Sample mean",0.012267717407566
"Sample mean",0.0432252794136481
"Sample mean",0.0355125953874729
"Sample mean",0.010139023044946
"Sample mean",0.0603120311401278
"Sample mean",0.0434194709945059
"Sample mean",-0.0108730207150918
"Sample mean",0.0975595596353724
"Sample mean",0.0328966101679871
"Sample mean",0.0615177497971782
"Sample mean",0.0299203546828093
"Sample mean",0.0323758277178205
"Sample mean",0.0256111364128494
"Sample mean",0.00508008714774646
"Sample mean",0.071526814929913
"Sample mean",0.0814189196862351
"Sample mean",0.0665063269916198
"Sample mean",0.0071596573674508
"Sample mean",0.074951494279508
"Sample mean",0.0245590946390452
"Sample mean",0.0693611225560417
"Sample mean",0.0192095354966848
"Sample mean",0.0175970946519745
"Sample mean",0.0859007203813522
"Sample mean",0.0669849578933327
"Sample mean",0.0310178282402305
"Sample mean",0.0531730929020295
"Sample mean",0.0355403987099553
"Sample mean",0.0540363310502533
"Sample mean",0.0553125744368975
"Sample mean",0.0429990478832657
"Sample mean",0.00245128207338452
"Sample mean",0.0383863275906031
"Sample mean",0.052345608895927
"Sample mean",0.0421208460606724
"Sample mean",0.0709513589207467
"Sample mean",0.0795910708443065
"Sample mean",0.0581994767328661
"Sample mean",0.055885168618267
"Sample mean",0.0593157300791829
"Sample mean",0.0667949047364793
"Sample mean",0.0203348537578837
"Sample mean",0.116856826034586
"Sample mean",0.0344430867433975
"Sample mean",0.0421472796511951
"Sample mean",0.101920163597786
"Sample mean",0.0118005378677185
"Sample mean",0.057932761469617
"Sample mean",-0.00198288825989584
"Sample mean",0.0323799441859059
"Sample mean",0.0293223336210764
"Sample mean",0.00689419689403532
"Sample mean",0.0683880435607061
"Sample mean",0.0636250263025119
"Sample mean",0.0530362181876502
"Sample mean",0.0215015507187698
"Sample mean",0.0954024514414793
"Sample mean",0.0516068344710841
"Sample mean",0.0810394830959
"Sample mean",0.0786671400783661
"Sample mean",0.0422102844170864
"Sample mean",0.0440326804944481
"Sample mean",0.00721874573000451
"Sample mean",0.0240767799475159
"Sample mean",0.111364100442194
"Sample mean",0.0375481173045924
"Sample mean",0.0679367550802372
"Sample mean",0.0526073217059203
"Sample mean",0.0263567050148092
"Sample mean",0.06729597897128
"Sample mean",0.0480218147454105
"Sample mean",0.0382267768491828
"Sample mean",0.0465877628660361
"Sample mean",0.0448471320494786
"Sample mean",0.0746684369110529
"Sample mean",0.0482262158287029
"Sample mean",0.036278463413781
"Sample mean",0.0904530718007468
"Sample mean",0.0522504031273353
"Sample mean",0.0119454480222223
"Sample mean",0.0256059754401216
"Sample mean",0.0661122352244629
"Sample mean",0.0232711185923989
"Sample mean",0.0602410623191883
"Sample mean",0.0147607543754285
"Sample mean",0.0860518444565637
"Sample mean",0.0815508086931372
"Sample mean",0.0582115565488099
"Sample mean",0.0484285182473963
"Sample mean",0.0479263145775021
"Sample mean",0.0368242268545109
"Sample mean",0.0745677155918212
"Sample mean",0.0170028005493734
"Sample mean",0.0109295037489069
"Sample mean",0.0359781171234232
"Sample mean",0.0739265387026374
"Sample mean",0.0758246515210978
"Sample mean",0.0927231550947076
"Sample mean",-0.00822180830310879
"Sample mean",0.11033471256946
"Sample mean",0.0708749066904975
"Sample mean",0.0430915905772332
"Sample mean",0.0451572052629808
"Sample mean",0.0572847285652211
"Sample mean",0.0509668044251492
"Sample mean",0.0502012576465219
"Sample mean",0.0300917397109239
"Sample mean",0.0464779379748627
"Sample mean",0.0664318964364465
"Sample mean",0.0224432817345665
"Sample mean",0.0902158249266976
"Sample mean",0.0472072570872165
"Sample mean",0.0510706887116691
"Sample mean",0.0697287076301912
"Sample mean",-0.0289645540288229
"Sample mean",0.0714713200780301
"Sample mean",0.0850983597184022
"Sample mean",0.046314834819185
"Sample mean",0.0140705881144048
"Sample mean",0.0258016919367994
"Sample mean",0.0798172627717611
"Sample mean",0.0753078675097422
"Sample mean",0.0543726357859607
"Sample mean",0.0688671199148066
"Sample mean",0.0213498791260974
"Sample mean",0.00324976068894874
"Sample mean",0.0486366446845093
"Sample mean",0.0665408297838993
"Sample mean",0.0128741943113647
"Sample mean",0.0558970990566969
"Sample mean",0.0974025225992952
"Sample mean",0.0347162883233596
"Sample mean",0.0138053243065516
"Sample mean",0.0603950290647238
"Sample mean",0.0517719080198194
"Sample mean",0.0730960063833673
"Sample mean",0.0389343869544011
"Sample mean",0.0688398415540723
"Sample mean",0.0203259009261671
"Sample mean",0.053474188868438
"Sample mean",0.0560087031607028
"Sample mean",0.0781784948775621
"Sample mean",0.0498692788001008
"Sample mean",0.0380172382932166
"Sample mean",0.0522147982047358
"Sample mean",0.0291107591141251
"Sample mean",0.0610056279037666
"Sample mean",0.0370940270934427
"Sample mean",0.0137838932077502
"Sample mean",0.0666977119396876
"Sample mean",0.0465580091650317
"Sample mean",0.00544966801204213
"Sample mean",0.056596453192881
"Sample mean",0.0504646442476032
"Sample mean",-0.00146289495991612
"Sample mean",0.0270346992325756
"Sample mean",0.056852704616237
"Sample mean",0.0761256262564372
"Sample mean",0.0457041419719643
"Sample mean",0.0428188287594423
"Sample mean",0.0943056376274582
"Sample mean",0.0563300760128217
"Sample mean",0.0141157093471444
"Sample mean",0.024841942614723
"Sample mean",0.0481207056006637
"Sample mean",0.0658334624215989
"Sample mean",0.0454326893735958
"Sample mean",0.00737001023355414
"Sample mean",0.0153524905352567
"Sample mean",0.0687389197818803
"Sample mean",0.0270560090676859
"Sample mean",0.0680028961020578
"Sample mean",0.0655802437832695
"Sample mean",0.0479210498561543
"Sample mean",0.0119122825488484
"Sample mean",0.0796262268575695
"Sample mean",0.00941273802692301
"Sample mean",0.070764844503118
"Sample mean",0.0724738223533531
"Sample mean",0.0691016804540553
"Sample mean",0.0368636550207741
"Sample mean",0.0356178912842356
"Sample mean",0.0450089118031446
"Sample mean",0.106331187323363
"Sample mean",0.0281760006386394
"Sample mean",0.101092973474241
"Sample mean",0.0700459665828777
"Sample mean",0.103384443523331
"Sample mean",0.0578148778772339
"Sample mean",0.0559181742668545
"Sample mean",0.051961422526841
"Sample mean",0.0547484185202313
"Sample mean",0.0669793025270156
"Sample mean",0.0652881705514493
"Sample mean",0.0471510851081983
"Sample mean",0.0409770366120093
"Sample mean",0.0271963372006531
"Sample mean",0.058716800659936
"Sample mean",0.0868207734498103
"Sample mean",0.0806152158506787
"Sample mean",0.0349416196226719
"Sample mean",0.0548602590754167
"Sample mean",0.0475868101981309
"Sample mean",0.0515136897806948
"Sample mean",0.0284191660737972
"Sample mean",0.0502484979026786
"Sample mean",0.0660851638217697
"Sample mean",0.061389058556773
"Sample mean",0.00183197831099647
"Sample mean",0.0563834228585154
"Sample mean",0.0362488274603274
"Sample mean",0.0982581536286781
"Sample mean",0.0743159135037625
"Sample mean",0.0900971397467455
"Sample mean",0.0346706326491082
"Sample mean",0.0370259001504505
"Sample mean",0.0588011415754003
"Sample mean",-0.00360603195818515
"Sample mean",0.0484693964450713
"Sample mean",0.0710814040076026
"Sample mean",0.0575118502301745
"Sample mean",0.0784513960721683
"Sample mean",0.103308026170602
"Sample mean",0.0222137826363232
"Sample mean",-0.0123557423954616
"Sample mean",0.054254801076303
"Sample mean",0.0388992082689371
"Sample mean",0.0489038268421121
"Sample mean",0.0195937784432917
"Sample mean",0.0726569860571912
"Sample mean",0.0720220229384794
"Sample mean",0.0297174026579923
"Sample mean",0.0691156417530567
"Sample mean",0.0218418567163881
"Sample mean",0.0531133913664637
"Sample mean",0.0907104019800082
"Sample mean",0.0798794162297097
"Sample mean",0.0404679747643574
"Sample mean",0.0771040908429442
"Sample mean",0.053994388698897
"Sample mean",0.0421984577146175
"Sample mean",0.00816721167775261
"Sample mean",0.0472088201037481
"Sample mean",0.0394665040056983
"Sample mean",0.0607796119154627
"Sample mean",0.0450930258557934
"Sample mean",0.0128808861831551
"Sample mean",0.0571422552116317
"Sample mean",0.0191987728996863
"Sample mean",0.01900519777689
"Sample mean",0.0736639437510742
"Sample mean",0.0718500037989534
"Sample mean",0.0741362829253798
"Sample mean",0.000448673364278457
"Sample mean",0.0946889972524624
"Sample mean",0.0170881493252508
"Sample mean",0.0670606704649505
"Sample mean",0.0492582481840821
"Sample mean",0.0707293765261399
"Sample mean",-0.00388337111080938
"Sample mean",0.0885482453954326
"Sample mean",0.060468690428219
"Sample mean",0.0598544275901674
"Sample mean",0.0294557460843259
"Sample mean",0.0324181014888932
"Sample mean",0.0264136297578404
"Sample mean",0.0291842912462942
"Sample mean",0.0139716145540667
"Sample mean",0.0757706034530921
"Sample mean",0.0948053258873156
"Sample mean",0.0533906848698082
"Sample mean",0.0864645630112543
"Sample mean",0.00648595218712202
"Sample mean",0.102854405417827
"Sample mean",0.0292932332417921
"Sample mean",0.0230753192072163
"Sample mean",0.0745691521738822
"Sample mean",0.0922622975973573
"Sample mean",0.069055513664281
"Sample mean",0.0577773134301872
"Sample mean",0.0637740683807177
"Sample mean",0.0272640056522466
"Sample mean",0.0270890777043914
"Sample mean",0.0194002402977557
"Sample mean",0.0220359676716985
"Sample mean",0.016727052224492
"Sample mean",0.0568653322552027
"Sample mean",0.0674409429259365
"Sample mean",0.0553816746480813
"Sample mean",0.0302940268360564
"Sample mean",0.0710934044552171
"Sample mean",0.00518953432689199
"Sample mean",0.0418282422881323
"Sample mean",0.0611566655344699
"Sample mean",0.0570214237275164
"Sample mean",0.0765509805561682
"Sample mean",0.039135404666032
"Sample mean",0.0629534092819693
"Sample mean",0.0880988389326209
"Sample mean",0.0727043501908099
"Sample mean",0.0733714922034852
"Sample mean",0.0485230900902405
"Sample mean",0.0508354358179522
"Sample mean",0.0579571232099606
"Sample mean",0.0632207358684394
"Sample mean",0.0395412799281237
"Sample mean",0.0268622543701016
"Sample mean",0.0741261089933283
"Sample mean",0.0961258631420602
"Sample mean",0.0582926462246563
"Sample mean",0.0561194732594002
"Sample mean",0.0937765409761636
"Sample mean",0.0115010208568023
"Sample mean",0.0815260940013744
"Sample mean",0.0759915694297272
"Sample mean",0.0645801543941394
"Sample mean",0.0669262551937855
"Sample mean",0.0704309147725777
"Sample mean",0.0508261347565321
"Sample mean",0.0140298687962968
"Sample mean",0.090933563299663
"Sample mean",0.0291084522697124
"Sample mean",0.02332170251921
"Sample mean",0.0784947121240576
"Sample mean",0.033617118820856
"Sample mean",0.0272592674113949
"Sample mean",0.0436880802872135
"Sample mean",0.0758700794379351
"Sample mean",0.0277220786796843
"Sample mean",0.000135700968376425
"Sample mean",0.0575888123599405
"Sample mean",0.0198600179642618
"Sample mean",0.0790502785445854
"Sample mean",0.0458311397130663
"Sample mean",0.072985426031044
"Sample mean",0.0207730366199113
"Sample mean",0.0761629092675275
"Sample mean",0.0312865425200802
"Sample mean",0.0597960733693243
"Sample mean",0.0524276868367462
"Sample mean",0.0737967467828125
"Sample mean",0.0498530328115277
"Sample mean",0.0731591777937464
"Sample mean",-0.0234885054537353
"Sample mean",0.0513994528216535
"Sample mean",0.040577925448984
"Sample mean",0.0331420861382094
"Sample mean",0.0956713500440974
"Sample mean",0.0508169030395205
"Sample mean",0.0708290378008846
"Sample mean",0.0990627577019827
"Sample mean",0.0226284712088941
"Sample mean",0.0577366896895827
"Sample mean",0.0631114145896606
"Sample mean",0.0264075839051886
"Sample mean",0.0674909949916579
"Sample mean",0.0324737558571185
"Sample mean",0.0549462523571774
"Sample mean",0.0256321948716555
"Sample mean",0.0331838450566914
"Sample mean",0.0133818639892914
"Sample mean",0.0206270367832204
"Sample mean",0.0363743008420975
"Sample mean",0.0755056780435776
"Sample mean",0.0072128900811964
"Sample mean",0.0197402407042928
"Sample mean",0.062059061887393
"Sample mean",0.0194215463755614
"Sample mean",0.0775926869064754
"Sample mean",0.058081161593441
"Sample mean",0.017074906482471
"Sample mean",0.0676434215991987
"Sample mean",0.0552773591435447
"Sample mean",0.0255191580890315
"Sample mean",0.02793595325123
"Sample mean",0.0711942294815074
"Sample mean",0.0815630412152876
"Sample mean",0.0863649596852617
"Sample mean",0.0564126540844494
"Sample mean",0.044037554133547
"Sample mean",0.0921454603371098
"Sample mean",0.038304305734299
"Sample mean",0.0912354916720299
"Sample mean",0.0132832833245736
"Sample mean",0.0805637858510488
"Sample mean",0.0426309709574443
"Sample mean",0.088851875960084
"Sample mean",0.0561792274525103
"Sample mean",0.0522516768082661
"Sample mean",0.0451991113067678
"Sample mean",0.0547191893389228
"Sample mean",0.0363825127623916
"Sample mean",0.0824663566840133
"Sample mean",0.0363597519970471
"Sample mean",0.0161182573879628
"Sample mean",0.05546272788999
"Sample mean",0.0243025087382441
"Sample mean",0.0156496742617599
"Sample mean",0.0409252434660555
"Sample mean",0.0714620643045398
"Sample mean",0.00845920971613296
"Sample mean",0.0752152985966894
"Sample mean",0.0404724321828882
"Sample mean",0.0190119014859488
"Sample mean",0.0636858858029039
"Sample mean",0.0395949223587543
"Sample mean",0.0668571343409496
"Sample mean",0.0281730643275597
"Sample mean",0.0567033482336138
"Sample mean",0.0390086256912853
"Sample mean",0.0666046649447451
"Sample mean",0.0445779309051052
"Sample mean",0.0673774502762695
"Sample mean",0.069106281681965
"Sample mean",0.0767574918572148
"Sample mean",0.0204821193511063
"Sample mean",0.0496951086125695
"Sample mean",0.0721112439240066
"Sample mean",0.0524034501144487
"Sample mean",0.0434853525952084
"Sample mean",0.0111574502051809
"Sample mean",0.0535205567733071
"Sample mean",0.0473105867112753
"Sample mean",0.0810340798670348
"Sample mean",0.0611042152928724
"Sample mean",0.0311974287769151
"Sample mean",0.0772053182755268
"Sample mean",0.0534539322063356
"Sample mean",0.0431317794532605
"Sample mean",0.0562613528700706
"Sample mean",0.0140178760605612
"Sample mean",0.0686068659077935
"Sample mean",0.0298273614016948
"Sample mean",0.0370316042106579
"Sample mean",-0.00202343992142599
"Sample mean",0.0677144357883368
"Sample mean",0.100274172109857
"Sample mean",0.0285527364923305
"Sample mean",0.0451149079274621
"Sample mean",0.0975048259334113
"Sample mean",0.044994572671224
"Sample mean",0.00934821588532112
"Sample mean",0.0254077634812368
"Sample mean",0.0497259977563702
"Sample mean",0.0602108664414383
"Sample mean",0.0431108775382543
"Sample mean",0.0312123086573464
"Sample mean",0.0632658529560326
"Sample mean",0.0144584970382873
"Sample mean",0.110274960916962
"Sample mean",0.019859133641499
"Sample mean",0.0578119753595816
"Sample mean",0.0447247974266883
"Sample mean",0.094184290862924
"Sample mean",0.0591344955672892
"Sample mean",-0.00529201821764721
"Sample mean",0.0654309433460214
"Sample mean",0.0666975753140062
"Sample mean",0.0554199039543555
"Sample mean",0.0565090463203391
"Sample mean",0.0102041773828063
"Sample mean",0.0918952578564776
"Sample mean",0.0426970937008297
"Sample mean",0.0698851731374968
"Sample mean",0.0524273296170502
"Sample mean",0.0612264412168662
"Sample mean",0.0565227211673168
"Sample mean",0.0180851609304776
"Sample mean",0.0619523726905775
"Sample mean",0.0530946655514731
"Sample mean",0.0534376002556459
"Sample mean",0.0757012974292328
"Sample mean",0.0802696841688582
"Sample mean",0.094789280085613
"Sample mean",0.0548319395387409
"Sample mean",0.0865213644370444
"Sample mean",0.0576508487549264
"Sample mean",0.0944100591092954
"Sample mean",0.0309504982899661
"Sample mean",0.0700263565666811
"Sample mean",0.0462183793644504
"Sample mean",0.0263241570591675
"Sample mean",0.0601061329972311
"Sample mean",0.0384649385858822
"Sample mean",0.0632063107236383
"Sample mean",0.0246839775771439
"Sample mean",0.0325114993113581
"Sample mean",0.075851048039576
"Sample mean",0.0271833343174518
"Sample mean",0.115635870552165
"Sample mean",0.062447312441853
"Sample mean",0.0672712194474767
"Sample mean",0.0690469896796869
"Sample mean",0.0436877612819225
"Sample mean",0.0440573993618728
"Sample mean",0.0835715690320765
"Sample mean",0.0824703037034032
"Sample mean",0.0493116182218942
"Sample mean",0.0663891163145547
"Sample mean",0.0806231583856081
"Sample mean",0.0227802175561948
"Sample mean",0.0594790077596543
"Sample mean",0.0905226921592989
"Sample mean",0.0597116206165604
"Sample mean",0.0466917947773706
"Sample mean",0.0497240253117735
"Sample mean",0.0439507026021081
"Sample mean",0.0388039410125909
"Sample mean",-0.0143553606084449
"Sample mean",0.0537850533544548
"Sample mean",0.0599526991646764
"Sample mean",0.051266936693336
"Sample mean",0.0447512319736887
"Sample mean",0.0144429018957317
"Sample mean",0.0154372814183712
"Sample mean",0.0300564659518584
"Sample mean",0.048484134298601
"Sample mean",0.00259532779908853
"Sample mean",0.0285571539665744
"Sample mean",0.0635125588779781
"Sample mean",0.112560156376394
"Sample mean",0.0699287573698617
"Sample mean",0.0392050494472014
"Sample mean",0.0244693974082992
"Sample mean",0.0331425744471802
"Sample mean",0.0162397880655138
"Sample mean",0.0233083546788066
"Sample mean",0.0192874667054151
"Sample mean",0.0320341538031686
"Sample mean",0.0891344377394072
"Sample mean",0.0212717508519733
"Sample mean",0.0614875603773457
"Sample mean",0.0521978863076439
"Sample mean",0.0663626084854842
"Sample mean",0.0160598082393332
"Sample mean",0.0728270085278532
"Sample mean",0.0408985769791455
"Sample mean",0.0885139472900896
"Sample mean",-0.0170871929054682
"Sample mean",0.06000863393837
"Sample mean",0.0409113943220755
"Sample mean",0.066415685829875
"Sample mean",0.04667324678915
"Sample mean",0.0403690398937459
"Sample mean",0.0242464030556754
"Sample mean",0.0269245535885004
"Sample mean",0.0532194328389935
"Sample mean",0.0750346698125673
"Sample mean",0.0363073999771666
"Sample mean",0.0300460289068121
"Sample mean",0.0465630745720715
"Sample mean",0.0359951150141062
"Sample mean",0.0448598182935515
"Sample mean",0.0172168496055052
"Sample mean",0.0460538014112211
"Sample mean",0.0639627868000388
"Sample mean",0.0741873466208502
"Sample mean",0.0855533588914672
"Sample mean",0.0388009146402974
"Sample mean",0.08083265169062
"Sample mean",0.0304640838604344
"Sample mean",-0.0111904873110431
"Sample mean",0.100801837109289
"Sample mean",0.036011130758913
"Sample mean",-0.029978702935028
"Sample mean",0.0703403531390895
"Sample mean",0.0164224682680906
"Sample mean",0.0453193421310668
"Sample mean",0.0547718428798146
"Sample mean",0.092127150361944
"Sample mean",0.0506491031019513
"Sample mean",0.0654691613862021
"Sample mean",0.0812364505653063
"Sample mean",0.0122625241826113
"Sample mean",0.0390902155961866
"Sample mean",0.102706989466148
"Sample mean",0.0527593237899723
"Sample mean",0.0441536601481351
"Sample mean",0.0314726672236008
"Sample mean",0.0734687461689992
"Sample mean",0.11159677018204
"Sample mean",0.00776028642318352
"Sample mean",0.0371523595713837
"Sample mean",0.0431698173366478
"Sample mean",0.0828960445845895
"Sample mean",0.0446970271536854
"Sample mean",0.0417348444051391
"Sample mean",0.0499932876815415
"Sample mean",0.0171580093757481
"Sample mean",0.0671174008223948
"Sample mean",0.0284028164491105
"Sample mean",0.0718138109354075
"Sample mean",0.0297510869899241
"Sample mean",0.00657498320959347
"Sample mean",0.0252929402307478
"Sample mean",0.0641001107861143
"Sample mean",0.0225942478267023
"Sample mean",0.0473326390602253
"Sample mean",0.0202425982368804
"Sample mean",0.0857471752870593
"Sample mean",0.0452485717044584
"Sample mean",0.00702186494691018
"Sample mean",0.0168519487872033
"Sample mean",0.0203134956112448
"Sample mean",0.0305595494471257
"Sample mean",0.0605917261972618
"Sample mean",0.0197386141245284
"Sample mean",0.0456682593263422
"Sample mean",0.0253961475115424
"Sample mean",0.00485522066799087
"Sample mean",0.0799091828752837
"Sample mean",0.0408009658020091
"Sample mean",0.0584260986659237
"Sample mean",0.0621542613400588
"Sample mean",0.0894858623270402
"Sample mean",0.0590536330391098
"Sample mean",0.0462997249996756
"Sample mean",0.0498270704418883
"Sample mean",0.03377235656331
"Sample mean",0.10636998518468
"Sample mean",0.0445968208881228
"Sample mean",0.049149407568001
"Sample mean",0.0762192779187931
"Sample mean",0.0534771588669512
"Sample mean",0.0632217808698908
"Sample mean",0.0597464056968964
"Sample mean",0.0799871351305055
"Sample mean",0.0747609657852883
"Sample mean",0.0320759326726805
"Sample mean",0.034240603123203
"Sample mean",0.0648175969949391
"Sample mean",0.0357187011225317
"Sample mean",0.0428937163550563
"Sample mean",0.0654406736793761
"Sample mean",0.0726871307557752
"Sample mean",0.0598929108567493
"Sample mean",0.0290511347003106
"Sample mean",0.0568508078559936
"Sample mean",0.0565770960093478
"Sample mean",-0.00285874186421881
"Sample mean",0.0638948876378843
"Sample mean",0.0266286852970107
"Sample mean",0.0505653083419856
"Sample mean",0.0494030211084766
"Sample mean",0.0230104632233726
"Sample mean",0.0534259941097809
"Sample mean",0.0573303507518495
"Sample mean",0.0462813594105028
"Sample mean",0.033992185623419
"Sample mean",0.077376494263282
"Sample mean",0.071717640660848
"Sample mean",0.0555813859026704
"Sample mean",0.0528880588146918
"Sample mean",0.0314600450974244
"Sample mean",0.053791724736054
"Sample mean",0.0261526786802223
"Sample mean",0.0350326481290738
"Sample mean",0.0710499346035419
"Sample mean",0.0511713996548472
"Sample mean",0.0528420705949218
"Sample mean",0.0684829372995463
"Sample mean",0.0201514917908881
"Sample mean",0.00405121327317539
"Sample mean",0.0763319582359515
"Sample mean",0.0456505274267284
"Sample mean",0.0626864277462292
"Sample mean",0.0856203075815843
"Sample mean",0.0670159692443939
"Sample mean",0.0790950724565098
"Sample mean",0.0124443343562488
"Sample mean",0.0437009463263475
"Sample mean",0.0698575131418939
"Sample mean",0.0114518999228696
"Sample mean",0.0625289128590918
"Sample mean",0.0207580418978659
"Sample mean",0.027648489651724
"Sample mean",-0.016389670757225
"Sample mean",0.0279633498397054
"Sample mean",0.021944649206018
"Sample mean",0.0447948053239478
"Sample mean",0.0757635195900599
"Sample mean",0.0494591397043907
"Sample mean",0.0376158922051763
"Sample mean",0.0328815191785176
"Sample mean",0.0389260830431384
"Sample mean",0.0691901066621942
"Sample mean",0.0173305230428149
"Sample mean",0.0249976668534341
"Sample mean",0.0669054437173738
"Sample mean",0.0452580388567242
"Sample mean",0.0460335055721553
"Sample mean",0.020683012248874
"Sample mean",-0.0139622791938593
"Sample mean",0.036497735689005
"Sample mean",0.0753251492986477
"Sample mean",0.0678198937998285
"Sample mean",0.0159259631251327
"Sample mean",0.0516311318815965
"Sample mean",0.0190100737969674
"Sample mean",0.0327415031003744
"Sample mean",0.052664718293614
"Sample mean",0.00429090269923009
"Sample mean",0.0555742674209642
"Sample mean",0.0829496574159988
"Sample mean",0.0971577600138381
"Sample mean",0.0423341946460718
"Sample mean",0.0620255316503757
"Sample mean",0.059874439712929
"Sample mean",0.0641088204462317
"Sample mean",0.0183917195196063
"Sample mean",0.0331438720489532
"Sample mean",0.0692499894287009
"Sample mean",0.0774105274594465
"Sample mean",0.0231534508587829
"Sample mean",0.0891931042946102
"Sample mean",0.0566364818377459
"Sample mean",0.0603532693595976
"Sample mean",0.034468781316986
"Sample mean",0.0944493254388488
"Sample mean",0.0930883644696044
"Sample mean",0.0151835109202054
"Sample mean",0.101618473493106
"Sample mean",0.073615897961504
"Sample mean",0.0253791265560259
"Sample mean",-0.000852583948208053
"Sample mean",0.0476686914552719
"Sample mean",0.0585351408028767
"Sample mean",0.0496122472021318
"Sample mean",0.0263211817286285
"Sample mean",0.0463981592245367
"Sample mean",0.102343081655229
"Sample mean",0.0405095498473425
"Sample mean",0.0717186578564563
"Sample mean",0.0386444571544381
"Sample mean",0.0392945012738808
"Sample mean",0.080001626828983
"Sample mean",0.0190348577619836
"Sample mean",0.0522509888645255
"Sample mean",0.0523738289128686
"Sample mean",0.0105650978065938
"Sample mean",0.0961448253955959
"Sample mean",0.0560993377790513
"Sample mean",0.0572891614684118
"Sample mean",0.0751061423697435
"Sample mean",0.0445881089150698
"Sample mean",0.0173637561542167
"Sample mean",0.033126122649052
"Sample mean",0.0794415232136268
"Sample mean",0.0252390116356215
"Sample mean",0.0782927837039022
"Sample mean",0.0452171413624785
"Sample mean",0.0328502179763759
"Sample mean",0.0591667916847191
"Sample mean",0.06290802004153
"Sample mean",0.0688324036853803
"Sample mean",0.0423800827331785
"Sample mean",0.0494787655172507
"Sample mean",0.0436175965724606
"Sample mean",0.0822715958627707
"Sample mean",-0.00687727811365139
"Sample mean",0.0536041003646707
"Sample mean",0.0566038190085723
"Sample mean",0.0341930214213216
"Sample mean",0.0779323115612973
"Sample mean",0.0551486430356451
"Sample mean",0.0597810967793619
"Sample mean",0.0784542399933446
"Sample mean",0.0520909379743187
"Sample mean",0.0703840418701828
"Sample mean",0.0955577953447407
"Sample mean",0.059434363491541
"Sample mean",0.0458783777292724
"Sample mean",0.0321790510840538
"Sample mean",0.0382450994276698
"Sample mean",0.0499928569422097
"Sample mean",0.080096502276321
"Sample mean",0.0580013061936954
"Sample mean",0.0436580826289101
"Sample mean",0.0621795520745332
"Sample mean",0.0444163995123628
"Sample mean",0.0321643948971768
"Sample mean",0.10352867117544
"Sample mean",0.0398097196129236
"Sample mean",0.0392386132558056
"Sample mean",0.0279195043232517
"Sample mean",0.0665232617977584
"Sample mean",0.0584952696260594
"Sample mean",0.0553647509698529
"Sample mean",0.060206930817632
"Sample mean",0.0415687604763921
"Sample mean",0.0390015069458853
"Sample mean",0.0536674742606177
"Sample mean",0.0167631060971637
"Sample mean",0.0943114806688258
"Sample mean",0.0558352692634513
"Sample mean",0.00596590044803633
"Sample mean",0.0356614787499138
"Sample mean",0.0915768369166263
"Sample mean",0.0485957990964145
"Sample mean",-0.0155965094646398
"Sample mean",0.0380873751989489
"Sample mean",0.0590449397002308
"Sample mean",0.0535956613110627
"Sample mean",0.00387725932497268
"Sample mean",0.0423635958704476
"Sample mean",0.058586783018033
"Sample mean",0.0572150422786932
"Sample mean",0.056881205522736
"Sample mean",0.0385069693634318
"Sample mean",0.0835304733908391
"Sample mean",0.070243319113471
"Sample mean",0.0720607277026007
"Sample mean",0.0229295247860183
"Sample mean",0.0512756880314822
"Sample mean",0.0436442119979689
"Sample mean",0.0993693606790713
"Sample mean",0.0105926705113098
"Sample mean",0.0927506454484737
"Sample mean",0.0408830826538748
"Sample mean",0.02146103717271
"Sample mean",0.0340038518667117
"Sample mean",0.0962870134898774
"Sample mean",0.0405133328257572
"Sample mean",0.114924248135452
"Sample mean",0.0545386743646567
"Sample mean",0.0311314243484914
"Sample mean",0.0445885087475968
"Sample mean",0.0357991117308448
"Sample mean",0.0656345442691143
"Sample mean",0.0434079059799643
"Sample mean",0.0677249469503715
"Sample mean",0.0481314929105405
"Sample mean",0.049776428543783
"Sample mean",0.068712689029032
"Sample mean",0.0572341422304011
"Sample mean",0.0417132825196621
"Sample mean",0.0438278112370556
"Sample mean",0.0773227343465241
"Sample mean",0.0820509230641874
"Sample mean",0.056595748035477
"Sample mean",0.0660242003308797
"Sample mean",0.0760292701138403
"Sample mean",0.0676257529634375
"Sample mean",0.0519189684543117
"Sample mean",0.0474796861252247
"Sample mean",0.0180442055612242
"Sample mean",0.0757696090116603
"Sample mean",0.0282455090805954
"Sample mean",0.0394776787464442
"Sample mean",0.0896249652669616
"Sample mean",0.062834098252947
"Sample mean",0.0595279802836231
"Sample mean",0.0552260752919951
"Sample mean",0.0692186663437582
"Sample mean",0.0525520498907734
"Sample mean",0.0437657206223747
"Sample mean",0.0566770411504651
"Sample mean",0.038013186138804
"Sample mean",0.0932246737353925
"Sample mean",0.0204168464422886
"Sample mean",0.0471895511096711
"Sample mean",0.104660862146588
"Sample mean",0.064625889839205
"Sample mean",0.0277917086670372
"Sample mean",0.0105643015384277
"Sample mean",0.0366851559564293
"Sample mean",-0.0179553555943485
"Sample mean",0.0666050098158491
"Sample mean",0.0364775084833189
"Sample mean",0.0595314563522367
"Sample mean",0.0245022372358784
"Sample mean",0.0599781162036934
"Sample mean",0.0673359515589704
"Sample mean",0.0557320894989665
"Sample mean",0.0622222717441397
"Sample mean",0.0669582573102253
"Sample mean",0.0428772554136762
"Sample mean",0.0684087191545197
"Sample mean",0.0507420049582591
"Sample mean",0.093790151981131
"Sample mean",0.0682069218571241
"Sample mean",0.0263739086053019
"Sample mean",0.0588502639070647
"Sample mean",0.0520744656386693
"Sample mean",0.015737612747613
"Sample mean",-0.033176986249311
"Sample mean",0.134026783149806
"Sample mean",0.072111011927024
"Sample mean",0.044357348780006
"Sample mean",0.0559566429773653
"Sample mean",0.0803359857324931
"Sample mean",0.0687780283084874
"Sample mean",0.0164739498972849
"Sample mean",0.0533954153393798
"Sample mean",0.0517847231154372
"Sample mean",0.042314620997752
"Sample mean",0.0606746751522825
"Sample mean",0.077572867734792
"Sample mean",0.0307516152585041
"Sample mean",0.0468757612803528
"Sample mean",0.0978644218213611
"Sample mean",0.0549389618185046
"Sample mean",0.0279185376354264
"Sample mean",0.078366415767767
"Sample mean",0.0324667269725636
"Sample mean",0.0198378542006945
"Sample mean",0.0780797786945513
"Sample mean",0.0209351480044052
"Sample mean",0.050127044207352
"Sample mean",0.0784637774882348
"Sample mean",0.0692794420329628
"Sample mean",0.0402206575304365
"Sample mean",0.0431593956766213
"Sample mean",0.0797179748641056
"Sample mean",0.0843401325263022
"Sample mean",0.0368914321374205
"Sample mean",0.0441491220752347
"Sample mean",-0.006916091254971
"Sample mean",0.0296994164608574
"Sample mean",0.0646124514096492
"Sample mean",0.0359587333055896
"Sample mean",0.0676986718418291
"Sample mean",0.0356583390087119
"Sample mean",0.0725448139352129
"Sample mean",0.0462043781017993
"Sample mean",0.0127992861075984
"Sample mean",0.0525594628017542
"Sample mean",0.0631051094337573
"Sample mean",0.0258400624295331
"Sample mean",0.0182356895592578
"Sample mean",0.0961966914361215
"Sample mean",0.0458050999655717
"Sample mean",0.0457783000151099
"Sample mean",0.0394727024976989
"Sample mean",0.0570252954234148
"Sample mean",0.104448595379662
"Sample mean",0.0460711973102789
"Sample mean",0.106929448188143
"Sample mean",0.0103303408196472
"Sample mean",0.0582049579843199
"Sample mean",0.019559288856646
"Sample mean",0.0776341847006463
"Sample mean",0.0829056829427504
"Sample mean",0.0414027062577927
"Sample mean",0.0621029404678234
"Sample mean",0.087548325422177
"Sample mean",-0.00166416976894272
"Sample mean",-0.00300697089357343
"Sample mean",0.0583004900145425
"Sample mean",0.127825282530322
"Sample mean",0.034536200009115
"Sample mean",0.0870610088431681
"Sample mean",0.0139744858656282
"Sample mean",0.0801108002319807
"Sample mean",0.028413248741589
"Sample mean",0.0731547996981401
"Sample mean",0.0394862147359857
"Sample mean",0.0757400555597674
"Sample mean",0.0575353671727559
"Sample mean",0.0872192001265801
"Sample mean",0.0563603583139515
"Sample mean",0.00312348275804429
"Sample mean",0.055742373196476
"Sample mean",0.0423152869606608
"Sample mean",0.0992253653802661
"Sample mean",0.041366924478546
"Sample mean",0.0269567235839846
"Sample mean",0.0711909341936978
"Sample mean",0.0502747333113325
"Sample mean",0.061460172646889
"Sample mean",0.0516886776862849
"Sample mean",0.0307843593837528
"Sample mean",0.0581464907129725
"Sample mean",0.0903670313212343
"Sample mean",0.0754894817087143
"Sample mean",0.0319422341237144
"Sample mean",0.0498751969471829
"Sample mean",0.060627947977655
"Sample mean",0.0350741424410775
"Sample mean",0.0506778116020439
"Sample mean",0.0804874489690928
"Sample mean",0.020682860741068
"Sample mean",0.0476656656696913
"Sample mean",0.0535325366017982
"Sample mean",0.114182428780317
"Sample mean",0.0230091393490242
"Sample mean",0.0397709327831051
"Sample mean",0.067279992613696
"Sample mean",0.0827060768359042
"Sample mean",0.0698717741907902
"Sample mean",0.0612365805462965
"Sample mean",0.0220973451755799
"Sample mean",0.0153010488648322
"Sample mean",0.118727560276197
"Sample mean",0.0775983790970719
"Sample mean",0.0434550359663154
"Sample mean",0.0317631095271595
"Sample mean",0.0803418662030486
"Sample mean",0.104486643695181
"Sample mean",0.0531922034062542
"Sample mean",0.0295238031030737
"Sample mean",0.0553386890603163
"Sample mean",0.0135311967814454
"Sample mean",0.0585993836932538
"Sample mean",0.0675485710596098
"Sample mean",0.0150468900737426
"Sample mean",-0.00731929781728905
"Sample mean",0.0502066471356186
"Sample mean",0.0518629989878373
"Sample mean",0.0666973899226455
"Sample mean",0.0515853277970214
"Sample mean",0.0277457786589618
"Sample mean",0.038862626561999
"Sample mean",0.0165847309299086
"Sample mean",0.0545180472655635
"Sample mean",0.0405997285769468
"Sample mean",0.0524648837217995
"Sample mean",0.0688468479928721
"Sample mean",0.0647538282550441
"Sample mean",0.0630614626698453
"Sample mean",0.0492642804501728
"Sample mean",0.0516464184668987
"Sample mean",0.0376128019270252
"Sample mean",0.0679124563594493
"Sample mean",0.0438524052539742
"Sample mean",0.00587028163049602
"Sample mean",0.0338095530378267
"Sample mean",0.0558881855002403
"Sample mean",0.0638236467316919
"Sample mean",0.0411723278523843
"Sample mean",0.0680614945461216
"Sample mean",0.0662970586788243
"Sample mean",0.0555502366815987
"Sample mean",0.043187858138825
"Sample mean",0.0518139410774247
"Sample mean",0.0876865056901157
"Sample mean",0.0412154447806118
"Sample mean",0.0377682277938953
"Sample mean",0.0587655306603234
"Sample mean",0.0826101802727155
"Sample mean",0.0595704958071084
"Sample mean",0.0530527201455198
"Sample mean",0.0300761372644669
"Sample mean",0.00128318917995569
"Sample mean",0.0714347230209375
"Sample mean",0.0258989150846213
"Sample mean",0.0801735424075667
"Sample mean",0.045101519024823
"Sample mean",0.0631442449038617
"Sample mean",0.0604773065876858
"Sample mean",0.0472178799871445
"Sample mean",0.0655819786986153
"Sample mean",0.0610937869549788
"Sample mean",0.0257491698031257
"Sample mean",0.0338063782172805
"Sample mean",0.0187240160757592
"Sample mean",0.0681085473555471
"Sample mean",0.0225512523262111
"Sample mean",0.0569362875592958
"Sample mean",0.0576087436771655
"Sample mean",0.0247793989239359
"Sample mean",0.0591914197988879
"Sample mean",0.074019420412093
"Sample mean",0.0497750101031021
"Sample mean",0.114197567945083
"Sample mean",0.0214461946608589
"Sample mean",0.0571710596986823
"Sample mean",0.070844200326954
"Sample mean",0.0532927770115815
"Sample mean",0.0172631543165454
"Sample mean",0.102996209758567
"Sample mean",0.0286526273985567
"Sample mean",0.0889742068589204
"Sample mean",0.0451485921620229
"Sample mean",0.0560243831102889
"Sample mean",0.0325222307435745
"Sample mean",0.0184101452318677
"Sample mean",0.0606743070232809
"Sample mean",0.0487368930636232
"Sample mean",0.0858197266131201
"Sample mean",0.0393166603661406
"Sample mean",0.0305068232110454
"Sample mean",0.0860750608769172
"Sample mean",0.0131465382651643
"Sample mean",-0.0029891621245544
"Sample mean",0.0216437387261535
"Sample mean",0.039297093316841
"Sample mean",0.00934127934217315
"Sample mean",0.045200731508848
"Sample mean",0.0289874618753118
"Sample mean",0.0852088084428614
"Sample mean",0.112506024172964
"Sample mean",0.0716582007041857
"Sample mean",0.0615963160022138
"Sample mean",0.0233224463114147
"Sample mean",0.0474330483421802
"Sample mean",-0.0461793695665594
"Sample mean",0.0660474542575597
"Sample mean",0.0621346709926362
"Sample mean",0.014652025376106
"Sample mean",0.0687629093455634
"Sample mean",0.0145417694327528
"Sample mean",0.0662538008317808
"Sample mean",0.0235073414231933
"Sample mean",0.0297420663999647
"Sample mean",0.0886488379246742
"Sample mean",0.026551867929008
"Sample mean",0.0416284884108875
"Sample mean",0.062046320621915
"Sample mean",0.0569657463401685
"Sample mean",0.0380581542101627
"Sample mean",0.0382342361932067
"Sample mean",0.0391503882290705
"Sample mean",0.0566008076442022
"Sample mean",0.03202399268243
"Sample mean",-0.00965795010142247
"Sample mean",0.0333606132474868
"Sample mean",0.0540043890753188
"Sample mean",0.0661333310600723
"Sample mean",0.0198233077097358
"Sample mean",0.0767518580271708
"Sample mean",0.0410065544678845
"Sample mean",0.0637308453282821
"Sample mean",0.0287252358455185
"Sample mean",0.0913429839018058
"Sample mean",0.0455885450960824
"Sample mean",0.0963641337234529
"Sample mean",0.0325023864207949
"Sample mean",0.068291652450547
"Sample mean",0.0695568511890986
"Sample mean",0.0496707484352628
"Sample mean",0.0872003118507965
"Sample mean",0.0537265372570166
"Sample mean",0.0311833629826954
"Sample mean",0.0620963984094469
"Sample mean",0.00115591308775221
"Sample mean",0.118544805030945
"Sample mean",0.0562459095003352
"Sample mean",0.0660053217955462
"Sample mean",0.0394681234393141
"Sample mean",0.0268156741769724
"Sample mean",0.0314915342935917
"Sample mean",0.0165551457016196
"Sample mean",0.0433259030964495
"Sample mean",0.0220686678149174
"Sample mean",0.0615674096134855
"Sample mean",0.0476869895642681
"Sample mean",0.0632641134312429
"Sample mean",0.0371947806602985
"Sample mean",0.0808046884450386
"Sample mean",0.0416783739355662
"Sample mean",0.023478740496932
"Sample mean",0.0477832456786126
"Sample mean",0.0489912866234536
"Sample mean",0.0232471872189927
"Sample mean",0.0331331201266346
"Sample mean",0.0636863795410233
"Sample mean",0.0777811235929584
"Sample mean",0.0938952200241189
"Sample mean",0.0324270713063555
"Sample mean",0.0251576927124679
"Sample mean",0.0445410449677174
"Sample mean",0.0495892828098376
"Sample mean",0.0606211425090285
"Sample mean",0.0367471061742623
"Sample mean",0.0558954042800056
"Sample mean",0.0240662025542807
"Sample mean",0.0429161710358718
"Sample mean",0.0583290581840676
"Sample mean",0.0198692856188289
"Sample mean",0.0242840586212305
"Sample mean",0.0554840266370535
"Sample mean",0.0282200463305892
"Sample mean",0.0567848713145872
"Sample mean",0.0310115794886899
"Sample mean",-0.00940872317863248
"Sample mean",0.0484014126756996
"Sample mean",0.0438755107297905
"Sample mean",0.0554786583799518
"Sample mean",0.0657813785119176
"Sample mean",0.0740063292830148
"Sample mean",0.00353164806331916
"Sample mean",0.0388048432619806
"Median",-0.0075639614981641
"Median",-0.0113680641470489
"Median",0.0197817038997763
"Median",0.0397927426500008
"Median",0.0333929305987802
"Median",-0.0113680641470489
"Median",0.057244960154396
"Median",0.0226733273216978
"Median",0.0112775459230623
"Median",-0.0113680641470489
"Median",-0.0113680641470489
"Median",-0.0113680641470489
"Median",0.0641017284690034
"Median",-0.00141598561455413
"Median",0.0357237592268062
"Median",0.0144704629082895
"Median",-0.0036497496277895
"Median",0.033592131511972
"Median",-0.0113680641470489
"Median",-0.0113680641470489
"Median",0.033592131511972
"Median",0.0197817038997763
"Median",-0.0113680641470489
"Median",0.0262718052671589
"Median",0.0100533355444909
"Median",-0.0113680641470489
"Median",0.0112775459230623
"Median",-0.0113680641470489
"Median",-0.00583626147571784
"Median",-0.0113680641470489
"Median",0.0100533355444909
"Median",-0.0113680641470489
"Median",0.0397927426500008
"Median",-0.0113680641470489
"Median",-0.000212074611103554
"Median",-0.0113680641470489
"Median",0.0213975238666443
"Median",-0.0113680641470489
"Median",0.0393122690668674
"Median",-0.0113680641470489
"Median",-0.0113680641470489
"Median",0.0202396001234156
"Median",0.0226733273216978
"Median",0.0517300095549614
"Median",-0.0113680641470489
"Median",-0.00141598561455413
"Median",0.0302358604572917
"Median",0.0772012784670494
"Median",-0.0113680641470489
"Median",0.0414877395244057
"Median",-0.0113680641470489
"Median",0.0100533355444909
"Median",-0.0113680641470489
"Median",0.0236289852745123
"Median",0.0100533355444909
"Median",0.0151943491424976
"Median",0.0269625784995975
"Median",-0.0113680641470489
"Median",-0.00640013557260947
"Median",-0.0113680641470489
"Median",0.0435101464661579
"Median",0.0435101464661579
"Median",0.0907753839745158
"Median",0.005756545488221
"Median",0.0850194795601253
"Median",-0.0113680641470489
"Median",-0.000212074611103554
"Median",-0.0113680641470489
"Median",0.0144704629082895
"Median",-0.0113680641470489
"Median",0
"Median",-0.0113680641470489
"Median",-0.0036497496277895
"Median",0.0236289852745123
"Median",0.0269625784995975
"Median",-0.0113680641470489
"Median",-0.0075639614981641
"Median",0.057244960154396
"Median",0.000628342743614906
"Median",-0.0113680641470489
"Median",0.00760762846294156
"Median",-0.000212074611103554
"Median",0.0497791798590134
"Median",0.0236289852745123
"Median",0.0202396001234156
"Median",-0.0113680641470489
"Median",0.0347870114895265
"Median",-0.0036497496277895
"Median",0.042312704334489
"Median",0.057244960154396
"Median",-0.0113680641470489
"Median",0.0213975238666443
"Median",-0.0113680641470489
"Median",-0.0113680641470489
"Median",-0.00762692221649651
"Median",0.000196654167717168
"Median",0.0213975238666443
"Median",0.0641017284690034
"Median",0.0202396001234156
"Median",0.0269625784995975
"Median",0.0302358604572917
"Median",-0.0113680641470489
"Median",0.0112775459230623
"Median",-0.0113680641470489
"Median",-0.0113680641470489
"Median",0.0517300095549614
"Median",0.0112775459230623
"Median",0.0144704629082895
"Median",-0.0113680641470489
"Median",0.0100533355444909
"Median",0.0226733273216978
"Median",0.0303922515277785
"Median",0.0397927426500008
"Median",-0.00212174692539489
"Median",0.0202396001234156
"Median",0.057244960154396
"Median",0.00553243078374239
"Median",0.0269625784995975
"Median",-0.0113680641470489
"Median",0.00553243078374239
"Median",-0.0113680641470489
"Median",0.066666790831467
"Median",-0.0113680641470489
"Median",-0.0113680641470489
"Median",-0.0113680641470489
"Median",-0.0113680641470489
"Median",0.000628342743614906
"Median",0
"Median",-0.0113680641470489
"Median",0.0100533355444909
"Median",-0.00141598561455413
"Median",-0.0113680641470489
"Median",-0.00640013557260947
"Median",-0.0113680641470489
"Median",-0.0113680641470489
"Median",0.000196654167717168
"Median",-0.0075639614981641
"Median",0.0499301290675709
"Median",0
"Median",0.0397927426500008
"Median",-0.0113680641470489
"Median",0.0202396001234156
"Median",0.0517300095549614
"Median",0.005756545488221
"Median",0.005756545488221
"Median",-0.00212174692539489
"Median",0.00553243078374239
"Median",-0.0113680641470489
"Median",0.000628342743614906
"Median",0.0151943491424976
"Median",0.0517300095549614
"Median",0.0333929305987802
"Median",0.0302358604572917
"Median",-0.0113680641470489
"Median",-0.0113680641470489
"Median",0.0197817038997763
"Median",0.0226733273216978
"Median",0.00553243078374239
"Median",0.0202396001234156
"Median",0.0333929305987802
"Median",-0.0113680641470489
"Median",-0.0113680641470489
"Median",0.0536824482025152
"Median",-0.0113680641470489
"Median",0.0236289852745123
"Median",-0.00762692221649651
"Median",0.0112775459230623
"Median",0.0262718052671589
"Median",-0.0113680641470489
"Median",-0.0113680641470489
"Median",-0.0113680641470489
"Median",0.0213975238666443
"Median",-0.0113680641470489
"Median",-0.0113680641470489
"Median",-0.0113680641470489
"Median",-0.0113680641470489
"Median",-0.0113680641470489
"Median",-0.0113680641470489
"Median",0.00553243078374239
"Median",-0.0113680641470489
"Median",0.0202396001234156
"Median",-0.0113680641470489
"Median",-0.00212174692539489
"Median",0.0357237592268062
"Median",-0.0113680641470489
"Median",-0.0113680641470489
"Median",-0.0113680641470489
"Median",-0.0113680641470489
"Median",0.0144704629082895
"Median",0.0517300095549614
"Median",0.042312704334489
"Median",0.064787027035102
"Median",0.0112775459230623
"Median",-0.00635550688392066
"Median",-0.0113680641470489
"Median",-0.0075639614981641
"Median",-0.0113680641470489
"Median",-0.0113680641470489
"Median",0.0907753839745158
"Median",0.000628342743614906
"Median",-0.00141598561455413
"Median",0.0262718052671589
"Median",-0.0113680641470489
"Median",0.0816671736710352
"Median",0.005756545488221
"Median",-0.000212074611103554
"Median",-0.0113680641470489
"Median",0.00553243078374239
"Median",0.0397927426500008
"Median",0.0357237592268062
"Median",-0.0113680641470489
"Median",-0.0113680641470489
"Median",0.00760762846294156
"Median",0.0435101464661579
"Median",-0.0113680641470489
"Median",-0.0113680641470489
"Median",-0.0113680641470489
"Median",-0.0113680641470489
"Median",0.00553243078374239
"Median",-0.0113680641470489
"Median",-0.0113680641470489
"Median",-0.0113680641470489
"Median",-0.00583626147571784
"Median",0.0397927426500008
"Median",-0.0036497496277895
"Median",0.0393122690668674
"Median",0.00760762846294156
"Median",-0.0113680641470489
"Median",-0.0113680641470489
"Median",0.0112775459230623
"Median",-0.0075639614981641
"Median",0.0302358604572917
"Median",0.0144704629082895
"Median",0.0112775459230623
"Median",0.064787027035102
"Median",-0.000212074611103554
"Median",0.0213975238666443
"Median",0
"Median",-0.0113680641470489
"Median",-0.00141598561455413
"Median",-0.0113680641470489
"Median",0.0499301290675709
"Median",-0.00762692221649651
"Median",-0.0113680641470489
"Median",0.0197817038997763
"Median",0.0517300095549614
"Median",0
"Median",0.0100533355444909
"Median",-0.00212174692539489
"Median",-0.0113680641470489
"Median",-0.0113680641470489
"Median",0.033592131511972
"Median",0.124413575226656
"Median",-0.0113680641470489
"Median",0.0517300095549614
"Median",-0.0113680641470489
"Median",-0.0113680641470489
"Median",-0.0113680641470489
"Median",-0.0113680641470489
"Median",0.0236289852745123
"Median",-0.0113680641470489
"Median",-0.0113680641470489
"Median",0.0435101464661579
"Median",0.0397927426500008
"Median",-0.000212074611103554
"Median",0.000628342743614906
"Median",0.0302358604572917
"Median",0.0202396001234156
"Median",0.112127441928526
"Median",0.033592131511972
"Median",-0.0113680641470489
"Median",0.033592131511972
"Median",-0.0113680641470489
"Median",0.005756545488221
"Median",0.000196654167717168
"Median",0.0499301290675709
"Median",-0.0113680641470489
"Median",0.0202396001234156
"Median",0.0333929305987802
"Median",0.0393122690668674
"Median",-0.0113680641470489
"Median",0.0112775459230623
"Median",0.000196654167717168
"Median",0
"Median",0.0202396001234156
"Median",-0.0113680641470489
"Median",0.0151943491424976
"Median",0.0414877395244057
"Median",0.0435101464661579
"Median",-0.00640013557260947
"Median",-0.0113680641470489
"Median",0.005756545488221
"Median",-0.0113680641470489
"Median",-0.0113680641470489
"Median",0.0769718286662206
"Median",-0.0113680641470489
"Median",0.0112775459230623
"Median",-0.0113680641470489
"Median",0.0357237592268062
"Median",0.0262718052671589
"Median",-0.0075639614981641
"Median",0.0536824482025152
"Median",-0.0113680641470489
"Median",0.005756545488221
"Median",0.0213975238666443
"Median",-0.0113680641470489
"Median",0.103029835616284
"Median",-0.00583626147571784
"Median",-0.0075639614981641
"Median",0.00553243078374239
"Median",-0.0113680641470489
"Median",-0.0113680641470489
"Median",0.000196654167717168
"Median",-0.0113680641470489
"Median",-0.0113680641470489
"Median",0.0144704629082895
"Median",0.0112775459230623
"Median",0.0414877395244057
"Median",0.000196654167717168
"Median",-0.0113680641470489
"Median",0.042312704334489
"Median",-0.0113680641470489
"Median",-0.0113680641470489
"Median",0.0262718052671589
"Median",-0.0113680641470489
"Median",-0.0113680641470489
"Median",-0.0113680641470489
"Median",0.033592131511972
"Median",-0.0113680641470489
"Median",-0.00640013557260947
"Median",0.0213975238666443
"Median",0.0497791798590134
"Median",0.00553243078374239
"Median",0.000628342743614906
"Median",0.0772012784670494
"Median",0.064787027035102
"Median",0.0393122690668674
"Median",-0.0113680641470489
"Median",0.0112775459230623
"Median",-0.0113680641470489
"Median",0.0397927426500008
"Median",0.0769718286662206
"Median",0.0197817038997763
"Median",0.000628342743614906
"Median",0.00760762846294156
"Median",-0.0113680641470489
"Median",0.0144704629082895
"Median",0.0769718286662206
"Median",-0.0113680641470489
"Median",0.0213975238666443
"Median",-0.0075639614981641
"Median",-0.0113680641470489
"Median",0.0144704629082895
"Median",0.0100533355444909
"Median",-0.0113680641470489
"Median",0.0202396001234156
"Median",-0.0113680641470489
"Median",0.0100533355444909
"Median",-0.0113680641470489
"Median",0.0197817038997763
"Median",-0.0113680641470489
"Median",-0.0113680641470489
"Median",-0.0113680641470489
"Median",-0.0036497496277895
"Median",0.0226733273216978
"Median",-0.0113680641470489
"Median",-0.0113680641470489
"Median",-0.0113680641470489
"Median",0.0144704629082895
"Median",0.0517300095549614
"Median",0.0397927426500008
"Median",-0.0113680641470489
"Median",0.0112775459230623
"Median",0.0781185082799154
"Median",0.0500810875869205
"Median",0.0197817038997763
"Median",-0.0113680641470489
"Median",0.0236289852745123
"Median",0.0262718052671589
"Median",-0.000212074611103554
"Median",0.0151943491424976
"Median",0.0112775459230623
"Median",0.0302358604572917
"Median",0.064787027035102
"Median",-0.0113680641470489
"Median",0.00553243078374239
"Median",0.062460810508824
"Median",0.0397927426500008
"Median",-0.0113680641470489
"Median",-0.0113680641470489
"Median",0.0202396001234156
"Median",0.000628342743614906
"Median",0.005756545488221
"Median",0.0213975238666443
"Median",0.033592131511972
"Median",-0.0113680641470489
"Median",0.0497791798590134
"Median",-0.00583626147571784
"Median",-0.0075639614981641
"Median",-0.0113680641470489
"Median",0.0262718052671589
"Median",0.0769718286662206
"Median",-0.0113680641470489
"Median",-0.00762692221649651
"Median",-0.0113680641470489
"Median",-0.0113680641470489
"Median",-0.0113680641470489
"Median",-0.0113680641470489
"Median",-0.000212074611103554
"Median",-0.00583626147571784
"Median",0.0151943491424976
"Median",-0.0075639614981641
"Median",0.0393122690668674
"Median",0.0100533355444909
"Median",-0.0113680641470489
"Median",0.0725937572194392
"Median",-0.0113680641470489
"Median",0.0100533355444909
"Median",-0.00212174692539489
"Median",0.000196654167717168
"Median",0.066666790831467
"Median",-0.0113680641470489
"Median",0.00760762846294156
"Median",0.0303922515277785
"Median",-0.0113680641470489
"Median",0.00553243078374239
"Median",-0.00635550688392066
"Median",-0.0113680641470489
"Median",-0.0113680641470489
"Median",-0.0113680641470489
"Median",0.0769718286662206
"Median",0.0819570746610779
"Median",0.0112775459230623
"Median",-0.0113680641470489
"Median",0.005756545488221
"Median",0.00553243078374239
"Median",-0.0113680641470489
"Median",-0.0113680641470489
"Median",-0.0113680641470489
"Median",-0.00141598561455413
"Median",0.0347870114895265
"Median",0.0213975238666443
"Median",0.0144704629082895
"Median",-0.0113680641470489
"Median",0.0202396001234156
"Median",0.0397927426500008
"Median",-0.0036497496277895
"Median",0.064787027035102
"Median",-0.0113680641470489
"Median",-0.0113680641470489
"Median",-0.0113680641470489
"Median",0.005756545488221
"Median",-0.0113680641470489
"Median",-0.0113680641470489
"Median",0.033592131511972
"Median",0
"Median",0.0144704629082895
"Median",0.0262718052671589
"Median",-0.00141598561455413
"Median",0.0100533355444909
"Median",-0.0113680641470489
"Median",-0.0113680641470489
"Median",0.0151943491424976
"Median",0.0226733273216978
"Median",-0.0113680641470489
"Median",0.033592131511972
"Median",-0.0113680641470489
"Median",0.0262718052671589
"Median",0.000196654167717168
"Median",-0.0113680641470489
"Median",0.0397927426500008
"Median",-0.0113680641470489
"Median",-0.0113680641470489
"Median",-0.0036497496277895
"Median",-0.0113680641470489
"Median",-0.0113680641470489
"Median",0.0357237592268062
"Median",-0.0113680641470489
"Median",-0.0113680641470489
"Median",0.0627560851368309
"Median",0.00760762846294156
"Median",0.0197817038997763
"Median",0
"Median",0.000628342743614906
"Median",0.0517300095549614
"Median",0.0100533355444909
"Median",-0.0113680641470489
"Median",0.0269625784995975
"Median",0.0269625784995975
"Median",-0.000212074611103554
"Median",0.0100533355444909
"Median",0.0112775459230623
"Median",0.0452695555517963
"Median",0.000196654167717168
"Median",0.0517300095549614
"Median",-0.0113680641470489
"Median",0.103363222230317
"Median",-0.00583626147571784
"Median",0.0226733273216978
"Median",0.0100533355444909
"Median",0.0435101464661579
"Median",0.00760762846294156
"Median",-0.0113680641470489
"Median",0.0393122690668674
"Median",-0.0113680641470489
"Median",-0.0075639614981641
"Median",-0.0113680641470489
"Median",-0.00640013557260947
"Median",0.0269625784995975
"Median",0.0236289852745123
"Median",0.00553243078374239
"Median",0.0226733273216978
"Median",-0.0113680641470489
"Median",-0.0113680641470489
"Median",0.0500810875869205
"Median",-0.0113680641470489
"Median",-0.0113680641470489
"Median",0.0144704629082895
"Median",0
"Median",-0.0113680641470489
"Median",-0.00635550688392066
"Median",0.0202396001234156
"Median",0.0197817038997763
"Median",-0.0113680641470489
"Median",0.0397927426500008
"Median",-0.0113680641470489
"Median",-0.0113680641470489
"Median",-0.0113680641470489
"Median",0.0302358604572917
"Median",-0.00640013557260947
"Median",0.0499301290675709
"Median",-0.0113680641470489
"Median",0.0144704629082895
"Median",-0.0113680641470489
"Median",0.0972853836170671
"Median",0.0151943491424976
"Median",0.0397927426500008
"Median",0.0151943491424976
"Median",0.0414877395244057
"Median",-0.0113680641470489
"Median",-0.00635550688392066
"Median",-0.0113680641470489
"Median",-0.00583626147571784
"Median",-0.0113680641470489
"Median",-0.0113680641470489
"Median",-0.0113680641470489
"Median",-0.0113680641470489
"Median",0.0536824482025152
"Median",0.0213975238666443
"Median",0.0819570746610779
"Median",0
"Median",-0.0113680641470489
"Median",-0.0113680641470489
"Median",0.0517300095549614
"Median",0.0781185082799154
"Median",0.00760762846294156
"Median",0.000628342743614906
"Median",-0.00212174692539489
"Median",0.057244960154396
"Median",-0.0113680641470489
"Median",-0.0113680641470489
"Median",-0.0113680641470489
"Median",0.0302358604572917
"Median",0.0213975238666443
"Median",-0.0113680641470489
"Median",-0.000212074611103554
"Median",-0.0113680641470489
"Median",0.0500810875869205
"Median",0.0303922515277785
"Median",-0.0113680641470489
"Median",0.0226733273216978
"Median",-0.0113680641470489
"Median",-0.0113680641470489
"Median",0.0144704629082895
"Median",-0.000212074611103554
"Median",0.0357237592268062
"Median",-0.0113680641470489
"Median",0.0100533355444909
"Median",-0.0113680641470489
"Median",-0.0113680641470489
"Median",-0.0113680641470489
"Median",-0.00212174692539489
"Median",-0.0113680641470489
"Median",-0.0113680641470489
"Median",-0.0113680641470489
"Median",-0.0113680641470489
"Median",-0.0113680641470489
"Median",0.0100533355444909
"Median",-0.0113680641470489
"Median",0.000628342743614906
"Median",-0.00141598561455413
"Median",-0.000212074611103554
"Median",-0.0113680641470489
"Median",-0.0113680641470489
"Median",-0.0113680641470489
"Median",0.0112775459230623
"Median",0.000628342743614906
"Median",-0.0036497496277895
"Median",0.0197817038997763
"Median",-0.0113680641470489
"Median",-0.0113680641470489
"Median",0.042312704334489
"Median",-0.0113680641470489
"Median",0.00760762846294156
"Median",0.0197817038997763
"Median",-0.00640013557260947
"Median",-0.0036497496277895
"Median",-0.0113680641470489
"Median",-0.00212174692539489
"Median",-0.0113680641470489
"Median",0.0772012784670494
"Median",-0.00583626147571784
"Median",0.00760762846294156
"Median",-0.0113680641470489
"Median",0.00553243078374239
"Median",0.0151943491424976
"Median",-0.0113680641470489
"Median",0.0397927426500008
"Median",0.000628342743614906
"Median",-0.00762692221649651
"Median",-0.0113680641470489
"Median",-0.00635550688392066
"Median",-0.0113680641470489
"Median",-0.0113680641470489
"Median",-0.0113680641470489
"Median",-0.0113680641470489
"Median",0.0357237592268062
"Median",-0.0113680641470489
"Median",-0.0113680641470489
"Median",0.0393122690668674
"Median",0.0151943491424976
"Median",-0.0113680641470489
"Median",0.062460810508824
"Median",0.0393122690668674
"Median",-0.00762692221649651
"Median",0.0100533355444909
"Median",-0.0113680641470489
"Median",-0.0113680641470489
"Median",-0.00640013557260947
"Median",-0.0113680641470489
"Median",-0.0113680641470489
"Median",-0.0113680641470489
"Median",0.00760762846294156
"Median",0.0112775459230623
"Median",0.00553243078374239
"Median",0.00760762846294156
"Median",-0.0113680641470489
"Median",0.00553243078374239
"Median",-0.0075639614981641
"Median",-0.0113680641470489
"Median",0.0226733273216978
"Median",0.0499301290675709
"Median",0.0452695555517963
"Median",-0.00141598561455413
"Median",0.0197817038997763
"Median",-0.00635550688392066
"Median",0.000628342743614906
"Median",0.042312704334489
"Median",-0.0113680641470489
"Median",0.0357237592268062
"Median",0.0269625784995975
"Median",-0.0113680641470489
"Median",-0.0113680641470489
"Median",-0.0113680641470489
"Median",-0.0113680641470489
"Median",-0.0075639614981641
"Median",-0.0113680641470489
"Median",0.042312704334489
"Median",0.000628342743614906
"Median",0.0333929305987802
"Median",-0.0113680641470489
"Median",-0.0113680641470489
"Median",0.0397927426500008
"Median",0.0100533355444909
"Median",0.0112775459230623
"Median",0.0536824482025152
"Median",0.0497791798590134
"Median",0.0303922515277785
"Median",0.0144704629082895
"Median",0.0236289852745123
"Median",-0.0113680641470489
"Median",-0.00762692221649651
"Median",-0.00762692221649651
"Median",-0.0113680641470489
"Median",-0.000212074611103554
"Median",-0.0113680641470489
"Median",0.0536824482025152
"Median",0.0499301290675709
"Median",0.0112775459230623
"Median",0.062460810508824
"Median",-0.0113680641470489
"Median",0.0197817038997763
"Median",-0.0113680641470489
"Median",0.0112775459230623
"Median",-0.00635550688392066
"Median",0.062460810508824
"Median",0.0414877395244057
"Median",0.00553243078374239
"Median",-0.00141598561455413
"Median",-0.0075639614981641
"Median",0.0202396001234156
"Median",-0.0113680641470489
"Median",-0.0113680641470489
"Median",-0.0113680641470489
"Median",-0.0075639614981641
"Median",0.005756545488221
"Median",-0.0113680641470489
"Median",0.0333929305987802
"Median",0.0213975238666443
"Median",-0.0113680641470489
"Median",-0.0113680641470489
"Median",-0.0075639614981641
"Median",0.00760762846294156
"Median",0.0144704629082895
"Median",-0.0113680641470489
"Median",0.00760762846294156
"Median",-0.0113680641470489
"Median",-0.0113680641470489
"Median",0.0393122690668674
"Median",-0.0036497496277895
"Median",0.0112775459230623
"Median",0.0269625784995975
"Median",0.0269625784995975
"Median",0.00760762846294156
"Median",0.0112775459230623
"Median",0.0500810875869205
"Median",0.0497791798590134
"Median",0.0151943491424976
"Median",-0.00640013557260947
"Median",-0.0113680641470489
"Median",0.0262718052671589
"Median",-0.0113680641470489
"Median",0.0302358604572917
"Median",0.0500810875869205
"Median",-0.00141598561455413
"Median",0
"Median",0.0397927426500008
"Median",-0.0113680641470489
"Median",0.00760762846294156
"Median",0.0151943491424976
"Median",0.0100533355444909
"Median",-0.0113680641470489
"Median",0.0262718052671589
"Median",0.005756545488221
"Median",-0.00141598561455413
"Median",0.0269625784995975
"Median",-0.0036497496277895
"Median",-0.000212074611103554
"Median",-0.0113680641470489
"Median",-0.0113680641470489
"Median",0.0781185082799154
"Median",-0.0113680641470489
"Median",0.0262718052671589
"Median",-0.0113680641470489
"Median",-0.0036497496277895
"Median",0.0269625784995975
"Median",-0.0113680641470489
"Median",0.0269625784995975
"Median",0.0497791798590134
"Median",-0.0113680641470489
"Median",-0.0113680641470489
"Median",-0.0113680641470489
"Median",-0.0113680641470489
"Median",0.0819570746610779
"Median",-0.0113680641470489
"Median",-0.0113680641470489
"Median",-0.0113680641470489
"Median",0.0213975238666443
"Median",0.0517300095549614
"Median",-0.00762692221649651
"Median",0.0262718052671589
"Median",0.0500810875869205
"Median",0.0897850509854487
"Median",0.0144704629082895
"Median",0.033592131511972
"Median",-0.0113680641470489
"Median",-0.0113680641470489
"Median",-0.00212174692539489
"Median",-0.0113680641470489
"Median",-0.0113680641470489
"Median",0.0262718052671589
"Median",0.0112775459230623
"Median",-0.0113680641470489
"Median",-0.0113680641470489
"Median",-0.0113680641470489
"Median",0.0112775459230623
"Median",-0.00141598561455413
"Median",0.0357237592268062
"Median",-0.0113680641470489
"Median",0.062460810508824
"Median",0.0641017284690034
"Median",-0.00762692221649651
"Median",-0.0113680641470489
"Median",0.000628342743614906
"Median",0.0819570746610779
"Median",-0.00635550688392066
"Median",-0.0113680641470489
"Median",-0.0113680641470489
"Median",-0.00141598561455413
"Median",0.0778030355051859
"Median",0.0197817038997763
"Median",0.0213975238666443
"Median",0.0100533355444909
"Median",0.0302358604572917
"Median",-0.0113680641470489
"Median",-0.0113680641470489
"Median",-0.0113680641470489
"Median",0.0144704629082895
"Median",-0.0113680641470489
"Median",0.0151943491424976
"Median",-0.0113680641470489
"Median",0.064787027035102
"Median",0.0452695555517963
"Median",0.0517300095549614
"Median",-0.00583626147571784
"Median",0.000628342743614906
"Median",-0.00212174692539489
"Median",-0.0113680641470489
"Median",-0.0113680641470489
"Median",-0.0113680641470489
"Median",-0.000212074611103554
"Median",-0.0113680641470489
"Median",0.0213975238666443
"Median",-0.0113680641470489
"Median",0.0262718052671589
"Median",0.0197817038997763
"Median",0
"Median",0.005756545488221
"Median",-0.0113680641470489
"Median",-0.0113680641470489
"Median",-0.0113680641470489
"Median",0.0357237592268062
"Median",0.0112775459230623
"Median",0.0333929305987802
"Median",-0.00635550688392066
"Median",0.0151943491424976
"Median",-0.0113680641470489
"Median",-0.0113680641470489
"Median",-0.0113680641470489
"Median",-0.0113680641470489
"Median",0.0627560851368309
"Median",0.0202396001234156
"Median",0.0202396001234156
"Median",-0.0113680641470489
"Median",0.0197817038997763
"Median",0.0414877395244057
"Median",-0.0075639614981641
"Median",-0.0113680641470489
"Median",-0.0113680641470489
"Median",0.000628342743614906
"Median",-0.0113680641470489
"Median",-0.0113680641470489
"Median",0.0151943491424976
"Median",0.0226733273216978
"Median",0.0100533355444909
"Median",0.033592131511972
"Median",0.0262718052671589
"Median",-0.00141598561455413
"Median",-0.0113680641470489
"Median",0.005756545488221
"Median",-0.00583626147571784
"Median",-0.00640013557260947
"Median",0.0452695555517963
"Median",-0.0113680641470489
"Median",0.000628342743614906
"Median",-0.0113680641470489
"Median",-0.0113680641470489
"Median",0.0202396001234156
"Median",-0.0075639614981641
"Median",0.005756545488221
"Median",0.042312704334489
"Median",-0.0113680641470489
"Median",-0.0113680641470489
"Median",0.0499301290675709
"Median",0.000628342743614906
"Median",0.0536824482025152
"Median",0.064787027035102
"Median",-0.0113680641470489
"Median",-0.0113680641470489
"Median",-0.0113680641470489
"Median",-0.0113680641470489
"Median",0.0536824482025152
"Median",0.0269625784995975
"Median",0.005756545488221
"Median",0.0303922515277785
"Median",-0.00212174692539489
"Median",-0.00640013557260947
"Median",-0.0113680641470489
"Median",0.0226733273216978
"Median",0.0303922515277785
"Median",0.000628342743614906
"Median",0.0144704629082895
"Median",0.00553243078374239
"Median",-0.0113680641470489
"Median",0.0397927426500008
"Median",0.0112775459230623
"Median",-0.00583626147571784
"Median",-0.0113680641470489
"Median",0.0144704629082895
"Median",-0.0113680641470489
"Median",0.0357237592268062
"Median",-0.0113680641470489
"Median",0.0725937572194392
"Median",0.0151943491424976
"Median",0.0144704629082895
"Median",-0.0075639614981641
"Median",-0.0113680641470489
"Median",-0.0113680641470489
"Median",-0.000212074611103554
"Median",-0.0075639614981641
"Median",-0.0113680641470489
"Median",0.00553243078374239
"Median",0.0641017284690034
"Median",0.0262718052671589
"Median",0.0213975238666443
"Median",-0.0113680641470489
"Median",0.0226733273216978
"Median",-0.0113680641470489
"Median",-0.0036497496277895
"Median",-0.0113680641470489
"Median",-0.00583626147571784
"Median",0.0357237592268062
"Median",-0.00635550688392066
"Median",-0.0113680641470489
"Median",-0.00635550688392066
"Median",0.0497791798590134
"Median",-0.0113680641470489
"Median",0.0907753839745158
"Median",0.000628342743614906
"Median",-0.0113680641470489
"Median",0
"Median",-0.0113680641470489
"Median",-0.000212074611103554
"Median",0.057244960154396
"Median",-0.00640013557260947
"Median",0.000196654167717168
"Median",-0.000212074611103554
"Median",0.0151943491424976
"Median",0.0641017284690034
"Median",-0.0113680641470489
"Median",0.0262718052671589
"Median",0.0100533355444909
"Median",-0.0113680641470489
"Median",-0.0113680641470489
"Median",0.0262718052671589
"Median",-0.0113680641470489
"Median",-0.00635550688392066
"Median",-0.00141598561455413
"Median",0.0213975238666443
"Median",0
"Median",-0.0113680641470489
"Median",-0.00640013557260947
"Median",0.033592131511972
"Median",0.0144704629082895
"Median",0.00760762846294156
"Median",-0.0113680641470489
"Median",-0.0113680641470489
"Median",-0.00635550688392066
"Median",0.0100533355444909
"Median",0.0262718052671589
"Median",-0.0113680641470489
"Median",0.0269625784995975
"Median",-0.000212074611103554
"Median",0.0112775459230623
"Median",-0.0113680641470489
"Median",-0.0113680641470489
"Median",0.0536824482025152
"Median",0.0262718052671589
"Median",-0.0113680641470489
"Median",-0.00583626147571784
"Median",0.0226733273216978
"Median",-0.0113680641470489
"Median",-0.0113680641470489
"Median",0.000196654167717168
"Median",0.0303922515277785
"Median",-0.00762692221649651
"Median",0.0393122690668674
"Median",0.0100533355444909
"Median",0.0236289852745123
"Median",-0.0113680641470489
"Median",-0.0113680641470489
"Median",-0.0113680641470489
"Median",0.0213975238666443
"Median",0.0226733273216978
"Median",-0.00635550688392066
"Median",-0.0113680641470489
"Median",-0.00635550688392066
"Median",0.0213975238666443
"Median",0.033592131511972
"Median",0.0357237592268062
"Median",-0.0036497496277895
"Median",-0.0113680641470489
"Median",0.00553243078374239
"Median",-0.0113680641470489
"Median",0.033592131511972
"Median",0.0333929305987802
"Median",0.00760762846294156
"Median",-0.0113680641470489
"Median",-0.0113680641470489
"Median",-0.0113680641470489
"Median",0.0769718286662206
"Median",-0.0113680641470489
"Median",0.033592131511972
"Median",0.0226733273216978
"Median",0.101799717801056
"Median",0.005756545488221
"Median",0.0333929305987802
"Median",-0.0113680641470489
"Median",0.0347870114895265
"Median",0.0112775459230623
"Median",-0.00640013557260947
"Median",-0.0113680641470489
"Median",-0.0113680641470489
"Median",-0.0113680641470489
"Median",-0.00635550688392066
"Median",0.0819570746610779
"Median",0.0397927426500008
"Median",-0.0113680641470489
"Median",0.0236289852745123
"Median",-0.0113680641470489
"Median",0.0144704629082895
"Median",-0.0075639614981641
"Median",0.0144704629082895
"Median",-0.0113680641470489
"Median",0.0497791798590134
"Median",-0.0113680641470489
"Median",-0.00212174692539489
"Median",-0.0113680641470489
"Median",0.0397927426500008
"Median",0.0435101464661579
"Median",0.0536824482025152
"Median",-0.0113680641470489
"Median",0.0333929305987802
"Median",0.0100533355444909
"Median",-0.0113680641470489
"Median",-0.0036497496277895
"Median",0.0435101464661579
"Median",0.000196654167717168
"Median",0.062460810508824
"Median",0.0709532833044633
"Median",-0.000212074611103554
"Median",-0.0113680641470489
"Median",0.00553243078374239
"Median",0.00760762846294156
"Median",-0.00583626147571784
"Median",-0.0113680641470489
"Median",0.00553243078374239
"Median",0.0213975238666443
"Median",-0.0113680641470489
"Median",0.000196654167717168
"Median",-0.0113680641470489
"Median",-0.00635550688392066
"Median",0.0347870114895265
"Median",0.042312704334489
"Median",-0.00635550688392066
"Median",0.0144704629082895
"Median",0.0226733273216978
"Median",-0.00640013557260947
"Median",-0.0113680641470489
"Median",-0.00762692221649651
"Median",0.0100533355444909
"Median",0.0499301290675709
"Median",0.000196654167717168
"Median",-0.0113680641470489
"Median",-0.00640013557260947
"Median",-0.0113680641470489
"Median",0.0202396001234156
"Median",0.033592131511972
"Median",0.005756545488221
"Median",0.0435101464661579
"Median",-0.0113680641470489
"Median",0.057244960154396
"Median",-0.0113680641470489
"Median",0.0236289852745123
"Median",-0.00640013557260947
"Median",0.0303922515277785
"Median",-0.0113680641470489
"Median",0.064787027035102
"Median",-0.00212174692539489
"Median",0.0414877395244057
"Median",0.00760762846294156
"Median",0.0144704629082895
"Median",-0.0113680641470489
"Median",-0.0113680641470489
"Median",-0.0113680641470489
"Median",0.0197817038997763
"Median",0.064787027035102
"Median",-0.0113680641470489
"Median",0.0269625784995975
"Median",-0.0113680641470489
"Median",0.0972502909440919
"Median",0.000628342743614906
"Median",-0.0113680641470489
"Median",0.0262718052671589
"Median",0.0397927426500008
"Median",0.0357237592268062
"Median",-0.00141598561455413
"Median",0.0500810875869205
"Median",-0.00762692221649651
"Median",0.0100533355444909
"Median",-0.0113680641470489
"Median",-0.0113680641470489
"Median",-0.0113680641470489
"Median",0.0302358604572917
"Median",0.0112775459230623
"Median",0.0144704629082895
"Median",-0.0113680641470489
"Median",0.0144704629082895
"Median",-0.0113680641470489
"Median",-0.0113680641470489
"Median",0.0236289852745123
"Median",-0.00583626147571784
"Median",0.0302358604572917
"Median",-0.00640013557260947
"Median",0.0452695555517963
"Median",0.0202396001234156
"Median",0.042312704334489
"Median",0.0347870114895265
"Median",-0.00640013557260947
"Median",0
"Median",0
"Median",0.0414877395244057
"Median",0.0100533355444909
"Median",-0.0113680641470489
"Median",0.0500810875869205
"Median",0.0357237592268062
"Median",0.0213975238666443
"Median",0.005756545488221
"Median",0.00760762846294156
"Median",-0.0036497496277895
"Median",-0.0036497496277895
"Median",-0.0075639614981641
"Median",0.0269625784995975
"Median",0.066666790831467
"Median",-0.00212174692539489
"Median",0.0197817038997763
"Median",-0.0113680641470489
"Median",-0.0036497496277895
"Median",-0.00635550688392066
"Median",-0.0113680641470489
"Median",0.0497791798590134
"Median",0.005756545488221
"Median",-0.0113680641470489
"Median",-0.0113680641470489
"Median",0.0627560851368309
"Median",-0.0113680641470489
"Median",-0.0113680641470489
"Median",0.0151943491424976
"Median",-0.0075639614981641
"Median",-0.0113680641470489
"Median",0.0213975238666443
"Median",0.0269625784995975
"Median",-0.00762692221649651
"Median",-0.0113680641470489
"Median",-0.0075639614981641
"Median",0.0151943491424976
"Median",0.0197817038997763
"Median",0.0262718052671589
"Median",-0.0113680641470489
"Median",0.0197817038997763
"Median",-0.0113680641470489
"Median",0.000628342743614906
"Median",0.00553243078374239
"Median",-0.0113680641470489
"Median",0.0781185082799154
"Median",-0.00635550688392066
"Median",0.0202396001234156
"Median",0.0435101464661579
"Median",-0.0113680641470489
"Median",0.0100533355444909
"Median",-0.0075639614981641
"Median",-0.0113680641470489
"Median",0.042312704334489
"Median",-0.0113680641470489
"Median",-0.0113680641470489
"Median",-0.0113680641470489
"Median",-0.0113680641470489
"Median",-0.0113680641470489
"Median",0.005756545488221
"Median",0.00553243078374239
"Median",0.0236289852745123
"Median",-0.0113680641470489
"Median",-0.0113680641470489
"Median",0.000628342743614906
"Median",-0.0036497496277895
"Median",0.000628342743614906
"Median",0.0497791798590134
"Median",-0.0113680641470489
"Median",0.0236289852745123
"Median",-0.00583626147571784
"Median",-0.0113680641470489
"Median",-0.0113680641470489
"Median",0
"Median",0.000628342743614906
"Median",0.00760762846294156
"Median",0.0100533355444909
"Median",-0.0113680641470489
"Median",0.0536824482025152
"Median",0.005756545488221
"Median",0.0435101464661579
"Median",-0.0113680641470489
"Median",0.0850194795601253
"Median",-0.0113680641470489
"Median",0.0641017284690034
"Median",0.000196654167717168
"Median",0.0393122690668674
"Median",0.000196654167717168
"Median",0.0517300095549614
"Median",0.0197817038997763
"Median",0.0333929305987802
"Median",-0.0113680641470489
"Median",-0.0113680641470489
"Median",0
"Median",0
"Median",-0.0113680641470489
"Median",0.005756545488221
"Median",0.0112775459230623
"Median",0.000196654167717168
"Median",0.0269625784995975
"Median",0.0302358604572917
"Median",-0.0113680641470489
"Median",0.00760762846294156
"Median",-0.00762692221649651
"Median",0.00553243078374239
"Median",-0.0113680641470489
"Median",-0.00583626147571784
"Median",-0.0113680641470489
"Median",0.000628342743614906
"Median",-0.00762692221649651
"Median",0.0236289852745123
"Median",-0.0113680641470489
"Median",0.0151943491424976
"Median",-0.0113680641470489
"Median",0.0357237592268062
"Median",-0.0036497496277895
"Median",-0.0036497496277895
"Median",-0.0113680641470489
"Median",-0.0113680641470489
"Median",-0.00583626147571784
"Median",-0.00212174692539489
"Median",0.0536824482025152
"Median",0.042312704334489
"Median",0
"Median",0.0497791798590134
"Median",0.0414877395244057
"Median",0.005756545488221
"Median",0.0333929305987802
"Median",-0.0036497496277895
"Median",-0.0113680641470489
"Median",-0.00583626147571784
"Median",0.0144704629082895
"Median",-0.0113680641470489
"Median",0.0262718052671589
"Median",0.066666790831467
"Median",-0.0113680641470489
"Median",-0.0113680641470489
"Median",0.0772012784670494
"Median",-0.00212174692539489
"Median",-0.00212174692539489
"Median",-0.0113680641470489
"Median",0.0202396001234156
"Median",0.0112775459230623
"Median",-0.0113680641470489
"Median",-0.0113680641470489
"Median",0.0100533355444909
"Median",-0.00141598561455413
"Median",0.064787027035102
"Median",-0.0113680641470489
"Median",0.0262718052671589
"Median",0.0397927426500008
"Median",0.0517300095549614
"Median",0.0397927426500008
"Median",-0.0113680641470489
"Median",0.0269625784995975
"Median",0.005756545488221
"Median",0.00760762846294156
"Median",0.0197817038997763
"Median",-0.0036497496277895
"Median",0.005756545488221
"Median",-0.0113680641470489
"Median",0.00760762846294156
"Median",0.0213975238666443
"Median",0.0197817038997763
"Median",0.0144704629082895
"Median",-0.00635550688392066
"Median",0.0269625784995975
"Median",-0.00583626147571784
"Median",0.0100533355444909
"Median",0.0100533355444909
"Median",-0.0113680641470489
"Median",0.064787027035102
"Median",0.0112775459230623
"Median",0.0347870114895265
"Median",-0.0113680641470489
"Median",0.0333929305987802
"Median",-0.0113680641470489
"Median",0.0333929305987802
"Median",-0.00640013557260947
"Median",-0.0113680641470489
"Median",-0.0113680641470489
"Median",0.0144704629082895
"Median",0.033592131511972
"Median",-0.00635550688392066
"Median",0
"Median",-0.0113680641470489
"Median",-0.0113680641470489
"Median",0.042312704334489
"Median",-0.0113680641470489
"Median",0.0151943491424976
"Median",-0.0113680641470489
"Median",0.005756545488221
"Median",-0.00640013557260947
"Median",-0.00583626147571784
"Median",0.0262718052671589
"Median",-0.00141598561455413
"Median",0.005756545488221
"Median",0.0112775459230623
"Median",-0.0113680641470489
"Median",-0.0113680641470489
"Median",0.101799717801056
"Median",0.00553243078374239
"Median",0.0151943491424976
"Median",-0.0113680641470489
"Median",0.005756545488221
"Median",-0.0113680641470489
"Median",-0.0113680641470489
"Median",0.000196654167717168
"Median",0.0769718286662206
"Median",-0.00762692221649651
"Median",-0.0113680641470489
"Median",-0.0113680641470489
"Median",-0.0113680641470489
"Median",-0.00212174692539489
"Median",0.0144704629082895
"Median",-0.0113680641470489
"Median",-0.0113680641470489
"Median",0.0226733273216978
"Median",0.104742277768149
"Median",0.005756545488221
"Median",-0.00212174692539489
"Median",0.0197817038997763
"Median",0.000196654167717168
"Median",-0.0113680641470489
"Median",-0.0113680641470489
"Median",-0.00583626147571784
"Median",-0.0113680641470489
"Median",0.0725937572194392
"Median",-0.0113680641470489
"Median",0.0213975238666443
"Median",0
"Median",0.0100533355444909
"Median",-0.0113680641470489
"Median",0.0850194795601253
"Median",0.0269625784995975
"Median",0.0357237592268062
"Median",-0.0113680641470489
"Median",0.00553243078374239
"Median",-0.0113680641470489
"Median",0.0151943491424976
"Median",-0.0113680641470489
"Median",0.00553243078374239
"Median",-0.0113680641470489
"Median",-0.0113680641470489
"Median",0.0302358604572917
"Median",0.000628342743614906
"Median",-0.0113680641470489
"Median",-0.0113680641470489
"Median",0.000196654167717168
"Median",-0.0113680641470489
"Median",-0.000212074611103554
"Median",-0.0113680641470489
"Median",-0.0075639614981641
"Median",0.0500810875869205
"Median",0.0226733273216978
"Median",0.0202396001234156
"Median",-0.0113680641470489
"Median",0.0202396001234156
"Median",0
"Median",-0.0113680641470489
"Median",0.0435101464661579
"Median",-0.00762692221649651
"Median",-0.0113680641470489
"Median",0.0213975238666443
"Median",-0.0113680641470489
"Median",0.0202396001234156
"Median",-0.0113680641470489
"Median",0.0452695555517963
"Median",-0.0113680641470489
"Median",0.000628342743614906
"Median",-0.0036497496277895
"Median",-0.0113680641470489
"Median",0.0333929305987802
"Median",0.0393122690668674
"Median",0.0144704629082895
"Median",-0.0113680641470489
"Median",-0.0075639614981641
"Median",0.0226733273216978
"Median",0.0144704629082895
"Median",-0.0113680641470489
"Median",-0.0075639614981641
"Median",-0.0113680641470489
"Median",0.0709532833044633
"Median",-0.0113680641470489
"Median",-0.00141598561455413
"Median",0.00760762846294156
"Median",-0.0113680641470489
"Median",0
"Median",-0.0113680641470489
"Median",0.0497791798590134
"Median",-0.0113680641470489
"Median",-0.0113680641470489
"Median",-0.0113680641470489
"Median",0.000628342743614906
"Median",-0.0113680641470489
"Median",-0.0113680641470489
"Median",-0.0113680641470489
"Median",0.0725937572194392
"Median",-0.00141598561455413
"Median",-0.00640013557260947
"Median",-0.0113680641470489
"Median",-0.0113680641470489
"Median",-0.0113680641470489
"Median",-0.00583626147571784
"Median",-0.0113680641470489
"Median",-0.0113680641470489
"Median",-0.0113680641470489
"Median",-0.0113680641470489
"Median",0.0144704629082895
"Median",-0.00141598561455413
"Median",-0.00635550688392066
"Median",-0.0113680641470489
"Median",0.0262718052671589
"Median",-0.0075639614981641
"Median",-0.00762692221649651
"Median",0.00760762846294156
"Median",-0.0113680641470489
"Median",0.0850194795601253
"Median",0.0197817038997763
"Median",-0.0113680641470489
"Median",0.042312704334489
"Median",-0.0113680641470489
"Median",0.0262718052671589
"Median",0.0414877395244057
"Median",0.0497791798590134
"Median",0.0397927426500008
"Median",-0.0113680641470489
"Median",0.00553243078374239
"Median",0.0397927426500008
"Median",0
"Median",0.0262718052671589
"Median",0.0236289852745123
"Median",0.0236289852745123
"Median",-0.00583626147571784
"Median",-0.00583626147571784
"Median",0.0302358604572917
"Median",0.0151943491424976
"Median",-0.0113680641470489
"Median",0.0269625784995975
"Median",-0.0113680641470489
"Median",0.0144704629082895
"Median",-0.0036497496277895
"Median",-0.0036497496277895
"Median",0.0202396001234156
"Median",-0.0036497496277895
"Median",-0.00212174692539489
"Median",-0.0113680641470489
"Median",0.0772012784670494
"Median",-0.0113680641470489
"Median",0.0236289852745123
"Median",0.0213975238666443
"Median",-0.00640013557260947
"Median",0.0303922515277785
"Median",-0.0113680641470489
"Median",-0.0075639614981641
"Median",-0.00212174692539489
"Median",0.0302358604572917
"Median",0.000628342743614906
"Median",0.0262718052671589
"Median",-0.0113680641470489
"Median",-0.0113680641470489
"Median",0.0500810875869205
"Median",-0.00141598561455413
"Median",0.0151943491424976
"Median",0.0197817038997763
"Median",0.0500810875869205
"Median",0.042312704334489
"Median",-0.0036497496277895
"Median",-0.0113680641470489
"Median",0.0151943491424976
"Median",-0.0113680641470489
"Median",-0.00583626147571784
"Median",-0.0113680641470489
"Median",-0.0113680641470489
"Median",-0.0113680641470489
"Median",-0.0113680641470489
"Median",-0.0113680641470489
"Median",0.0347870114895265
"Median",0.00553243078374239
"Median",0.000196654167717168
"Median",0.00760762846294156
"Median",-0.00212174692539489
"Median",-0.00640013557260947
"Median",0.042312704334489
"Median",-0.0113680641470489
"Median",-0.0113680641470489
"Median",-0.0036497496277895
"Median",0.0151943491424976
"Median",0.0197817038997763
"Median",-0.0113680641470489
"Median",-0.0113680641470489
"Median",-0.0113680641470489
"Median",0.000628342743614906
"Median",-0.0113680641470489
"Median",-0.00212174692539489
"Median",-0.00141598561455413
"Median",-0.0113680641470489
"Median",0.005756545488221
"Median",0.0202396001234156
"Median",-0.0113680641470489
"Median",-0.00212174692539489
"Median",0.0397927426500008
"Median",0.0302358604572917
"Median",-0.00762692221649651
"Median",0.0499301290675709
"Median",0.000628342743614906
"Median",-0.0075639614981641
"Median",-0.0113680641470489
"Median",-0.00583626147571784
"Median",0
"Median",0.0112775459230623
"Median",-0.000212074611103554
"Median",0.0269625784995975
"Median",-0.0113680641470489
"Median",0.000628342743614906
"Median",0.005756545488221
"Median",0.0414877395244057
"Median",0.0781185082799154
"Median",-0.0113680641470489
"Median",0.0772012784670494
"Median",0.101799717801056
"Median",-0.0113680641470489
"Median",-0.0113680641470489
"Median",-0.0113680641470489
"Median",-0.0075639614981641
"Median",-0.0113680641470489
"Median",0
"Median",0.0197817038997763
"Median",0.0641017284690034
"Median",0.0236289852745123
"Median",0.0393122690668674
"Median",-0.0113680641470489
"Median",-0.0113680641470489
"Median",0.0151943491424976
"Median",-0.0113680641470489
"Median",-0.0036497496277895
"Median",0.0100533355444909
"Median",-0.0113680641470489
"Median",0.0303922515277785
"Median",-0.000212074611103554
"Median",0.005756545488221
"Median",0.0202396001234156
"Median",0.0100533355444909
"Median",-0.0113680641470489
"Median",-0.0113680641470489
"Median",0.0202396001234156
"Median",-0.0113680641470489
"Median",0.0517300095549614
"Median",0.0100533355444909
"Median",-0.0113680641470489
"Median",-0.00141598561455413
"Median",0.005756545488221
"Median",0.0435101464661579
"Median",-0.00212174692539489
"Median",-0.0113680641470489
"Median",-0.000212074611103554
"Median",0.033592131511972
"Median",-0.0113680641470489
"Median",0.0333929305987802
"Median",0.0397927426500008
"Median",0.00553243078374239
"Median",-0.0113680641470489
"Median",-0.00762692221649651
"Median",-0.00635550688392066
"Median",0.0269625784995975
"Median",-0.00640013557260947
"Median",-0.0075639614981641
"Median",0.0536824482025152
"Median",-0.000212074611103554
"Median",0
"Median",-0.0113680641470489
"Median",-0.00141598561455413
"Median",0.000196654167717168
"Median",0.042312704334489
"Median",0.0393122690668674
"Median",-0.0113680641470489
"Median",0
"Median",0.000628342743614906
"Median",-0.0113680641470489
"Median",0.005756545488221
"Median",-0.0113680641470489
"Median",0.0100533355444909
"Median",-0.0113680641470489
"Median",0.0202396001234156
"Median",-0.00635550688392066
"Median",0.0202396001234156
"Median",-0.0113680641470489
"Median",-0.0113680641470489
"Median",0.00760762846294156
"Median",0.0269625784995975
"Median",-0.0113680641470489
"Median",0.0262718052671589
"Median",0.0112775459230623
"Median",-0.0113680641470489
"Median",-0.0113680641470489
"Median",0.0303922515277785
"Median",-0.00583626147571784
"Median",-0.0113680641470489
"Median",-0.00762692221649651
"Median",0.0435101464661579
"Median",-0.0113680641470489
"Median",-0.0113680641470489
"Median",-0.0113680641470489
"Median",-0.00762692221649651
"Median",0.005756545488221
"Median",-0.00762692221649651
"Median",0.0197817038997763
"Median",0.0435101464661579
"Median",0.00553243078374239
"Median",0.0397927426500008
"Median",-0.0113680641470489
"Median",-0.00212174692539489
"Median",-0.0036497496277895
"Median",0.0414877395244057
"Median",-0.0113680641470489
"Median",0.0641017284690034
"Median",-0.0113680641470489
"Median",-0.0113680641470489
"Median",-0.00640013557260947
"Median",0.0517300095549614
"Median",-0.0113680641470489
"Median",0.0517300095549614
"Median",-0.00583626147571784
"Median",0.0144704629082895
"Median",-0.0113680641470489
"Median",-0.0113680641470489
"Median",0.0100533355444909
"Median",-0.0113680641470489
"Median",0.0213975238666443
"Median",0.0517300095549614
"Median",-0.000212074611103554
"Median",0.0269625784995975
"Median",0.0269625784995975
"Median",0.0262718052671589
"Median",-0.00583626147571784
"Median",0.0435101464661579
"Median",0.0500810875869205
"Median",-0.0113680641470489
"Median",0.042312704334489
"Median",0.0144704629082895
"Median",-0.0036497496277895
"Median",0
"Median",0.0452695555517963
"Median",-0.00212174692539489
"Median",0.033592131511972
"Median",-0.0113680641470489
"Median",0.0236289852745123
"Median",0.0452695555517963
"Median",0.0151943491424976
"Median",-0.00635550688392066
"Median",-0.00141598561455413
"Median",0.0226733273216978
"Median",0.00553243078374239
"Median",-0.0113680641470489
"Median",0.000196654167717168
"Median",-0.0113680641470489
"Median",0.0435101464661579
"Median",-0.0113680641470489
"Median",-0.0113680641470489
"Median",0.0627560851368309
"Median",0.000628342743614906
"Median",-0.00141598561455413
"Median",-0.0113680641470489
"Median",0.005756545488221
"Median",-0.0113680641470489
"Median",0.0213975238666443
"Median",-0.0036497496277895
"Median",-0.00141598561455413
"Median",-0.0113680641470489
"Median",0.0100533355444909
"Median",0.057244960154396
"Median",-0.000212074611103554
"Median",-0.00212174692539489
"Median",0.0397927426500008
"Median",-0.0113680641470489
"Median",0.0627560851368309
"Median",-0.0113680641470489
"Median",0.0772012784670494
"Median",0.000628342743614906
"Median",-0.0036497496277895
"Median",0.0100533355444909
"Median",0.0197817038997763
"Median",-0.0113680641470489
"Median",-0.0113680641470489
"Median",0.138302742891665
"Median",0.0500810875869205
"Median",0.0236289852745123
"Median",0.0452695555517963
"Median",0.0627560851368309
"Median",0.0226733273216978
"Median",-0.00762692221649651
"Median",0.0112775459230623
"Median",-0.00212174692539489
"Median",0.000196654167717168
"Median",0.00553243078374239
"Median",0.042312704334489
"Median",0.0197817038997763
"Median",0.00553243078374239
"Median",0.0347870114895265
"Median",0.0112775459230623
"Median",0.000628342743614906
"Median",0.0499301290675709
"Median",-0.00212174692539489
"Median",-0.0113680641470489
"Median",0.0393122690668674
"Median",-0.0113680641470489
"Median",0.0262718052671589
"Median",0.00760762846294156
"Median",0.0302358604572917
"Median",0.00553243078374239
"Median",0
"Median",-0.00762692221649651
"Median",0.0641017284690034
"Median",0.0302358604572917
"Median",0.0302358604572917
"Median",-0.0113680641470489
"Median",-0.0113680641470489
"Median",0.00760762846294156
"Median",-0.0113680641470489
"Median",0.0357237592268062
"Median",-0.0113680641470489
"Median",0.0151943491424976
"Median",-0.0113680641470489
"Median",-0.0113680641470489
"Median",0.0414877395244057
"Median",0.0213975238666443
"Median",-0.0113680641470489
"Median",-0.0113680641470489
"Median",0.0236289852745123
"Median",0.0303922515277785
"Median",0.0144704629082895
"Median",-0.00141598561455413
"Median",0.00760762846294156
"Median",0.0793182247454562
"Median",0.0347870114895265
"Median",0.0151943491424976
"Median",0.0100533355444909
"Median",0.0414877395244057
"Median",-0.0113680641470489
"Median",0.0197817038997763
"Median",0.0536824482025152
"Median",0
"Median",0.0197817038997763
"Median",0.062460810508824
"Median",-0.0113680641470489
"Median",-0.0113680641470489
"Median",0.0144704629082895
"Median",0.0226733273216978
"Median",-0.0113680641470489
"Median",-0.00212174692539489
"Median",-0.0113680641470489
"Median",0.000196654167717168
"Median",0.000628342743614906
"Median",0.0499301290675709
"Median",0.0302358604572917
"Median",0.0151943491424976
"Median",-0.0113680641470489
"Median",0.0303922515277785
"Median",0.0151943491424976
"Median",-0.0113680641470489
"Median",-0.0113680641470489
"Median",0.005756545488221
"Median",0.0100533355444909
"Median",-0.0113680641470489
"Median",-0.0113680641470489
"Median",0.0269625784995975
"Median",0.0213975238666443
"Median",0.0202396001234156
"Median",0.0452695555517963
"Median",-0.0113680641470489
"Median",-0.00762692221649651
"Median",0.0226733273216978
"Median",0.000628342743614906
"Median",0.0100533355444909
"Median",-0.0036497496277895
"Median",0.0197817038997763
"Median",-0.00141598561455413
"Median",0.0144704629082895
"Median",0.0100533355444909
"Median",-0.0113680641470489
"Median",-0.00635550688392066
"Median",0.0303922515277785
"Median",0.0302358604572917
"Median",-0.0113680641470489
"Median",-0.0113680641470489
"Median",0.042312704334489
"Median",0.0452695555517963
"Median",-0.00640013557260947
"Median",0.00553243078374239
"Median",-0.0113680641470489
"Median",-0.0113680641470489
"Median",0.0517300095549614
"Median",0.0202396001234156
"Median",-0.00212174692539489
"Median",-0.0113680641470489
"Median",0.0144704629082895
"Median",0.0517300095549614
"Median",0.057244960154396
"Median",0.000196654167717168
"Median",0
"Median",-0.0113680641470489
"Median",0.0303922515277785
"Median",0.0262718052671589
"Median",-0.0113680641470489
"Median",-0.0113680641470489
"Median",-0.00583626147571784
"Median",-0.0113680641470489
"Median",0.0772012784670494
"Median",0.0302358604572917
"Median",-0.00762692221649651
"Median",0.0151943491424976
"Median",-0.0113680641470489
"Median",0.00760762846294156
"Median",0.00760762846294156
"Median",-0.000212074611103554
"Median",0.0303922515277785
"Median",0.0269625784995975
"Median",0
"Median",-0.0113680641470489
"Median",-0.000212074611103554
"Median",-0.0113680641470489
"Median",0.0357237592268062
"Median",-0.0113680641470489
"Median",0.0269625784995975
"Median",-0.0113680641470489
"Median",-0.0113680641470489
"Median",0.005756545488221
"Median",-0.000212074611103554
"Median",0.0144704629082895
"Median",-0.00141598561455413
"Median",0.0357237592268062
"Median",0.0213975238666443
"Median",0.033592131511972
"Median",0.062460810508824
"Median",-0.00640013557260947
"Median",-0.0113680641470489
"Median",-0.00583626147571784
"Median",0.0414877395244057
"Median",0.0452695555517963
"Median",-0.000212074611103554
"Median",-0.00141598561455413
"Median",-0.0113680641470489
"Median",0.000196654167717168
"Median",0.005756545488221
"Median",0.0347870114895265
"Median",-0.0113680641470489
"Median",0.0269625784995975
"Median",-0.00141598561455413
"Median",0
"Median",0.0151943491424976
"Median",0.0112775459230623
"Median",-0.0113680641470489
"Median",-0.0113680641470489
"Median",-0.0113680641470489
"Median",0.0226733273216978
"Median",-0.0113680641470489
"Median",0.0269625784995975
"Median",-0.0113680641470489
"Median",0.0144704629082895
"Median",0.0393122690668674
"Median",0.0397927426500008
"Median",0.0236289852745123
"Median",0.0997181991405647
"Median",-0.0113680641470489
"Median",-0.00640013557260947
"Median",0.0333929305987802
"Median",-0.00141598561455413
"Median",-0.0113680641470489
"Median",0.0897850509854487
"Median",-0.00640013557260947
"Median",0.0236289852745123
"Median",0.0100533355444909
"Median",-0.0113680641470489
"Median",-0.00212174692539489
"Median",-0.0113680641470489
"Median",0.000196654167717168
"Median",0.0262718052671589
"Median",0.042312704334489
"Median",0.0151943491424976
"Median",0.0197817038997763
"Median",0.0709532833044633
"Median",-0.0113680641470489
"Median",-0.00762692221649651
"Median",-0.0113680641470489
"Median",-0.0113680641470489
"Median",-0.0113680641470489
"Median",-0.0113680641470489
"Median",-0.0113680641470489
"Median",0.0269625784995975
"Median",0.064787027035102
"Median",0.000196654167717168
"Median",-0.0036497496277895
"Median",-0.0113680641470489
"Median",-0.0113680641470489
"Median",-0.0264350444749766
"Median",0.0144704629082895
"Median",-0.00212174692539489
"Median",-0.0113680641470489
"Median",0.0357237592268062
"Median",-0.0113680641470489
"Median",-0.00212174692539489
"Median",-0.0113680641470489
"Median",-0.0113680641470489
"Median",0.0347870114895265
"Median",-0.00635550688392066
"Median",0.0144704629082895
"Median",-0.0113680641470489
"Median",0.0226733273216978
"Median",-0.00635550688392066
"Median",-0.0113680641470489
"Median",-0.0113680641470489
"Median",-0.0113680641470489
"Median",-0.00583626147571784
"Median",-0.0113680641470489
"Median",-0.00141598561455413
"Median",0.0236289852745123
"Median",-0.00635550688392066
"Median",-0.00141598561455413
"Median",0.0393122690668674
"Median",-0.0113680641470489
"Median",0.0213975238666443
"Median",0.0100533355444909
"Median",0.033592131511972
"Median",0.00553243078374239
"Median",0.066666790831467
"Median",0.0236289852745123
"Median",-0.0113680641470489
"Median",-0.0036497496277895
"Median",0.033592131511972
"Median",0.0357237592268062
"Median",0.0213975238666443
"Median",-0.0113680641470489
"Median",0.0302358604572917
"Median",-0.0113680641470489
"Median",0.0641017284690034
"Median",0.0302358604572917
"Median",-0.00141598561455413
"Median",-0.0036497496277895
"Median",-0.0113680641470489
"Median",-0.0113680641470489
"Median",-0.0113680641470489
"Median",-0.0036497496277895
"Median",-0.0113680641470489
"Median",0.000628342743614906
"Median",0.0303922515277785
"Median",0.0202396001234156
"Median",-0.0113680641470489
"Median",0.0213975238666443
"Median",0.0262718052671589
"Median",-0.0113680641470489
"Median",0
"Median",-0.00583626147571784
"Median",0.0100533355444909
"Median",-0.0113680641470489
"Median",0.0112775459230623
"Median",0.0151943491424976
"Median",0.0772012784670494
"Median",0
"Median",-0.0113680641470489
"Median",0.005756545488221
"Median",-0.00212174692539489
"Median",0.0347870114895265
"Median",-0.0113680641470489
"Median",-0.0113680641470489
"Median",-0.00583626147571784
"Median",-0.0113680641470489
"Median",0.0236289852745123
"Median",-0.0113680641470489
"Median",-0.0113680641470489
"Median",-0.0036497496277895
"Median",-0.0075639614981641
"Median",0.0144704629082895
"Median",-0.0113680641470489
"Median",-0.0113680641470489
"Median",0.000196654167717168
"Median",0.00760762846294156
"Median",0.0347870114895265
"Median",0.0144704629082895
"Median",0.0236289852745123
"Median",-0.0113680641470489
"Median",-0.0113680641470489
"Huber",0.0323871237614835
"Huber",0.00644662980079711
"Huber",0.0462577801528796
"Huber",0.0768421749612471
"Huber",0.0836187835794586
"Huber",0.0461445101813508
"Huber",0.095871312129258
"Huber",0.0887457901003439
"Huber",0.0548185876345015
"Huber",0.039001574994488
"Huber",0.0206245898948606
"Huber",0.0154735717527135
"Huber",0.0893107706497516
"Huber",0.0740797823087683
"Huber",0.0558902548332529
"Huber",0.0841548185477021
"Huber",0.0751430656278652
"Huber",0.0860937188353641
"Huber",-0.00329401566577575
"Huber",0.0395243084575385
"Huber",0.0843245228865957
"Huber",0.069463342598813
"Huber",0.016852340173793
"Huber",0.0519595722421396
"Huber",0.050659737196737
"Huber",-0.0118960796943661
"Huber",0.0303403659285796
"Huber",0.0599084483495845
"Huber",0.0470680061161795
"Huber",0.0420642533127252
"Huber",0.0517694283610416
"Huber",0.029118174953642
"Huber",0.0844559985197209
"Huber",0.0423079519744149
"Huber",0.0360408141189885
"Huber",0.0528140969479708
"Huber",0.0656323561243742
"Huber",0.0326514862297411
"Huber",0.0508150051972934
"Huber",0.031192198665546
"Huber",0.0109138800987781
"Huber",0.0571461185959048
"Huber",0.0432108984344687
"Huber",0.0908609841150923
"Huber",0.0151076133187331
"Huber",0.0546242448419955
"Huber",0.0601295661699859
"Huber",0.113943204463365
"Huber",0.0557976241890485
"Huber",0.0714144712325564
"Huber",0.0353914953271625
"Huber",0.0488729188834981
"Huber",0.0371022157335391
"Huber",0.0835194885947475
"Huber",0.0542967046215125
"Huber",0.031973803818384
"Huber",0.0955012460937754
"Huber",0.0274286650793288
"Huber",0.0397056151672086
"Huber",0.0494267357179818
"Huber",0.0696055331156975
"Huber",0.0706756952500353
"Huber",0.0938523752565822
"Huber",0.0489471388294873
"Huber",0.0591810061744883
"Huber",0.0280521653645395
"Huber",0.0347942615686262
"Huber",0.0405193510855141
"Huber",0.0509644917294503
"Huber",0.0532594480595398
"Huber",0.084077615390165
"Huber",0.014914342358536
"Huber",0.0431182907988343
"Huber",0.0717255993258952
"Huber",0.0861288925161433
"Huber",0.00889254182961055
"Huber",0.0593937364902636
"Huber",0.0768344885411006
"Huber",0.0474516861432858
"Huber",0.0473113724584815
"Huber",0.0637303175901212
"Huber",0.0610901230950932
"Huber",0.0882072678565978
"Huber",0.0630477590551021
"Huber",0.0723023481820121
"Huber",0.0479256975411988
"Huber",0.0658911515473808
"Huber",0.0710799427422082
"Huber",0.0682616412758633
"Huber",0.0943519738886483
"Huber",0.046706299304534
"Huber",0.0875968198051052
"Huber",0.0263128540112568
"Huber",0.00229504470016677
"Huber",0.0617010602349071
"Huber",0.0556023077311256
"Huber",0.0852539387980077
"Huber",0.111139869548619
"Huber",0.0384329302231375
"Huber",0.0728702779681647
"Huber",0.115534678344913
"Huber",0.015478821655202
"Huber",0.0786772341843349
"Huber",0.0594423922653095
"Huber",0.0389417543859546
"Huber",0.0910280597204339
"Huber",0.0708161912411628
"Huber",0.0778926230880185
"Huber",0.0212742881562929
"Huber",0.0533557708530533
"Huber",0.0886659701261451
"Huber",0.0538788595484548
"Huber",0.091394818461135
"Huber",0.037502818388842
"Huber",0.0617155192888985
"Huber",0.0820689978690525
"Huber",0.0706866941168527
"Huber",0.0832315563329102
"Huber",0.0357607892497702
"Huber",0.0740669641063362
"Huber",0.0527019699675577
"Huber",0.0912926518662823
"Huber",0.0438643993355149
"Huber",0.0766306285753591
"Huber",0.00859060909640662
"Huber",0.028332377059872
"Huber",0.0832834670182173
"Huber",0.0524322398220773
"Huber",0.0468766007495939
"Huber",0.0628900212309789
"Huber",0.0405240007194202
"Huber",0.0262265035037093
"Huber",0.0391248183986077
"Huber",0.0358942473735117
"Huber",0.0445484768467918
"Huber",0.0596176007335175
"Huber",0.0416358010473674
"Huber",0.082721201126586
"Huber",0.04802263191253
"Huber",0.104730445150581
"Huber",0.0348878483182966
"Huber",0.0542445578035088
"Huber",0.070611848277842
"Huber",0.043588494339079
"Huber",0.076239738266468
"Huber",0.0406957294714282
"Huber",0.0618722307131393
"Huber",0.0377860607934489
"Huber",0.0521517972576622
"Huber",0.0609544826209633
"Huber",0.0830411195775609
"Huber",0.0732375963099938
"Huber",0.0627117341524834
"Huber",-0.00922169942200492
"Huber",0.0345459135722052
"Huber",0.051232582103052
"Huber",0.0672201213098526
"Huber",0.0409016246492004
"Huber",0.0583767855076334
"Huber",0.0861175996261334
"Huber",0.0532902929225249
"Huber",0.0275771741523672
"Huber",0.106057089171208
"Huber",0.00852122000965798
"Huber",0.0642244776166537
"Huber",0.0516346802284964
"Huber",0.0599008429232381
"Huber",0.0705268587523598
"Huber",0.0519416141728468
"Huber",0.0546390150751099
"Huber",0.0215809989327283
"Huber",0.0767850714371295
"Huber",0.0233480932979815
"Huber",0.0426149495074046
"Huber",0.0392360423996684
"Huber",0.0317026766761567
"Huber",-0.0167714698346155
"Huber",0.0428051853640957
"Huber",0.0830235276947284
"Huber",0.0226908103199536
"Huber",0.0625778909615504
"Huber",0.0318643956029459
"Huber",0.0505662610808003
"Huber",0.0651456571410966
"Huber",0.0115470919358659
"Huber",0.0527772388645292
"Huber",0.0211247711689776
"Huber",0.0427100386930599
"Huber",0.0782261669637356
"Huber",0.083706496971281
"Huber",0.0736589477371622
"Huber",0.0871699726398031
"Huber",0.0525998758462807
"Huber",0.0298008297355638
"Huber",-0.00334601157133206
"Huber",0.0642173920464745
"Huber",0.0188810405391575
"Huber",0.00816696281092463
"Huber",0.111031463359937
"Huber",0.0602250184858816
"Huber",0.0636465055797195
"Huber",0.05887261626985
"Huber",0.0260349324067594
"Huber",0.113649814309515
"Huber",0.0375860941292387
"Huber",0.0403831691040448
"Huber",0.0414386614821082
"Huber",0.0379770235214544
"Huber",0.0776937217254591
"Huber",0.04828999464469
"Huber",0.0553367910637605
"Huber",0.0219777332124318
"Huber",0.0246635498308862
"Huber",0.0612972366590066
"Huber",0.0316665430273367
"Huber",0.00804553950355236
"Huber",0.0495961220548953
"Huber",0.0168009107768072
"Huber",0.0373202403428897
"Huber",0.0222413373625462
"Huber",0.0645883176480153
"Huber",0.0499378851361502
"Huber",0.0484601849841066
"Huber",0.0646905992360352
"Huber",0.0340561206536216
"Huber",0.0603601983013445
"Huber",0.0600629635113986
"Huber",0.032154183361712
"Huber",0.017430219819072
"Huber",0.058631285385919
"Huber",0.0400456208321274
"Huber",0.0623910709827723
"Huber",0.065299656805339
"Huber",0.045102646005785
"Huber",0.0782331484645114
"Huber",0.0505176814039396
"Huber",0.0638433867056219
"Huber",0.0673165045982391
"Huber",0.0325251223668285
"Huber",0.0655529368703692
"Huber",-0.0102730170128402
"Huber",0.0628032304141178
"Huber",0.0452985042182029
"Huber",0.0101399580879557
"Huber",0.046730635393527
"Huber",0.0708935316369416
"Huber",0.0455342735954134
"Huber",0.0647285830803224
"Huber",0.0460264823201944
"Huber",0.0284892174465069
"Huber",0.0488339686973398
"Huber",0.0742341007045061
"Huber",0.119670286059041
"Huber",0.0144727072274709
"Huber",0.071535248640124
"Huber",0.0152746665804503
"Huber",0.046095796363211
"Huber",0.0495518015883691
"Huber",0.0127339110010064
"Huber",0.0627333350338935
"Huber",0.0217813981136766
"Huber",0.0449141067269676
"Huber",0.0924465598049046
"Huber",0.111508311839609
"Huber",0.0834040826818195
"Huber",0.0564474416513581
"Huber",0.0701497277349988
"Huber",0.0509599767032609
"Huber",0.0968682038042067
"Huber",0.087532395888532
"Huber",0.0214260760703404
"Huber",0.0761290262731475
"Huber",0.0400715307720096
"Huber",0.0522630829972297
"Huber",0.0598846958557376
"Huber",0.0672507919391316
"Huber",0.0306734025063198
"Huber",0.0410144418927806
"Huber",0.0900026276190283
"Huber",0.079999595833916
"Huber",0.0236617740440699
"Huber",0.0546389829151404
"Huber",0.0609730379593189
"Huber",0.0472659123834845
"Huber",0.0693608771604348
"Huber",0.0219843481870408
"Huber",0.0547000335292676
"Huber",0.0765107463561719
"Huber",0.0816043744658774
"Huber",0.0519825231730675
"Huber",0.0138624871565213
"Huber",0.0551119979211029
"Huber",0.059435647217759
"Huber",0.0523236630881532
"Huber",0.0818965668975138
"Huber",0.0380153651346589
"Huber",0.057365623223159
"Huber",0.028963422215942
"Huber",0.0741044254322189
"Huber",0.0729126047078956
"Huber",0.0472067401616785
"Huber",0.0733170732631537
"Huber",0.0496968013954499
"Huber",0.055828130764293
"Huber",0.0717378200035829
"Huber",0.025776840239555
"Huber",0.110791530423991
"Huber",0.0430912554070044
"Huber",0.0396549275206429
"Huber",0.0451408016165555
"Huber",0.0400812352454669
"Huber",0.0416767218796395
"Huber",0.0644757713887217
"Huber",0.0203180125050782
"Huber",0.0316311283212069
"Huber",0.0576627495706504
"Huber",0.0542902775088634
"Huber",0.076235362502307
"Huber",0.0571828889470856
"Huber",0.0522931978678303
"Huber",0.063161843327661
"Huber",0.0288572176409027
"Huber",-0.0211879330034254
"Huber",0.106369548128874
"Huber",0.0436608933268839
"Huber",0.0413730836985481
"Huber",-0.00557107229849017
"Huber",0.0665419499412595
"Huber",0.0215283786597068
"Huber",0.056089311591911
"Huber",0.024785243995121
"Huber",0.0990710384198121
"Huber",0.0494737830072341
"Huber",0.0368545181174385
"Huber",0.0744686367746156
"Huber",0.0841548495928827
"Huber",0.0720483652116021
"Huber",-0.0116931040306432
"Huber",0.0180498381987382
"Huber",0.0187000268754543
"Huber",0.0661532043509425
"Huber",0.0652887876603093
"Huber",0.0484034469658775
"Huber",0.050915278407481
"Huber",0.0675560938511938
"Huber",0.0237258557033454
"Huber",0.0738102081795408
"Huber",0.132722427923677
"Huber",0.0379644330200985
"Huber",0.0639309688644221
"Huber",0.0528681389601515
"Huber",0.0401437391611339
"Huber",0.0476269449610483
"Huber",0.0575120535865175
"Huber",0.0563218540726668
"Huber",0.0799192109150921
"Huber",0.0538257924867181
"Huber",0.0573644617985984
"Huber",0.0102045444211681
"Huber",0.0714151383002649
"Huber",0.022529060448056
"Huber",0.0203304931300899
"Huber",0.00347482945564733
"Huber",0.0459994841516899
"Huber",0.0756004745607115
"Huber",0.0216167223684566
"Huber",0.0112988896490462
"Huber",0.0196809176184156
"Huber",0.0600155901945965
"Huber",0.0977768218823163
"Huber",0.0523537793788953
"Huber",0.0254034447060215
"Huber",0.0409937099694744
"Huber",0.102175892172669
"Huber",0.0774051554106339
"Huber",0.0262442036706771
"Huber",0.0340231482393107
"Huber",0.0731569091012447
"Huber",0.0528056681646497
"Huber",0.0457469769272359
"Huber",0.067345303235849
"Huber",0.0292534089209075
"Huber",0.0735877264411421
"Huber",0.062075453980264
"Huber",-0.00053008449345821
"Huber",0.0326278702217971
"Huber",0.0748008312447327
"Huber",0.0897945709730829
"Huber",0.00606345373151194
"Huber",0.0407200639837782
"Huber",0.0500931278363529
"Huber",0.0667713199616651
"Huber",0.0488305010214073
"Huber",0.0627695060816616
"Huber",0.0721221900982641
"Huber",0.0601651864104543
"Huber",0.0816046206886384
"Huber",0.0539577817573897
"Huber",0.0207376893092679
"Huber",0.0328763783103707
"Huber",0.063194842382492
"Huber",0.0897303137348811
"Huber",0.0440488060750993
"Huber",0.0447668075637935
"Huber",0.0136062549018324
"Huber",0.0248596727573821
"Huber",0.0431570278757488
"Huber",0.0238510961114275
"Huber",0.0359412268550855
"Huber",0.0278364971425923
"Huber",0.0479649848841409
"Huber",0.052270197990558
"Huber",0.081026821441392
"Huber",0.0534479833120954
"Huber",0.0236505698071978
"Huber",0.102902348675662
"Huber",0.0417700769878596
"Huber",0.0439275864619195
"Huber",0.039369317354979
"Huber",0.0654595104321337
"Huber",0.0672685707479277
"Huber",0.015646273746368
"Huber",0.0870542346120757
"Huber",0.0737603022190988
"Huber",0.00123375338859987
"Huber",0.0654826007101711
"Huber",0.0445704935815428
"Huber",0.0404372766648819
"Huber",0.0401342974362226
"Huber",0.0128163067250061
"Huber",0.115182588802037
"Huber",0.101228611775345
"Huber",0.0665529491031048
"Huber",0.0365989668613713
"Huber",0.0582098035381639
"Huber",0.0508985795477944
"Huber",0.00823353657109708
"Huber",0.0466075621816285
"Huber",0.0255319088686655
"Huber",0.0375821693592497
"Huber",0.0591949425645015
"Huber",0.065843283664179
"Huber",0.0563202767525256
"Huber",0.024885406637024
"Huber",0.0404724323832778
"Huber",0.0584505681181878
"Huber",0.056075798364691
"Huber",0.0987877474544585
"Huber",0.0321406873111006
"Huber",0.00871784331550103
"Huber",0.0063546158418043
"Huber",0.0758204575740271
"Huber",0.0363913783658008
"Huber",0.0408145510461089
"Huber",0.0742044721376564
"Huber",0.0548388266697634
"Huber",0.066124174224896
"Huber",0.070718096977912
"Huber",0.0562275150081802
"Huber",0.0697069988638624
"Huber",0.0400415616636944
"Huber",0.0212959438386961
"Huber",0.0662456393589466
"Huber",0.0814524514112153
"Huber",0.030029896422263
"Huber",0.0810203587107282
"Huber",0.0339126145387647
"Huber",0.0568897352213427
"Huber",0.0457118836477551
"Huber",-0.010572788342717
"Huber",0.0741120119081744
"Huber",0.0431703623492457
"Huber",0.0339346842756935
"Huber",0.0612121305703282
"Huber",0.0304260967476212
"Huber",0.0251040421918169
"Huber",0.0811141290156918
"Huber",0.049020664568942
"Huber",0.0302010404274221
"Huber",0.111913578684516
"Huber",0.055299105433367
"Huber",0.0868101267631158
"Huber",0.0413912056389025
"Huber",0.0525727880507991
"Huber",0.0833449222721728
"Huber",0.0722120926320674
"Huber",0.0349147846783008
"Huber",0.0582487001738288
"Huber",0.0826766721643594
"Huber",0.0557943099256474
"Huber",0.0624324065747646
"Huber",0.0785185564762665
"Huber",0.0803584720500681
"Huber",0.0641716497198609
"Huber",0.0836486835474568
"Huber",0.0490662735334158
"Huber",0.116805105499977
"Huber",0.0577626254620148
"Huber",0.0726954969314889
"Huber",0.0602175964187054
"Huber",0.0967372095093274
"Huber",0.0559014391810507
"Huber",0.039239348317763
"Huber",0.0899441828666703
"Huber",0.0279966733007096
"Huber",0.0497535953300933
"Huber",0.0341411515450604
"Huber",0.0566205751663546
"Huber",0.0771053328046885
"Huber",0.0733061685531078
"Huber",0.080992408521943
"Huber",0.0516982615251896
"Huber",0.0447330654573595
"Huber",0.034926402718309
"Huber",0.0759429154934994
"Huber",0.0547862324415054
"Huber",0.0358568859439613
"Huber",0.0686829635107652
"Huber",0.0550715446355985
"Huber",-0.0141397442191639
"Huber",0.0259181524069756
"Huber",0.0750656111056406
"Huber",0.0831429872130358
"Huber",0.038837448559812
"Huber",0.0685233871606422
"Huber",0.0263917440088422
"Huber",0.0249511220026877
"Huber",-0.00163318533032434
"Huber",0.0541991332783283
"Huber",0.0446151245471272
"Huber",0.0906098066413768
"Huber",0.00487473811064137
"Huber",0.0628850690884617
"Huber",0.0271652830801223
"Huber",0.0943273171771402
"Huber",0.061158790996126
"Huber",0.0914804923259786
"Huber",0.0461147903215836
"Huber",0.0790649673742482
"Huber",0.0366350784009744
"Huber",0.0701690242192097
"Huber",0.0325202598203297
"Huber",0.0421084775864923
"Huber",0.0117811905322511
"Huber",0.0163853164708654
"Huber",0.0355452963300131
"Huber",-0.0200959552109927
"Huber",0.0746437113963127
"Huber",0.0539714412615235
"Huber",0.0986197044163935
"Huber",0.0295795545366779
"Huber",0.0668865419119816
"Huber",0.0381275469950947
"Huber",0.0651088728948073
"Huber",0.105554637196072
"Huber",0.0377230323087985
"Huber",0.0619643392423368
"Huber",0.0542910820123991
"Huber",0.0868335798524066
"Huber",0.00751613628031161
"Huber",0.0227215590487471
"Huber",0.0344495932230999
"Huber",0.0765985673074608
"Huber",0.07824829258073
"Huber",0.0167529381705926
"Huber",0.0679283376291922
"Huber",0.0556978370803798
"Huber",0.0878838775643688
"Huber",0.0537495510914065
"Huber",0.0182352802249394
"Huber",0.0531364754613494
"Huber",0.0186231126311447
"Huber",-0.020210286474098
"Huber",0.0656058945651135
"Huber",0.0561493033688574
"Huber",0.0673986529866269
"Huber",0.0455334388746116
"Huber",0.036176410458511
"Huber",0.0198281114033709
"Huber",0.0267274763101916
"Huber",0.0153508578996473
"Huber",0.04279514737835
"Huber",0.0451244930929889
"Huber",0.0253296415838985
"Huber",0.0339805748598602
"Huber",0.0476763961943654
"Huber",0.0189638450215595
"Huber",0.0481776802136282
"Huber",0.0441068245716158
"Huber",0.042111992458315
"Huber",0.035937356980039
"Huber",0.0719866184012519
"Huber",0.0493438280388109
"Huber",0.0313899754529299
"Huber",0.021474755608222
"Huber",0.0832757833178239
"Huber",0.064114497224371
"Huber",0.0506949315392366
"Huber",0.0383781822642332
"Huber",0.0234207492773711
"Huber",0.0321405427925634
"Huber",0.0727864775005044
"Huber",0.0329108461331888
"Huber",0.0548452414448961
"Huber",0.0770798344292388
"Huber",0.0510741349885019
"Huber",0.0464631329993553
"Huber",0.0123936464210935
"Huber",0.0435192937067655
"Huber",0.0254284448358256
"Huber",0.0830756332652934
"Huber",0.0403889453581964
"Huber",0.0754342696231162
"Huber",0.0468245248285663
"Huber",0.0259315441996518
"Huber",0.0667035691774388
"Huber",0.0157364122504654
"Huber",0.0828072811838626
"Huber",0.0760364942032547
"Huber",0.0280366619205118
"Huber",0.0374319689618511
"Huber",0.0568800048370532
"Huber",0.0216705187490934
"Huber",0.0402546118835209
"Huber",-0.00267752550895907
"Huber",0.0360703594117979
"Huber",0.0753036917701962
"Huber",0.00214974426590559
"Huber",0.0356104116109698
"Huber",0.0769787283710953
"Huber",0.0502086283992482
"Huber",0.0757658520842884
"Huber",0.0933814584324035
"Huber",0.0943603002046576
"Huber",0.041696152634013
"Huber",0.0751570029850952
"Huber",0.00239339050128436
"Huber",0.00306161187181507
"Huber",0.0300370059918726
"Huber",0.0184060751164021
"Huber",0.043111293202459
"Huber",0.0456687496045433
"Huber",0.0533380460240441
"Huber",0.101596367020309
"Huber",0.050210551866647
"Huber",0.0439779120613413
"Huber",-0.0057405420945872
"Huber",0.0676607207543119
"Huber",0.0332583471753902
"Huber",0.0290411819261913
"Huber",0.070502880816106
"Huber",0.0715151612367922
"Huber",0.0694774967810434
"Huber",0.0478905214588016
"Huber",0.0758215689693812
"Huber",0.0560239630481873
"Huber",0.0551743374960825
"Huber",0.0602397114853437
"Huber",0.0180221275862902
"Huber",0.0484550342174849
"Huber",0.0734637373278993
"Huber",0.0434916742967074
"Huber",0.00556437837770758
"Huber",0.05704547472434
"Huber",0.0268609881641427
"Huber",0.0535584864338507
"Huber",0.0277087403581633
"Huber",0.0838848084349857
"Huber",0.0636905806180717
"Huber",0.065819370346293
"Huber",0.0279883545524454
"Huber",0.0246402591026887
"Huber",0.0728414733371276
"Huber",0.0474312089024772
"Huber",0.0398450218430979
"Huber",0.0976827315050437
"Huber",0.0887798298026005
"Huber",0.0571647819251637
"Huber",0.0474750593786211
"Huber",0.0804532814996206
"Huber",0.0207565668559291
"Huber",0.0346011999097027
"Huber",0.0471101234068444
"Huber",0.0261452076701238
"Huber",0.0618391907021666
"Huber",0.0251260674833737
"Huber",0.100953458932062
"Huber",0.0771915437348592
"Huber",0.0412496887337315
"Huber",0.0772493451724428
"Huber",0.0400695597948291
"Huber",0.0769858610062829
"Huber",0.0469344269748307
"Huber",0.0752436215528567
"Huber",0.0412964945682308
"Huber",0.0910060391538752
"Huber",0.0846271754901762
"Huber",0.076933296325082
"Huber",0.0708846096377225
"Huber",0.040540630974332
"Huber",0.0710405624350766
"Huber",0.0402066928173466
"Huber",0.0291359852185935
"Huber",0.0464431004454994
"Huber",0.0561443164180077
"Huber",0.0721501349147714
"Huber",0.00479646391957339
"Huber",0.0808673616765035
"Huber",0.0550794309403312
"Huber",0.0494577623241777
"Huber",0.00844500000931546
"Huber",0.0453252595872812
"Huber",0.0580373355506702
"Huber",0.0851632664251269
"Huber",0.0557357906660934
"Huber",0.064794039729112
"Huber",0.0208329290093586
"Huber",0.0225950386521591
"Huber",0.0612031699219968
"Huber",0.0507227467911129
"Huber",0.0920008717626248
"Huber",0.0936370019085346
"Huber",0.0826694445291418
"Huber",0.0682029913648819
"Huber",0.083221963478034
"Huber",0.0952385533942486
"Huber",0.0778061989061838
"Huber",0.0415267561106973
"Huber",0.0479775046897713
"Huber",0.0382998381332468
"Huber",0.0312939347239113
"Huber",0.0181551237049647
"Huber",0.0814065917812361
"Huber",0.0860922542633634
"Huber",0.0554592688365618
"Huber",0.0446400928235246
"Huber",0.0882384058008497
"Huber",0.0328519714568482
"Huber",0.0513622633524119
"Huber",0.058352314255081
"Huber",0.0597039609874465
"Huber",0.0174066280931716
"Huber",0.0903462897387335
"Huber",0.0585298187506589
"Huber",0.0493116608237645
"Huber",0.0660071082040158
"Huber",0.0321696274946481
"Huber",0.0406232389872437
"Huber",0.0458892844107924
"Huber",0.0420843626394144
"Huber",0.110107490374172
"Huber",0.0471566668516849
"Huber",0.0956927526318215
"Huber",0.0373398378561211
"Huber",0.0603334987581458
"Huber",0.0796443567481885
"Huber",0.0480176524236052
"Huber",0.0823849290913756
"Huber",0.0612890324948419
"Huber",0.0427293961118477
"Huber",0.00791977732132536
"Huber",0.0204375356602844
"Huber",0.0544028139848865
"Huber",0.0965899604383204
"Huber",0.0336203149160052
"Huber",0.0380016338209607
"Huber",0.0153729980111498
"Huber",0.0735782345258254
"Huber",0.0838098208749816
"Huber",0.0258022211219971
"Huber",0.0535016196011682
"Huber",0.0976435616881877
"Huber",0.072128909247436
"Huber",0.0598058287920566
"Huber",0.0639359546307836
"Huber",0.0383898396305803
"Huber",0.0155476853175069
"Huber",0.0351257263092275
"Huber",0.0182552560464369
"Huber",0.0270906921257212
"Huber",0.0635115631864441
"Huber",0.0407991986618316
"Huber",0.057285105084438
"Huber",0.0403046699147697
"Huber",0.0352214542394176
"Huber",0.0510997521660662
"Huber",0.0381608367497765
"Huber",0.062685283808526
"Huber",0.0329230415969509
"Huber",0.0719924446314459
"Huber",0.0889683818065772
"Huber",0.063249656869285
"Huber",0.0247112814499557
"Huber",0.0393361708504973
"Huber",0.0945218514099729
"Huber",0.065162425177875
"Huber",0.00259673534980634
"Huber",0.0453676676753712
"Huber",0.042300483262598
"Huber",0.10080216152186
"Huber",0.0818105493537658
"Huber",0.0918817145943209
"Huber",0.0692468361598478
"Huber",0.0642930629280673
"Huber",0.0261892381842339
"Huber",0.0398048842724106
"Huber",0.0464538174101844
"Huber",0.0760162301948147
"Huber",0.0262493598457317
"Huber",0.0650510855790956
"Huber",0.0541866222272621
"Huber",0.10242422283011
"Huber",0.0922658051701123
"Huber",0.087082192301668
"Huber",0.0539846181213371
"Huber",0.0360581423704511
"Huber",0.056448544951366
"Huber",0.0194228991301828
"Huber",0.0434308491723796
"Huber",0.0341127280508256
"Huber",0.032988817645989
"Huber",0.0488475006191985
"Huber",0.0591150674997054
"Huber",-0.00535152886262702
"Huber",0.0935531950328143
"Huber",0.054541595960128
"Huber",0.0729696725108012
"Huber",0.0458406614150996
"Huber",0.0335587905777735
"Huber",0.017847708807402
"Huber",0.0121945192125316
"Huber",0.0714531032530297
"Huber",0.0779875676109012
"Huber",0.0532384316764342
"Huber",0.0304031341297044
"Huber",0.0740798285811592
"Huber",0.0186523954357206
"Huber",0.0560559880078123
"Huber",0.0235411253511303
"Huber",0.00294472507144037
"Huber",0.080195529588528
"Huber",0.0668794011070232
"Huber",0.0469959248456734
"Huber",0.0486506148670025
"Huber",0.0432030328362179
"Huber",0.0661758810824618
"Huber",0.0665375464737718
"Huber",0.045841860785424
"Huber",-0.000964734729237462
"Huber",0.0500270874224021
"Huber",0.0513310280063057
"Huber",0.025088337703457
"Huber",0.0695448359984286
"Huber",0.0799746541681653
"Huber",0.0662508839359242
"Huber",0.065418219566195
"Huber",0.0729874629238689
"Huber",0.053732927374322
"Huber",0.0291408755267537
"Huber",0.103611677477596
"Huber",0.0428848086361334
"Huber",0.0457441217805643
"Huber",0.0972864734716308
"Huber",0.0213205076693106
"Huber",0.0652275320970583
"Huber",-0.0112435458898874
"Huber",0.028898683337059
"Huber",0.0438562483867006
"Huber",0.0170835165654332
"Huber",0.0640743587083399
"Huber",0.0651290287117552
"Huber",0.0609650287396189
"Huber",0.0254510744717848
"Huber",0.0867095595113445
"Huber",0.0609949055228382
"Huber",0.087771265605234
"Huber",0.0866685644533646
"Huber",0.0431727084666579
"Huber",0.0459422634914143
"Huber",0.0120771458952647
"Huber",0.0261443978197062
"Huber",0.0999450823531384
"Huber",0.0497005402546899
"Huber",0.0794846111122352
"Huber",0.0478486194950548
"Huber",0.0380579782646623
"Huber",0.0716547878156774
"Huber",0.0464285183318023
"Huber",0.0545268723585744
"Huber",0.0583045502940289
"Huber",0.0496365944848016
"Huber",0.0676941277623551
"Huber",0.0542263536026111
"Huber",0.0267920360580052
"Huber",0.095276083015189
"Huber",0.0413814685477119
"Huber",0.0203753686462182
"Huber",0.0234403813934492
"Huber",0.0716985265048201
"Huber",0.0398152562341242
"Huber",0.0625643546871016
"Huber",0.0189489436640359
"Huber",0.0820906679521333
"Huber",0.0691851803394045
"Huber",0.0611498103525591
"Huber",0.0472931010657347
"Huber",0.0564437196091864
"Huber",0.0362984594292144
"Huber",0.0643691502812416
"Huber",0.0197288038293102
"Huber",0.0186523976302434
"Huber",0.0553814704543097
"Huber",0.0659147367812339
"Huber",0.066865276234514
"Huber",0.0951052707900206
"Huber",0.00255112224000854
"Huber",0.0951460895788298
"Huber",0.0517964206975638
"Huber",0.0481948099568057
"Huber",0.0324287251623507
"Huber",0.0615059012250578
"Huber",0.0653685722155456
"Huber",0.046198576255998
"Huber",0.0461727075324535
"Huber",0.0487234129122453
"Huber",0.0629869662977905
"Huber",0.0398740556698939
"Huber",0.101469462208314
"Huber",0.057373103175041
"Huber",0.0517809894379942
"Huber",0.0670416212710925
"Huber",-0.0297508818959275
"Huber",0.0716037052802747
"Huber",0.0804178166911455
"Huber",0.0504673103700358
"Huber",0.0481098734702603
"Huber",0.0374514429209283
"Huber",0.068091028797192
"Huber",0.0827195425742983
"Huber",0.0487634722500821
"Huber",0.0675328421852636
"Huber",0.0403511597717039
"Huber",0.0183039548803724
"Huber",0.0508396160271041
"Huber",0.0673117824744494
"Huber",0.00914314986684643
"Huber",0.064418390935123
"Huber",0.0791610454514985
"Huber",0.0466358081607578
"Huber",0.0305065679333588
"Huber",0.0379462717420127
"Huber",0.0517078210445823
"Huber",0.0798073806556137
"Huber",0.0552892603111374
"Huber",0.0539686245287445
"Huber",0.0292623385189094
"Huber",0.0462899632401059
"Huber",0.059035419181728
"Huber",0.0566160110479264
"Huber",0.0603215475161145
"Huber",0.0430988559537492
"Huber",0.0583875060471844
"Huber",0.0369502331176507
"Huber",0.0709293193009742
"Huber",0.0315045851906514
"Huber",0.0251146255541394
"Huber",0.0697460121670184
"Huber",0.0586945320588447
"Huber",0.00302997833076539
"Huber",0.0627830637723668
"Huber",0.0718599771204005
"Huber",-0.000949441645188546
"Huber",0.0458404774768164
"Huber",0.049116932307788
"Huber",0.095649998646719
"Huber",0.0492589140334906
"Huber",0.0580720808419833
"Huber",0.076476497100593
"Huber",0.0594294263397541
"Huber",0.0270432172654158
"Huber",0.0210736714547725
"Huber",0.0410866462156704
"Huber",0.0619898041939845
"Huber",0.0452286078419666
"Huber",0.0271357621185558
"Huber",0.0169298797368589
"Huber",0.0635863684827801
"Huber",0.04675674043298
"Huber",0.070874704287946
"Huber",0.0680863179195113
"Huber",0.0465585765973869
"Huber",0.00898426177858359
"Huber",0.0832992173845706
"Huber",0.0197894808630615
"Huber",0.076500353068598
"Huber",0.0726537195771281
"Huber",0.0689246933258244
"Huber",0.0232839843817129
"Huber",0.0407498211090577
"Huber",0.0567841065952232
"Huber",0.112780037744998
"Huber",0.0389775957737175
"Huber",0.10158925685872
"Huber",0.0658977026344951
"Huber",0.107451677395389
"Huber",0.0512306015495436
"Huber",0.0601666519129751
"Huber",0.0343153594923073
"Huber",0.0622332052428981
"Huber",0.066036554311596
"Huber",0.0583110728232135
"Huber",0.0432782318157692
"Huber",0.0292672348840314
"Huber",0.0224228783301272
"Huber",0.0638928397348909
"Huber",0.0914776122985711
"Huber",0.0859440662209392
"Huber",0.0451396294770995
"Huber",0.0681584046652185
"Huber",0.0543413289645148
"Huber",0.055532769767342
"Huber",0.0382771239817686
"Huber",0.0612111194285875
"Huber",0.0593702229516192
"Huber",0.0677075113569434
"Huber",-0.0022284921946816
"Huber",0.0521643622168882
"Huber",0.028431729754221
"Huber",0.088002434670578
"Huber",0.0715697541707254
"Huber",0.0874372998168145
"Huber",0.0382396523624535
"Huber",0.0553738090988478
"Huber",0.0551888566531508
"Huber",0.00204947915663538
"Huber",0.0378593074368308
"Huber",0.078587081370666
"Huber",0.0558887452187633
"Huber",0.0975109736414501
"Huber",0.100440013207238
"Huber",0.029086610502819
"Huber",-0.0116963816434702
"Huber",0.0625005499862567
"Huber",0.0356456864311988
"Huber",0.0514643820847035
"Huber",0.036396199896893
"Huber",0.071503837059584
"Huber",0.0867646610688535
"Huber",0.0373311864090247
"Huber",0.0710613231295231
"Huber",0.0296363763631797
"Huber",0.0470457635590972
"Huber",0.0816918102842926
"Huber",0.0895993269653745
"Huber",0.0478155714729339
"Huber",0.0742386474352857
"Huber",0.0607261803934726
"Huber",0.0519049500783901
"Huber",0.0174409018061817
"Huber",0.0419004536229063
"Huber",0.0429836788963678
"Huber",0.0763517917006084
"Huber",0.0467937143749082
"Huber",0.024735442264453
"Huber",0.0528104808325622
"Huber",0.0240217829262069
"Huber",0.0365683468230775
"Huber",0.0859112493763128
"Huber",0.0711081314388938
"Huber",0.0846645397652504
"Huber",-0.0112004317019333
"Huber",0.0941184195217805
"Huber",0.0285600406593706
"Huber",0.0699594473021556
"Huber",0.0590190383434624
"Huber",0.0695596054057965
"Huber",0.0128093633013256
"Huber",0.0872809617953847
"Huber",0.0655148545884515
"Huber",0.0774415830392518
"Huber",0.0503045003244971
"Huber",0.0501103035197217
"Huber",0.0190266009634214
"Huber",0.0146760847590429
"Huber",0.0168320194768913
"Huber",0.0841573467432388
"Huber",0.102947133057103
"Huber",0.0610728123373789
"Huber",0.0834396756110629
"Huber",0.0191146916020905
"Huber",0.109872849422315
"Huber",0.0375566751877884
"Huber",0.0163137269837645
"Huber",0.0758940008407327
"Huber",0.0863943247397767
"Huber",0.0668581243369349
"Huber",0.0556782589603524
"Huber",0.0759286513131331
"Huber",0.0449941687499979
"Huber",0.0300440689179794
"Huber",0.0298862777757215
"Huber",0.0253749074247127
"Huber",0.0218033336500027
"Huber",0.0645831987591317
"Huber",0.0802347008967103
"Huber",0.0551421783241373
"Huber",0.0282987971641868
"Huber",0.0671989690115321
"Huber",-0.00437816384941911
"Huber",0.0479447644174711
"Huber",0.0657982551235361
"Huber",0.0538152468162649
"Huber",0.0913449659794264
"Huber",0.0365877992380241
"Huber",0.0755065748949311
"Huber",0.0784195349417537
"Huber",0.07496025520478
"Huber",0.0713437411579381
"Huber",0.0482814319146995
"Huber",0.0657598962312621
"Huber",0.0608517780695979
"Huber",0.0707171460310532
"Huber",0.0457925277515218
"Huber",0.0306351373980454
"Huber",0.0788730179092392
"Huber",0.0985235301526982
"Huber",0.0575994627509516
"Huber",0.0592873819704379
"Huber",0.0749963445220709
"Huber",0.0393659467285405
"Huber",0.0682614083136872
"Huber",0.0644190268411708
"Huber",0.0566227620078098
"Huber",0.081731661585277
"Huber",0.0581650050734378
"Huber",0.04997037723337
"Huber",0.0231172783725732
"Huber",0.081314452663923
"Huber",0.0363958219338962
"Huber",0.0298589814880663
"Huber",0.0840468560582628
"Huber",0.048438498107813
"Huber",0.0276768311967617
"Huber",0.0373396285767933
"Huber",0.077776366151768
"Huber",0.0383230292429464
"Huber",0.0106647666721796
"Huber",0.0664357743737941
"Huber",0.0286970424626838
"Huber",0.0621946952845535
"Huber",0.061331326652669
"Huber",0.0839428513592503
"Huber",0.0448328134400962
"Huber",0.0692133591539518
"Huber",0.0326331941636415
"Huber",0.0480355823940592
"Huber",0.060289736698485
"Huber",0.0816228035437819
"Huber",0.0432874302480389
"Huber",0.06815804564776
"Huber",-0.0259046743897401
"Huber",0.0542912637536578
"Huber",0.059290975172392
"Huber",0.0297145660805327
"Huber",0.0933635256903032
"Huber",0.0398201883901907
"Huber",0.0797658524344379
"Huber",0.105177134081744
"Huber",0.0255662068538552
"Huber",0.0567269205466646
"Huber",0.0601370243846035
"Huber",0.0291784926378169
"Huber",0.0855848881674239
"Huber",0.0476167381495846
"Huber",0.0541075649112157
"Huber",0.0410742454087052
"Huber",0.0352065886208627
"Huber",0.0201003200738606
"Huber",0.0288894818522144
"Huber",0.0467576214918092
"Huber",0.0790392309605986
"Huber",0.0105719217425663
"Huber",0.02302954167642
"Huber",0.0640800828843971
"Huber",0.022939819899997
"Huber",0.0789824756089247
"Huber",0.0651017299098276
"Huber",0.0281921794902642
"Huber",0.0669156179353119
"Huber",0.0504241342909678
"Huber",0.0294671104297305
"Huber",0.0381606037060814
"Huber",0.0661802695451517
"Huber",0.0844384061503228
"Huber",0.0796111113062699
"Huber",0.0622599299935929
"Huber",0.0457489548392835
"Huber",0.101911346307032
"Huber",0.051834193345754
"Huber",0.0970782598749209
"Huber",0.0107535139386056
"Huber",0.103874448742531
"Huber",0.0325281281975823
"Huber",0.0996674227185069
"Huber",0.0555216002285015
"Huber",0.0520920811617736
"Huber",0.0624854744969812
"Huber",0.0689745045026909
"Huber",0.0461636008313448
"Huber",0.0815193642980667
"Huber",0.0407858380906736
"Huber",0.0294935074720244
"Huber",0.0638256329698743
"Huber",0.0577239058310217
"Huber",0.0232776800415791
"Huber",0.0406143199268713
"Huber",0.0824280526082143
"Huber",0.0264944494490391
"Huber",0.0803402644201792
"Huber",0.0647973402409379
"Huber",0.0235426229397915
"Huber",0.0665173784572278
"Huber",0.03623109507932
"Huber",0.0735835737515591
"Huber",0.0299630864753457
"Huber",0.0657090624438252
"Huber",0.0311285058766018
"Huber",0.0610963663536543
"Huber",0.0543100520496343
"Huber",0.0725248815560977
"Huber",0.0570854917242402
"Huber",0.0838051520018287
"Huber",0.017844366747416
"Huber",0.0832276953021838
"Huber",0.0691657037830225
"Huber",0.0595672060094716
"Huber",0.046318734400246
"Huber",0.0183123743405332
"Huber",0.0507836919086513
"Huber",0.0483983009690501
"Huber",0.0863024310997589
"Huber",0.0686920014122213
"Huber",0.033719575692686
"Huber",0.0768236111912478
"Huber",0.0622426728911076
"Huber",0.0561282962193134
"Huber",0.0574879662806741
"Huber",0.0215003937121778
"Huber",0.06123740503569
"Huber",0.0403208978624977
"Huber",0.0545024675688079
"Huber",0.00948427965338046
"Huber",0.0721069375035875
"Huber",0.104412231257755
"Huber",0.0431842388973859
"Huber",0.033469488124606
"Huber",0.097123920027901
"Huber",0.0416624244761558
"Huber",0.0305231092886285
"Huber",0.0354636694558568
"Huber",0.0624003722336426
"Huber",0.0675816122385094
"Huber",0.0389061409853863
"Huber",0.0363595958485206
"Huber",0.0620899421033849
"Huber",0.0235471901523547
"Huber",0.0973566244135487
"Huber",0.0303409916397324
"Huber",0.0670329650275064
"Huber",0.0652945482923131
"Huber",0.0989466140696096
"Huber",0.0664221817885815
"Huber",-0.00386708941519204
"Huber",0.0770704551718243
"Huber",0.0770020906253576
"Huber",0.0718070190970638
"Huber",0.0606173044370908
"Huber",0.0100520684924638
"Huber",0.0766063597973059
"Huber",0.0454337649165844
"Huber",0.0699545346318622
"Huber",0.0645393910599768
"Huber",0.0703440926526327
"Huber",0.0599655197644875
"Huber",0.0402917770492543
"Huber",0.0833682722311524
"Huber",0.0583518350070224
"Huber",0.0509924947737883
"Huber",0.0767039468251237
"Huber",0.0653855720524841
"Huber",0.0894659798207615
"Huber",0.0544697348819309
"Huber",0.0841702359798942
"Huber",0.0455535105796752
"Huber",0.0986940559866
"Huber",0.0496382484917151
"Huber",0.0726620706499979
"Huber",0.038109949652801
"Huber",0.030441902875831
"Huber",0.0525425493366432
"Huber",0.0549578713150814
"Huber",0.0621998318501168
"Huber",0.0194319926096225
"Huber",0.0392181899348064
"Huber",0.0604305290793718
"Huber",0.039352371194707
"Huber",0.0979175650055552
"Huber",0.0504749958196496
"Huber",0.0716258704463694
"Huber",0.0556034382505573
"Huber",0.0562235065167476
"Huber",0.0340132655279742
"Huber",0.0795222279246138
"Huber",0.0670822222274428
"Huber",0.063001780518629
"Huber",0.0532344571655952
"Huber",0.0713761848697506
"Huber",0.0184803305822789
"Huber",0.0543522844505648
"Huber",0.0934890178301033
"Huber",0.0617286663815642
"Huber",0.0581893674523233
"Huber",0.0432049089444906
"Huber",0.0518152022199519
"Huber",0.0228357993552945
"Huber",-0.00468069042728836
"Huber",0.0622237750403794
"Huber",0.0738189298816426
"Huber",0.0467853206381967
"Huber",0.0394163334418735
"Huber",0.0176742169107266
"Huber",0.0119624492847683
"Huber",0.0429936123314539
"Huber",0.055731778652575
"Huber",-0.00393170066433978
"Huber",0.0285700403690896
"Huber",0.072142040843996
"Huber",0.114794794536173
"Huber",0.0654157427792201
"Huber",0.050499126569083
"Huber",0.0506273860432822
"Huber",0.0503153020690857
"Huber",0.0197762591863178
"Huber",0.0279378988802151
"Huber",0.0284857320757226
"Huber",0.0406622626963163
"Huber",0.100123208994797
"Huber",0.0122256574852717
"Huber",0.0696877129868491
"Huber",0.0558160300873655
"Huber",0.0608236368352582
"Huber",0.0271490976029466
"Huber",0.0770594124217456
"Huber",0.0366068473560006
"Huber",0.0924632181008043
"Huber",-0.000265764779217924
"Huber",0.048406088327734
"Huber",0.0530376274246304
"Huber",0.0748762372650509
"Huber",0.0483657254774558
"Huber",0.0283154594000091
"Huber",0.0296357552925016
"Huber",0.0364877189950192
"Huber",0.0556655737302981
"Huber",0.065133967305451
"Huber",0.0181013408474941
"Huber",0.0343319823403049
"Huber",0.0557256126420093
"Huber",0.0261756818704293
"Huber",0.0554235244055807
"Huber",0.0281717940681858
"Huber",0.0532117611467697
"Huber",0.0763082395080484
"Huber",0.0644395040940311
"Huber",0.0853166773222194
"Huber",0.0376169186743639
"Huber",0.0894140511471106
"Huber",0.0372186398577837
"Huber",-0.00969686968685565
"Huber",0.106010090605133
"Huber",0.0353163287105761
"Huber",-0.00744622995039867
"Huber",0.0693439360578647
"Huber",0.0301454912983179
"Huber",0.0686737113843865
"Huber",0.0571423617458559
"Huber",0.0934589791370476
"Huber",0.0449308025030749
"Huber",0.054592282279512
"Huber",0.0847415272497036
"Huber",0.0260475103098204
"Huber",0.0530830539698226
"Huber",0.0919243329629244
"Huber",0.0598801460475253
"Huber",0.0479806714017617
"Huber",0.0329355284242998
"Huber",0.079149886966956
"Huber",0.0924950830847149
"Huber",0.00946976166833487
"Huber",0.0304067236509329
"Huber",0.0407383960244996
"Huber",0.0961544777034688
"Huber",0.051293085665394
"Huber",0.0389388471667577
"Huber",0.0543154655097713
"Huber",0.0156943189302716
"Huber",0.0641703968650411
"Huber",0.01982769628177
"Huber",0.0785403056856449
"Huber",0.0403790843418832
"Huber",0.0118075030624234
"Huber",0.0425181904396281
"Huber",0.0708492579731062
"Huber",0.0119373756542041
"Huber",0.0289433878241949
"Huber",0.0292644065958738
"Huber",0.0907274080261622
"Huber",0.0494725438565412
"Huber",0.0261000344249524
"Huber",0.0209915261290267
"Huber",0.0421323982700738
"Huber",0.042977600203113
"Huber",0.0553341609672878
"Huber",0.0324852104200032
"Huber",0.0467058836474126
"Huber",0.0329177338039729
"Huber",0.017369232235803
"Huber",0.0775512754610187
"Huber",0.0510826996575187
"Huber",0.0648217858804771
"Huber",0.0483654320350962
"Huber",0.0731874223224083
"Huber",0.0475270827299561
"Huber",0.0457396070250896
"Huber",0.0531813575615358
"Huber",0.0211657630752117
"Huber",0.11363849272904
"Huber",0.0473083034115504
"Huber",0.0480502309554734
"Huber",0.0735476909697592
"Huber",0.0616955261761636
"Huber",0.0596108624268751
"Huber",0.0746022462834548
"Huber",0.0880704458108684
"Huber",0.0800283663219404
"Huber",0.0459433334178726
"Huber",0.0466384490856667
"Huber",0.0653879918276102
"Huber",0.0439530570653922
"Huber",0.0603918188034938
"Huber",0.07364372165012
"Huber",0.063071798111155
"Huber",0.0589044137182654
"Huber",0.0549655418421866
"Huber",0.0657311348818341
"Huber",0.0576946979218082
"Huber",0.0032633943839319
"Huber",0.0675205214894267
"Huber",0.0217070018001126
"Huber",0.050382977877249
"Huber",0.0582082612257983
"Huber",0.0432576818450043
"Huber",0.0549496823303034
"Huber",0.0637584712248474
"Huber",0.0490921238366499
"Huber",0.0433405176103144
"Huber",0.0938151116444088
"Huber",0.0595474788535803
"Huber",0.0595978722541738
"Huber",0.0637092845499596
"Huber",0.0413241905975767
"Huber",0.0576697885150423
"Huber",0.0416354966900544
"Huber",0.0488031905557285
"Huber",0.0649452256231023
"Huber",0.0637563123524471
"Huber",0.0677754442396657
"Huber",0.0727595440270432
"Huber",0.038785168627867
"Huber",0.022774847678246
"Huber",0.0821071532274762
"Huber",0.0540413343452858
"Huber",0.0562138630726333
"Huber",0.0808292444869796
"Huber",0.082499948867316
"Huber",0.093754036769409
"Huber",0.0265973226937694
"Huber",0.0443202682801207
"Huber",0.071538312306287
"Huber",0.0131765510753211
"Huber",0.0646264130772793
"Huber",0.0342618993406967
"Huber",0.029042867080857
"Huber",-0.0105976647946622
"Huber",0.0374427342171353
"Huber",0.0243004451413208
"Huber",0.0657635550198796
"Huber",0.0700477433476648
"Huber",0.0421958517069764
"Huber",0.0527545546748508
"Huber",0.0408292704752522
"Huber",0.0387546701871527
"Huber",0.0785725544595958
"Huber",0.0108547529588021
"Huber",0.0285028336344718
"Huber",0.0617278450376849
"Huber",0.0549453585175232
"Huber",0.0569750110697991
"Huber",0.0270674325939403
"Huber",-0.00230905452068196
"Huber",0.0346276252070931
"Huber",0.0739753262828186
"Huber",0.0640768168973297
"Huber",0.028791351920067
"Huber",0.0541094057667376
"Huber",0.0164015424956867
"Huber",0.0628861795806427
"Huber",0.0522441095499339
"Huber",0.0251213789040534
"Huber",0.055977612083517
"Huber",0.09035197063522
"Huber",0.076046384363212
"Huber",0.050107591757193
"Huber",0.0759112234334828
"Huber",0.0665377779638446
"Huber",0.0662977108508574
"Huber",0.0227483162060965
"Huber",0.0453382749843982
"Huber",0.0577031092154803
"Huber",0.0712232851264117
"Huber",0.0431418873412751
"Huber",0.0895479926753323
"Huber",0.050192273166893
"Huber",0.0557487527696402
"Huber",0.0478927614316855
"Huber",0.103526198178582
"Huber",0.0951096026334797
"Huber",0.0282786700047437
"Huber",0.0914368132852091
"Huber",0.0880435152787772
"Huber",0.0373751934522386
"Huber",0.011815248510378
"Huber",0.0483863249166496
"Huber",0.0585173573901358
"Huber",0.0414497147264263
"Huber",0.0396411909547876
"Huber",0.0616271279264232
"Huber",0.0820394108942773
"Huber",0.0549581205250089
"Huber",0.0900619245341954
"Huber",0.0409647541799717
"Huber",0.0343836711896716
"Huber",0.0750391715357727
"Huber",0.0198318219584172
"Huber",0.0422775672495059
"Huber",0.0620785076614524
"Huber",0.0102751964070055
"Huber",0.0888904421409124
"Huber",0.0544618980962551
"Huber",0.0624186828171046
"Huber",0.0676607723774211
"Huber",0.0613518612777742
"Huber",0.0231715846375824
"Huber",0.0368662494833111
"Huber",0.0833275643329461
"Huber",0.0462614960657884
"Huber",0.0738872773080957
"Huber",0.0432294972265503
"Huber",0.0419881852536262
"Huber",0.0671408261744856
"Huber",0.0457568993322315
"Huber",0.0679434739354661
"Huber",0.0498438039188094
"Huber",0.0411368703590429
"Huber",0.0519997057085596
"Huber",0.0844445106841268
"Huber",-0.00636080729391924
"Huber",0.0638160527805668
"Huber",0.071809699588187
"Huber",0.0469371986612781
"Huber",0.0609060736785163
"Huber",0.0626010962011707
"Huber",0.0561306207319899
"Huber",0.0892726623678363
"Huber",0.0554528881422825
"Huber",0.0679023872997388
"Huber",0.0971955221439466
"Huber",0.0538534659071881
"Huber",0.0546879197224516
"Huber",0.050188297478994
"Huber",0.0515944185816722
"Huber",0.0552371496836485
"Huber",0.0811764091992423
"Huber",0.0633384176239465
"Huber",0.0410476941666708
"Huber",0.0693992360000388
"Huber",0.0435831015176639
"Huber",0.0407150106539919
"Huber",0.0785179213277339
"Huber",0.046815964826339
"Huber",0.0536018188778452
"Huber",0.0270548141576717
"Huber",0.0752848895197014
"Huber",0.049860451538201
"Huber",0.0555069064376404
"Huber",0.0565530560446637
"Huber",0.0401771842392189
"Huber",0.0540899060341691
"Huber",0.0547793429363224
"Huber",0.0240023938806558
"Huber",0.0796026257253389
"Huber",0.0666063809072626
"Huber",0.0226840549626754
"Huber",0.0430702309129755
"Huber",0.086681708350461
"Huber",0.0491181360679312
"Huber",0.00130933641218846
"Huber",0.0394159318830579
"Huber",0.0656809503457741
"Huber",0.0446118590144358
"Huber",-0.00283265439967899
"Huber",0.0353292403880687
"Huber",0.0520683349770056
"Huber",0.0527120161613884
"Huber",0.0635932509422301
"Huber",0.0621132487804309
"Huber",0.0825291890525622
"Huber",0.0735328601056396
"Huber",0.071169962867968
"Huber",0.0233630577351585
"Huber",0.0513188669280604
"Huber",0.0433437121438014
"Huber",0.0917955283623409
"Huber",0.0190206023615807
"Huber",0.105917004235244
"Huber",0.0459106443490494
"Huber",0.0139063335058647
"Huber",0.0541609763729331
"Huber",0.0893900453347845
"Huber",0.0408561524397708
"Huber",0.102224410516326
"Huber",0.0648266928601439
"Huber",0.0290371298746111
"Huber",0.0426053079293171
"Huber",0.034887508190176
"Huber",0.0572657879004317
"Huber",0.0292733950023208
"Huber",0.0728358535459775
"Huber",0.0782735962479532
"Huber",0.052590300501962
"Huber",0.081870093206245
"Huber",0.0519216889128342
"Huber",0.0500101177766379
"Huber",0.0582199028755563
"Huber",0.0938778392030288
"Huber",0.0846386004590217
"Huber",0.054093136563521
"Huber",0.0826703474431518
"Huber",0.0629276370206459
"Huber",0.0667793182242783
"Huber",0.0596917479047338
"Huber",0.0475667703430759
"Huber",0.0367131166948681
"Huber",0.0785522635977685
"Huber",0.0325806698429187
"Huber",0.0402569200760089
"Huber",0.088827130859688
"Huber",0.0569709764094173
"Huber",0.0511677852193451
"Huber",0.0677563499346389
"Huber",0.0637429090371949
"Huber",0.0585519019221689
"Huber",0.035536138098297
"Huber",0.0585057454764074
"Huber",0.0194853665197555
"Huber",0.0949663982674664
"Huber",0.0158672967919543
"Huber",0.0411105378116631
"Huber",0.102322439446443
"Huber",0.0647174012016917
"Huber",0.0453499273206759
"Huber",0.0196246068224775
"Huber",0.0486859871605971
"Huber",-0.0068217789155051
"Huber",0.0585362634342458
"Huber",0.0443721281163586
"Huber",0.0498357490116835
"Huber",0.0264179655102814
"Huber",0.0418587571964851
"Huber",0.0758616496710919
"Huber",0.0639385960830743
"Huber",0.0660265623780241
"Huber",0.0764911982981489
"Huber",0.0425482300512225
"Huber",0.0825462538473796
"Huber",0.043937806887187
"Huber",0.101758734313743
"Huber",0.052302893473666
"Huber",0.040521848798769
"Huber",0.0577692311058418
"Huber",0.0550621736350376
"Huber",0.024457858869603
"Huber",-0.023161224418096
"Huber",0.130214618085021
"Huber",0.0784006253823081
"Huber",0.0598763335591413
"Huber",0.0714594127759137
"Huber",0.0835643698186625
"Huber",0.0692048487850793
"Huber",0.0254575690230122
"Huber",0.0557786528768763
"Huber",0.0580226667455302
"Huber",0.0452740289928995
"Huber",0.0647687840340624
"Huber",0.0899881326417266
"Huber",0.0368617443016333
"Huber",0.0554202902370384
"Huber",0.0958136809373202
"Huber",0.0606913404835582
"Huber",0.0460419167723284
"Huber",0.0819259254886116
"Huber",0.0291528812720031
"Huber",0.030977393214369
"Huber",0.0831341178236225
"Huber",0.0369255744333539
"Huber",0.0621644351121125
"Huber",0.0853096743860879
"Huber",0.0647980922744743
"Huber",0.0520283435073104
"Huber",0.0438057592025172
"Huber",0.0671623430269061
"Huber",0.0820816327134248
"Huber",0.053430420843094
"Huber",0.0389081827337166
"Huber",-0.000713886663349509
"Huber",0.0269488355732345
"Huber",0.0649164771415538
"Huber",0.048191824837911
"Huber",0.0657913942979236
"Huber",0.043369768323172
"Huber",0.0784328556825218
"Huber",0.0417320515344475
"Huber",0.0269295108694252
"Huber",0.0569756599834914
"Huber",0.0741128275765976
"Huber",0.0386695124429602
"Huber",0.0133196234149248
"Huber",0.102161104869527
"Huber",0.0593644628006847
"Huber",0.058637188370907
"Huber",0.0471983671314036
"Huber",0.0613402027731191
"Huber",0.111291946825678
"Huber",0.0718534123629562
"Huber",0.0900071839341283
"Huber",0.0247937107329402
"Huber",0.0632566953970987
"Huber",0.022980889955048
"Huber",0.07060049630987
"Huber",0.0900927930695844
"Huber",0.0510543779043538
"Huber",0.0586656523125369
"Huber",0.0811734738860779
"Huber",0.00143398806903252
"Huber",-0.00382756791081303
"Huber",0.0667770555407477
"Huber",0.109974200446403
"Huber",0.0358699664168556
"Huber",0.0745443615851228
"Huber",0.0214057070833268
"Huber",0.0740795574064179
"Huber",0.041646387691224
"Huber",0.0824457178778275
"Huber",0.060692374864448
"Huber",0.0851017610825631
"Huber",0.050053148414416
"Huber",0.0818319366709632
"Huber",0.0561559584528846
"Huber",0.00787348377795486
"Huber",0.0626341861547036
"Huber",0.0562258322068695
"Huber",0.082672874653455
"Huber",0.0431115827836904
"Huber",0.0353397887664426
"Huber",0.0692049124974965
"Huber",0.0499116068193618
"Huber",0.0698297283995232
"Huber",0.0709139531724262
"Huber",0.0405694718442573
"Huber",0.052144839599699
"Huber",0.0871520451668055
"Huber",0.0760760023278171
"Huber",0.0615796483083914
"Huber",0.0553967216561733
"Huber",0.067131248786648
"Huber",0.0412782207640505
"Huber",0.059255305271256
"Huber",0.0768876774055757
"Huber",0.035740159427296
"Huber",0.054046667856665
"Huber",0.0642305328310891
"Huber",0.100623990936255
"Huber",0.0361006604144311
"Huber",0.0386057750974488
"Huber",0.0824890070198409
"Huber",0.0806266515709987
"Huber",0.0654919450906847
"Huber",0.0550897317787034
"Huber",0.0306311987395338
"Huber",0.0174752006665133
"Huber",0.108126907142353
"Huber",0.0751000544510928
"Huber",0.0361007748975793
"Huber",0.0293682130730088
"Huber",0.0803150595277704
"Huber",0.106313666527061
"Huber",0.0672804444214073
"Huber",0.0426611096312745
"Huber",0.0581994811794267
"Huber",0.00271779146752293
"Huber",0.0689350568960757
"Huber",0.0719289362944925
"Huber",0.0185235235600009
"Huber",-0.0140531872412709
"Huber",0.0632551461510243
"Huber",0.0477412874675789
"Huber",0.0846927041747871
"Huber",0.0713416375525663
"Huber",0.0182209896968788
"Huber",0.0480952131094934
"Huber",0.0158137844609142
"Huber",0.0499439085303614
"Huber",0.0544519777914404
"Huber",0.0554463993431188
"Huber",0.0757025093612141
"Huber",0.0603285326061068
"Huber",0.0602961071048188
"Huber",0.0386792366412599
"Huber",0.0557687025420755
"Huber",0.0468941398938644
"Huber",0.0726872103404791
"Huber",0.040995952306169
"Huber",0.0337165963406755
"Huber",0.0363209743642156
"Huber",0.0538047624363713
"Huber",0.0644024582853239
"Huber",0.043400598242689
"Huber",0.0542803790665826
"Huber",0.0624927041884146
"Huber",0.0667609133625484
"Huber",0.0535365553026055
"Huber",0.0569195110997469
"Huber",0.0883537183789632
"Huber",0.0537658785809844
"Huber",0.0347859611797377
"Huber",0.0533746717908221
"Huber",0.0869463201471096
"Huber",0.0751060434162479
"Huber",0.0645334874789637
"Huber",0.042614813592856
"Huber",0.000473870130578944
"Huber",0.0726845096721541
"Huber",0.0316216845686368
"Huber",0.0698758986393666
"Huber",0.0521045260751172
"Huber",0.06795940026475
"Huber",0.0693781949053073
"Huber",0.0507589079305446
"Huber",0.0667109029077466
"Huber",0.0720837829856967
"Huber",0.0273362766227438
"Huber",0.0247966888675942
"Huber",0.0400492866895527
"Huber",0.0660909566985533
"Huber",0.0212117591199861
"Huber",0.0554493683086831
"Huber",0.0523563788969867
"Huber",0.0462970290729703
"Huber",0.053854965063764
"Huber",0.073057716937082
"Huber",0.0518070587078708
"Huber",0.109833565866314
"Huber",0.0295090702507948
"Huber",0.0518604040557373
"Huber",0.0770654209999416
"Huber",0.0592732728204272
"Huber",0.0236985697708371
"Huber",0.108455144321725
"Huber",0.039563144029678
"Huber",0.0820348642439408
"Huber",0.0513514450714833
"Huber",0.0463309932118533
"Huber",0.0536991498110909
"Huber",0.0342708751731251
"Huber",0.0599746562704798
"Huber",0.0431595277294521
"Huber",0.0977528741709873
"Huber",0.0512211973959571
"Huber",0.03882464598729
"Huber",0.0898800788099492
"Huber",0.0153032666670048
"Huber",0.0171612635530047
"Huber",0.0186219903642616
"Huber",0.033154055141283
"Huber",0.015697130872336
"Huber",0.0457664105039369
"Huber",0.0249351647107997
"Huber",0.0974027638519212
"Huber",0.0862080507080188
"Huber",0.0659081706672785
"Huber",0.064846728950855
"Huber",0.0268089408640309
"Huber",0.0398211493105032
"Huber",-0.0400863845606487
"Huber",0.0620816722541112
"Huber",0.0504811376382
"Huber",0.0197215142864765
"Huber",0.0745507561475893
"Huber",0.0207571720975259
"Huber",0.0497198076723178
"Huber",0.0380353688042483
"Huber",0.0334369915177779
"Huber",0.0789109684705666
"Huber",0.0234484877338718
"Huber",0.06324383220058
"Huber",0.0610990780561955
"Huber",0.0697774871490586
"Huber",0.0367045980550584
"Huber",0.0373557097549566
"Huber",0.0500986248235102
"Huber",0.057656193046826
"Huber",0.0434944814318688
"Huber",-0.00037121970283503
"Huber",0.0435649183581675
"Huber",0.0626806496228014
"Huber",0.0613105000951143
"Huber",0.0258218230094741
"Huber",0.0727005833733289
"Huber",0.0427051182268051
"Huber",0.0696263884559462
"Huber",0.0416893201735003
"Huber",0.10171283354773
"Huber",0.0616491158263253
"Huber",0.0870031086772621
"Huber",0.037990055359569
"Huber",0.0623473044664365
"Huber",0.0702862228722338
"Huber",0.0585138058890885
"Huber",0.0932384425330221
"Huber",0.0674902488175407
"Huber",0.0355268609050442
"Huber",0.0564539288429904
"Huber",0.00310573015880992
"Huber",0.119018513979479
"Huber",0.0613870076574215
"Huber",0.0678941535416029
"Huber",0.051489530801022
"Huber",0.030685057008617
"Huber",0.0390094856127815
"Huber",0.0257104074953936
"Huber",0.0425419597618123
"Huber",0.0202486676060512
"Huber",0.0653092618727088
"Huber",0.0649415398560953
"Huber",0.056049552089549
"Huber",0.0406272260445923
"Huber",0.0889657375774767
"Huber",0.0571418089662389
"Huber",0.036212708859451
"Huber",0.0520702404387316
"Huber",0.0524773346346181
"Huber",0.0312796635106495
"Huber",0.0414742787664301
"Huber",0.0596917880729714
"Huber",0.0754653606443796
"Huber",0.0937638428102023
"Huber",0.0358461983925547
"Huber",0.0309927296551174
"Huber",0.0568712354489876
"Huber",0.0479137009874455
"Huber",0.0620777411478033
"Huber",0.0374427604806758
"Huber",0.0483559135472088
"Huber",0.0353606294454182
"Huber",0.0451872360805842
"Huber",0.0600292733170211
"Huber",0.0252990597496293
"Huber",0.0259465221192992
"Huber",0.061371135389057
"Huber",0.0256879079313606
"Huber",0.0772173639653216
"Huber",0.0333483473728457
"Huber",0.00343168360736309
"Huber",0.0535184333655732
"Huber",0.0437705810914488
"Huber",0.0562726531648878
"Huber",0.0716330991864988
"Huber",0.0745652183036701
"Huber",0.0112242977500357
"Huber",0.049897628927786
"PATP (α*=0.55)",0.0290446127049649
"PATP (α*=0.55)",0.00470267816650996
"PATP (α*=0.55)",0.0433230226883392
"PATP (α*=0.55)",0.0740375168834886
"PATP (α*=0.55)",0.0779066596220232
"PATP (α*=0.55)",0.0397874157684729
"PATP (α*=0.55)",0.0885337720432843
"PATP (α*=0.55)",0.0814900948116331
"PATP (α*=0.55)",0.0505155360505623
"PATP (α*=0.55)",0.0344748140611923
"PATP (α*=0.55)",0.014113781483211
"PATP (α*=0.55)",0.0103691591546808
"PATP (α*=0.55)",0.085468399275915
"PATP (α*=0.55)",0.0620873228022732
"PATP (α*=0.55)",0.055161818705566
"PATP (α*=0.55)",0.0756386823866868
"PATP (α*=0.55)",0.0592120659191713
"PATP (α*=0.55)",0.0788450786142777
"PATP (α*=0.55)",-0.00358281300800368
"PATP (α*=0.55)",0.0334466380220001
"PATP (α*=0.55)",0.0753549451155112
"PATP (α*=0.55)",0.060353101654622
"PATP (α*=0.55)",0.0106301368545998
"PATP (α*=0.55)",0.0529207418191185
"PATP (α*=0.55)",0.0465143674714169
"PATP (α*=0.55)",-0.0112443898909015
"PATP (α*=0.55)",0.0277622711000001
"PATP (α*=0.55)",0.0508009839848419
"PATP (α*=0.55)",0.0451606076944048
"PATP (α*=0.55)",0.0346932317850052
"PATP (α*=0.55)",0.0486515274511284
"PATP (α*=0.55)",0.0183716940143147
"PATP (α*=0.55)",0.0793558361062708
"PATP (α*=0.55)",0.0319690756758029
"PATP (α*=0.55)",0.0329706088780004
"PATP (α*=0.55)",0.0430673496358286
"PATP (α*=0.55)",0.0637523499687663
"PATP (α*=0.55)",0.0314828753862756
"PATP (α*=0.55)",0.0500338277904974
"PATP (α*=0.55)",0.0253317179413087
"PATP (α*=0.55)",0.00686666895248994
"PATP (α*=0.55)",0.0538035253383851
"PATP (α*=0.55)",0.0423455322335425
"PATP (α*=0.55)",0.0861115908711493
"PATP (α*=0.55)",0.0143497400151158
"PATP (α*=0.55)",0.0466021053347884
"PATP (α*=0.55)",0.0592241127569809
"PATP (α*=0.55)",0.107402230282464
"PATP (α*=0.55)",0.0462329501082068
"PATP (α*=0.55)",0.0673929645317619
"PATP (α*=0.55)",0.0265093203879624
"PATP (α*=0.55)",0.0467116898138282
"PATP (α*=0.55)",0.0353737892569923
"PATP (α*=0.55)",0.0759197734116671
"PATP (α*=0.55)",0.0510302054211292
"PATP (α*=0.55)",0.0328154649557666
"PATP (α*=0.55)",0.0860792038380438
"PATP (α*=0.55)",0.0275745901031342
"PATP (α*=0.55)",0.0358800907758259
"PATP (α*=0.55)",0.0401283245457205
"PATP (α*=0.55)",0.0652330654986388
"PATP (α*=0.55)",0.0674224485159125
"PATP (α*=0.55)",0.0920082108216272
"PATP (α*=0.55)",0.0443176260804867
"PATP (α*=0.55)",0.0589048807011524
"PATP (α*=0.55)",0.022650578298094
"PATP (α*=0.55)",0.0337499012642132
"PATP (α*=0.55)",0.0304953992057434
"PATP (α*=0.55)",0.0490465159913682
"PATP (α*=0.55)",0.0471519903383621
"PATP (α*=0.55)",0.0761548775455402
"PATP (α*=0.55)",0.00446856689979995
"PATP (α*=0.55)",0.0411445489890364
"PATP (α*=0.55)",0.0686873265724594
"PATP (α*=0.55)",0.0788513484172093
"PATP (α*=0.55)",0.00367475993261668
"PATP (α*=0.55)",0.0477258007387896
"PATP (α*=0.55)",0.0761546818686695
"PATP (α*=0.55)",0.0426130234428884
"PATP (α*=0.55)",0.040845821296522
"PATP (α*=0.55)",0.0538732378035769
"PATP (α*=0.55)",0.0553817125184326
"PATP (α*=0.55)",0.0811034821039099
"PATP (α*=0.55)",0.0601007855415849
"PATP (α*=0.55)",0.0662965845687087
"PATP (α*=0.55)",0.0438708240336228
"PATP (α*=0.55)",0.0611998626445885
"PATP (α*=0.55)",0.066551789706021
"PATP (α*=0.55)",0.0670178086618018
"PATP (α*=0.55)",0.0896451602024995
"PATP (α*=0.55)",0.0395064947912937
"PATP (α*=0.55)",0.0772242713664107
"PATP (α*=0.55)",0.0187565479449348
"PATP (α*=0.55)",0.000806425297561655
"PATP (α*=0.55)",0.0542889862776773
"PATP (α*=0.55)",0.0540403335864173
"PATP (α*=0.55)",0.0771729445052552
"PATP (α*=0.55)",0.10333159385421
"PATP (α*=0.55)",0.0386026525141601
"PATP (α*=0.55)",0.0680654905722962
"PATP (α*=0.55)",0.102509270919693
"PATP (α*=0.55)",0.0127091933052774
"PATP (α*=0.55)",0.0683202435342326
"PATP (α*=0.55)",0.0478720523186027
"PATP (α*=0.55)",0.033950459664001
"PATP (α*=0.55)",0.0840288382815266
"PATP (α*=0.55)",0.0609019473322193
"PATP (α*=0.55)",0.0680118849673345
"PATP (α*=0.55)",0.0110844069465935
"PATP (α*=0.55)",0.0522579319339655
"PATP (α*=0.55)",0.0776477713083989
"PATP (α*=0.55)",0.0478559643672483
"PATP (α*=0.55)",0.0829461014653507
"PATP (α*=0.55)",0.0303615049529715
"PATP (α*=0.55)",0.0611484672196562
"PATP (α*=0.55)",0.0779681008523858
"PATP (α*=0.55)",0.0662482007057819
"PATP (α*=0.55)",0.0752250617981564
"PATP (α*=0.55)",0.0264275562098586
"PATP (α*=0.55)",0.0641025057079179
"PATP (α*=0.55)",0.0400594739834348
"PATP (α*=0.55)",0.0856933444212006
"PATP (α*=0.55)",0.0383173741838214
"PATP (α*=0.55)",0.0630185767882902
"PATP (α*=0.55)",0.00213154724915129
"PATP (α*=0.55)",0.0237236583026312
"PATP (α*=0.55)",0.0733464468636871
"PATP (α*=0.55)",0.0483911452282957
"PATP (α*=0.55)",0.0373758399261747
"PATP (α*=0.55)",0.0574594239080487
"PATP (α*=0.55)",0.034008434991211
"PATP (α*=0.55)",0.0179157102818026
"PATP (α*=0.55)",0.0358731779461045
"PATP (α*=0.55)",0.0294305400390943
"PATP (α*=0.55)",0.0316425461826213
"PATP (α*=0.55)",0.0503915939136269
"PATP (α*=0.55)",0.0403175851307671
"PATP (α*=0.55)",0.0761484369115486
"PATP (α*=0.55)",0.045220121939337
"PATP (α*=0.55)",0.0989432641443413
"PATP (α*=0.55)",0.025132286402045
"PATP (α*=0.55)",0.0546392741688552
"PATP (α*=0.55)",0.0691297208823743
"PATP (α*=0.55)",0.0399581060203276
"PATP (α*=0.55)",0.0666319794680889
"PATP (α*=0.55)",0.0329909564449501
"PATP (α*=0.55)",0.0589796779960031
"PATP (α*=0.55)",0.024070530881028
"PATP (α*=0.55)",0.0433954251345403
"PATP (α*=0.55)",0.058737891657949
"PATP (α*=0.55)",0.0757020370809843
"PATP (α*=0.55)",0.0681549043016001
"PATP (α*=0.55)",0.0570649442468215
"PATP (α*=0.55)",-0.0152721121112558
"PATP (α*=0.55)",0.0282016875311432
"PATP (α*=0.55)",0.0499983212059252
"PATP (α*=0.55)",0.0624239990207928
"PATP (α*=0.55)",0.0372772840450295
"PATP (α*=0.55)",0.0573662186448752
"PATP (α*=0.55)",0.0760028523493555
"PATP (α*=0.55)",0.0404607496724896
"PATP (α*=0.55)",0.0214800938792268
"PATP (α*=0.55)",0.102298376839609
"PATP (α*=0.55)",0.00890866190412447
"PATP (α*=0.55)",0.0573549153339446
"PATP (α*=0.55)",0.0434932230474911
"PATP (α*=0.55)",0.0516006280198669
"PATP (α*=0.55)",0.0623045556461041
"PATP (α*=0.55)",0.0425822078300252
"PATP (α*=0.55)",0.0482341728993559
"PATP (α*=0.55)",0.0189931250947442
"PATP (α*=0.55)",0.0682441932232887
"PATP (α*=0.55)",0.0201080934692024
"PATP (α*=0.55)",0.0361434381717693
"PATP (α*=0.55)",0.0324534327711774
"PATP (α*=0.55)",0.0240892361709642
"PATP (α*=0.55)",-0.0193681216425628
"PATP (α*=0.55)",0.0325997141175541
"PATP (α*=0.55)",0.0774344174902183
"PATP (α*=0.55)",0.0178647733443153
"PATP (α*=0.55)",0.0581457986286819
"PATP (α*=0.55)",0.0249599199824135
"PATP (α*=0.55)",0.0477899873530188
"PATP (α*=0.55)",0.0623718834851496
"PATP (α*=0.55)",0.00623990064152627
"PATP (α*=0.55)",0.0485104092420602
"PATP (α*=0.55)",0.014570734395044
"PATP (α*=0.55)",0.0345317815986059
"PATP (α*=0.55)",0.0689566316322273
"PATP (α*=0.55)",0.0762143761468405
"PATP (α*=0.55)",0.0714559318572892
"PATP (α*=0.55)",0.0844445483484251
"PATP (α*=0.55)",0.0500170394795976
"PATP (α*=0.55)",0.0239788570806509
"PATP (α*=0.55)",-0.00301739352690024
"PATP (α*=0.55)",0.0541324448662393
"PATP (α*=0.55)",0.0186781410122745
"PATP (α*=0.55)",-0.00223138425348946
"PATP (α*=0.55)",0.104719440548029
"PATP (α*=0.55)",0.054303557415857
"PATP (α*=0.55)",0.0565215160563705
"PATP (α*=0.55)",0.0567054183679637
"PATP (α*=0.55)",0.0234155164391068
"PATP (α*=0.55)",0.105183545647213
"PATP (α*=0.55)",0.0376066117115757
"PATP (α*=0.55)",0.0356699352496103
"PATP (α*=0.55)",0.032727832405575
"PATP (α*=0.55)",0.0361416126889231
"PATP (α*=0.55)",0.0728415440055231
"PATP (α*=0.55)",0.0463659633749914
"PATP (α*=0.55)",0.0464081834517718
"PATP (α*=0.55)",0.0200606242833185
"PATP (α*=0.55)",0.0236498721005505
"PATP (α*=0.55)",0.0581451604205717
"PATP (α*=0.55)",0.0261885705744846
"PATP (α*=0.55)",0.0111134971628817
"PATP (α*=0.55)",0.0426311937827009
"PATP (α*=0.55)",0.00950781668681836
"PATP (α*=0.55)",0.0339533880050696
"PATP (α*=0.55)",0.0187836529178309
"PATP (α*=0.55)",0.0535627147204809
"PATP (α*=0.55)",0.0449580035683045
"PATP (α*=0.55)",0.0395542023383191
"PATP (α*=0.55)",0.0616847353692875
"PATP (α*=0.55)",0.0324144276169899
"PATP (α*=0.55)",0.0592379618381433
"PATP (α*=0.55)",0.0503314202767447
"PATP (α*=0.55)",0.0264830777640275
"PATP (α*=0.55)",0.00626673775037689
"PATP (α*=0.55)",0.0506789282682028
"PATP (α*=0.55)",0.0343703975091388
"PATP (α*=0.55)",0.055552615017983
"PATP (α*=0.55)",0.0602556534460676
"PATP (α*=0.55)",0.0427023139458495
"PATP (α*=0.55)",0.0762694988109338
"PATP (α*=0.55)",0.0418910963447498
"PATP (α*=0.55)",0.0569561247694602
"PATP (α*=0.55)",0.0611781216194333
"PATP (α*=0.55)",0.0259233948400494
"PATP (α*=0.55)",0.0566490527114333
"PATP (α*=0.55)",-0.0150154851594399
"PATP (α*=0.55)",0.0637142268597693
"PATP (α*=0.55)",0.0367852832568007
"PATP (α*=0.55)",0.00543734696649297
"PATP (α*=0.55)",0.0443780668392074
"PATP (α*=0.55)",0.066861910370325
"PATP (α*=0.55)",0.0393939470548269
"PATP (α*=0.55)",0.057720432588978
"PATP (α*=0.55)",0.0420522709012747
"PATP (α*=0.55)",0.0199374336519077
"PATP (α*=0.55)",0.0416286001152684
"PATP (α*=0.55)",0.0654183958312509
"PATP (α*=0.55)",0.117286925205413
"PATP (α*=0.55)",0.00850762045985058
"PATP (α*=0.55)",0.0707290214409033
"PATP (α*=0.55)",0.00842300184597787
"PATP (α*=0.55)",0.0376344769337558
"PATP (α*=0.55)",0.0428682264253817
"PATP (α*=0.55)",0.00685915217331384
"PATP (α*=0.55)",0.0573845276655114
"PATP (α*=0.55)",0.0159861162965384
"PATP (α*=0.55)",0.030544521936684
"PATP (α*=0.55)",0.086089960076024
"PATP (α*=0.55)",0.0968744900928454
"PATP (α*=0.55)",0.0752788013342002
"PATP (α*=0.55)",0.0513421777836453
"PATP (α*=0.55)",0.0647000167745496
"PATP (α*=0.55)",0.0461153807023716
"PATP (α*=0.55)",0.0967415319536487
"PATP (α*=0.55)",0.0830674449113098
"PATP (α*=0.55)",0.0146377288149938
"PATP (α*=0.55)",0.0697726782326016
"PATP (α*=0.55)",0.0281505007260552
"PATP (α*=0.55)",0.046232834430754
"PATP (α*=0.55)",0.052393116059026
"PATP (α*=0.55)",0.0644315432900654
"PATP (α*=0.55)",0.0210699432282718
"PATP (α*=0.55)",0.0365456415180218
"PATP (α*=0.55)",0.0830931304971015
"PATP (α*=0.55)",0.0771142948662936
"PATP (α*=0.55)",0.019272110279717
"PATP (α*=0.55)",0.0488973963599798
"PATP (α*=0.55)",0.0607491750658168
"PATP (α*=0.55)",0.042200486456976
"PATP (α*=0.55)",0.0614417403629995
"PATP (α*=0.55)",0.0157991611349546
"PATP (α*=0.55)",0.0494684393436468
"PATP (α*=0.55)",0.0727047072935485
"PATP (α*=0.55)",0.0756057167941791
"PATP (α*=0.55)",0.0482169140413549
"PATP (α*=0.55)",0.00630061193759407
"PATP (α*=0.55)",0.0489491068386983
"PATP (α*=0.55)",0.048918773607942
"PATP (α*=0.55)",0.0422026334202254
"PATP (α*=0.55)",0.0821979198225572
"PATP (α*=0.55)",0.0290152003026229
"PATP (α*=0.55)",0.0548500740076841
"PATP (α*=0.55)",0.0225732368460861
"PATP (α*=0.55)",0.0675765114506455
"PATP (α*=0.55)",0.0681513384709885
"PATP (α*=0.55)",0.0371780436651183
"PATP (α*=0.55)",0.0705467707957667
"PATP (α*=0.55)",0.0445298162153227
"PATP (α*=0.55)",0.0530207358962413
"PATP (α*=0.55)",0.0621234983278316
"PATP (α*=0.55)",0.0147117426520914
"PATP (α*=0.55)",0.108045289003353
"PATP (α*=0.55)",0.0391752543472199
"PATP (α*=0.55)",0.0349715889987045
"PATP (α*=0.55)",0.0444261741670812
"PATP (α*=0.55)",0.030462342082584
"PATP (α*=0.55)",0.0368304348485044
"PATP (α*=0.55)",0.0555741694128552
"PATP (α*=0.55)",0.0216151878493582
"PATP (α*=0.55)",0.0256909115008753
"PATP (α*=0.55)",0.0569663102752795
"PATP (α*=0.55)",0.0462722483228562
"PATP (α*=0.55)",0.0723984686924342
"PATP (α*=0.55)",0.0497933692153312
"PATP (α*=0.55)",0.0454080394073773
"PATP (α*=0.55)",0.0619512616191588
"PATP (α*=0.55)",0.0265533908778252
"PATP (α*=0.55)",-0.0211832610976561
"PATP (α*=0.55)",0.0937122823854071
"PATP (α*=0.55)",0.0320214134076906
"PATP (α*=0.55)",0.0349375436954042
"PATP (α*=0.55)",-0.00980049538100159
"PATP (α*=0.55)",0.0650038858660124
"PATP (α*=0.55)",0.018253968377138
"PATP (α*=0.55)",0.0477590035909657
"PATP (α*=0.55)",0.0262143046908859
"PATP (α*=0.55)",0.093114015248086
"PATP (α*=0.55)",0.0466608996726775
"PATP (α*=0.55)",0.034347886457684
"PATP (α*=0.55)",0.0737738976929452
"PATP (α*=0.55)",0.078420695315141
"PATP (α*=0.55)",0.0693032699361708
"PATP (α*=0.55)",-0.0203193192532138
"PATP (α*=0.55)",0.0195317779265685
"PATP (α*=0.55)",0.0121918403223486
"PATP (α*=0.55)",0.0628619301203157
"PATP (α*=0.55)",0.0682411647226867
"PATP (α*=0.55)",0.0472254389018996
"PATP (α*=0.55)",0.047600709613656
"PATP (α*=0.55)",0.0604332891452768
"PATP (α*=0.55)",0.0142828031045231
"PATP (α*=0.55)",0.0661098284985584
"PATP (α*=0.55)",0.123669651444285
"PATP (α*=0.55)",0.0283512974642669
"PATP (α*=0.55)",0.0585912939074395
"PATP (α*=0.55)",0.0432634183962986
"PATP (α*=0.55)",0.0321300081215734
"PATP (α*=0.55)",0.0474140399708396
"PATP (α*=0.55)",0.0502925099483952
"PATP (α*=0.55)",0.0466374288901666
"PATP (α*=0.55)",0.0741447989506276
"PATP (α*=0.55)",0.0462799433095046
"PATP (α*=0.55)",0.0495291088651948
"PATP (α*=0.55)",0.00782723511883772
"PATP (α*=0.55)",0.0599418522074045
"PATP (α*=0.55)",0.0132450912487337
"PATP (α*=0.55)",0.0106540264956753
"PATP (α*=0.55)",0.00109980593303146
"PATP (α*=0.55)",0.037468105774817
"PATP (α*=0.55)",0.0668671467313574
"PATP (α*=0.55)",0.0158217581589683
"PATP (α*=0.55)",0.00675144752371094
"PATP (α*=0.55)",0.0170735164433847
"PATP (α*=0.55)",0.0586005670242417
"PATP (α*=0.55)",0.0936932485144891
"PATP (α*=0.55)",0.0540440745898205
"PATP (α*=0.55)",0.01490035569372
"PATP (α*=0.55)",0.0387126006144553
"PATP (α*=0.55)",0.0983751532509954
"PATP (α*=0.55)",0.0766198933449073
"PATP (α*=0.55)",0.0253647087271203
"PATP (α*=0.55)",0.024902408993053
"PATP (α*=0.55)",0.0645887092263261
"PATP (α*=0.55)",0.0502905126818235
"PATP (α*=0.55)",0.0423112279464166
"PATP (α*=0.55)",0.0599085102011555
"PATP (α*=0.55)",0.027938102827551
"PATP (α*=0.55)",0.0671478667376632
"PATP (α*=0.55)",0.0599180130483873
"PATP (α*=0.55)",-0.00433793852181463
"PATP (α*=0.55)",0.0330833909746813
"PATP (α*=0.55)",0.0691739518154523
"PATP (α*=0.55)",0.0854059023792366
"PATP (α*=0.55)",-7.23828487741088e-05
"PATP (α*=0.55)",0.0339399759619603
"PATP (α*=0.55)",0.0426100519807953
"PATP (α*=0.55)",0.0596314475877535
"PATP (α*=0.55)",0.0456740662982737
"PATP (α*=0.55)",0.063073403016287
"PATP (α*=0.55)",0.0659871517500689
"PATP (α*=0.55)",0.0502102661090365
"PATP (α*=0.55)",0.0804661090220576
"PATP (α*=0.55)",0.0524758795109984
"PATP (α*=0.55)",0.0233019635464991
"PATP (α*=0.55)",0.0249064942157692
"PATP (α*=0.55)",0.0571683072100224
"PATP (α*=0.55)",0.0870845969439443
"PATP (α*=0.55)",0.0369032785551816
"PATP (α*=0.55)",0.0342153246035846
"PATP (α*=0.55)",0.00716279076928545
"PATP (α*=0.55)",0.0221420634768302
"PATP (α*=0.55)",0.029227555412123
"PATP (α*=0.55)",0.016621063426716
"PATP (α*=0.55)",0.0317464874013044
"PATP (α*=0.55)",0.0245412118793208
"PATP (α*=0.55)",0.0431462040894171
"PATP (α*=0.55)",0.0453538335476085
"PATP (α*=0.55)",0.0787314601052652
"PATP (α*=0.55)",0.0433748508903762
"PATP (α*=0.55)",0.0171943148765674
"PATP (α*=0.55)",0.098424887745029
"PATP (α*=0.55)",0.0307113302033596
"PATP (α*=0.55)",0.0400581246587089
"PATP (α*=0.55)",0.0361716229592844
"PATP (α*=0.55)",0.0575252311039793
"PATP (α*=0.55)",0.0701960312164628
"PATP (α*=0.55)",0.00547911394685385
"PATP (α*=0.55)",0.0762128497010519
"PATP (α*=0.55)",0.0678246886184222
"PATP (α*=0.55)",-0.0029369117832271
"PATP (α*=0.55)",0.0611496013111369
"PATP (α*=0.55)",0.0449039210662879
"PATP (α*=0.55)",0.0307837529484641
"PATP (α*=0.55)",0.0337240918064813
"PATP (α*=0.55)",0.00320704678247552
"PATP (α*=0.55)",0.106928131655934
"PATP (α*=0.55)",0.0925520492994142
"PATP (α*=0.55)",0.0629125584135247
"PATP (α*=0.55)",0.0265827535169287
"PATP (α*=0.55)",0.0531960223659941
"PATP (α*=0.55)",0.0461527002061158
"PATP (α*=0.55)",-0.00111561712976217
"PATP (α*=0.55)",0.0344739830761746
"PATP (α*=0.55)",0.0168877177295675
"PATP (α*=0.55)",0.034999613612877
"PATP (α*=0.55)",0.058004585310949
"PATP (α*=0.55)",0.0601082547488246
"PATP (α*=0.55)",0.0528760216075915
"PATP (α*=0.55)",0.0167045135118232
"PATP (α*=0.55)",0.0400013456655466
"PATP (α*=0.55)",0.0558204122319705
"PATP (α*=0.55)",0.0519294449618562
"PATP (α*=0.55)",0.0941084442755615
"PATP (α*=0.55)",0.0204305230438225
"PATP (α*=0.55)",0.00196141049783875
"PATP (α*=0.55)",-0.00267437995180921
"PATP (α*=0.55)",0.0658605108760774
"PATP (α*=0.55)",0.0304519730913218
"PATP (α*=0.55)",0.028420940740212
"PATP (α*=0.55)",0.0702382039139508
"PATP (α*=0.55)",0.0513962568526498
"PATP (α*=0.55)",0.0624410258524307
"PATP (α*=0.55)",0.0674113070161198
"PATP (α*=0.55)",0.0496649592457712
"PATP (α*=0.55)",0.0611444711050064
"PATP (α*=0.55)",0.0356951602888943
"PATP (α*=0.55)",0.017998264792685
"PATP (α*=0.55)",0.0603086707922442
"PATP (α*=0.55)",0.0703344643214043
"PATP (α*=0.55)",0.0278010338037194
"PATP (α*=0.55)",0.0787586991351508
"PATP (α*=0.55)",0.0262260885918655
"PATP (α*=0.55)",0.0499849354274698
"PATP (α*=0.55)",0.0411655894849282
"PATP (α*=0.55)",-0.0182004597607749
"PATP (α*=0.55)",0.0668043717298748
"PATP (α*=0.55)",0.0386985908045562
"PATP (α*=0.55)",0.0245965830611447
"PATP (α*=0.55)",0.0530876093542221
"PATP (α*=0.55)",0.0293837358537573
"PATP (α*=0.55)",0.014369587591482
"PATP (α*=0.55)",0.0782881417429102
"PATP (α*=0.55)",0.0409403645606246
"PATP (α*=0.55)",0.0220987605791696
"PATP (α*=0.55)",0.10138022774963
"PATP (α*=0.55)",0.0440514232266344
"PATP (α*=0.55)",0.0782985104420986
"PATP (α*=0.55)",0.0397905751872023
"PATP (α*=0.55)",0.0449289258238603
"PATP (α*=0.55)",0.0820196614651191
"PATP (α*=0.55)",0.0644821525391265
"PATP (α*=0.55)",0.0306394949488079
"PATP (α*=0.55)",0.0553154176278191
"PATP (α*=0.55)",0.0747798593676174
"PATP (α*=0.55)",0.049428350580685
"PATP (α*=0.55)",0.0533624804062156
"PATP (α*=0.55)",0.0673344332646686
"PATP (α*=0.55)",0.0741394461705394
"PATP (α*=0.55)",0.0545875902549493
"PATP (α*=0.55)",0.0804109817820515
"PATP (α*=0.55)",0.0379906417945949
"PATP (α*=0.55)",0.114570852361043
"PATP (α*=0.55)",0.0457631812431655
"PATP (α*=0.55)",0.0674932599638685
"PATP (α*=0.55)",0.0568167098736342
"PATP (α*=0.55)",0.0879742239905554
"PATP (α*=0.55)",0.0489226491593779
"PATP (α*=0.55)",0.0306507787832186
"PATP (α*=0.55)",0.0857315632793361
"PATP (α*=0.55)",0.0213839223480745
"PATP (α*=0.55)",0.0427597634336527
"PATP (α*=0.55)",0.0258852488998579
"PATP (α*=0.55)",0.0479989943249594
"PATP (α*=0.55)",0.0724124761745343
"PATP (α*=0.55)",0.0647861098745915
"PATP (α*=0.55)",0.0686244832770657
"PATP (α*=0.55)",0.0504446652969189
"PATP (α*=0.55)",0.0417874988445715
"PATP (α*=0.55)",0.0261504325559994
"PATP (α*=0.55)",0.0727368168141393
"PATP (α*=0.55)",0.0480598741860429
"PATP (α*=0.55)",0.0298968891550934
"PATP (α*=0.55)",0.062933434490777
"PATP (α*=0.55)",0.0487928496884418
"PATP (α*=0.55)",-0.0214634278767136
"PATP (α*=0.55)",0.0251436659431836
"PATP (α*=0.55)",0.0662656271682329
"PATP (α*=0.55)",0.0728398557456068
"PATP (α*=0.55)",0.0319476651003577
"PATP (α*=0.55)",0.0653014017624928
"PATP (α*=0.55)",0.0171917474142952
"PATP (α*=0.55)",0.0236769950121767
"PATP (α*=0.55)",-0.00618322167654473
"PATP (α*=0.55)",0.0512316342446198
"PATP (α*=0.55)",0.0407653549490056
"PATP (α*=0.55)",0.083662705653459
"PATP (α*=0.55)",-0.00678433087253371
"PATP (α*=0.55)",0.0577327719495855
"PATP (α*=0.55)",0.0210091928933759
"PATP (α*=0.55)",0.0939036450448825
"PATP (α*=0.55)",0.0557932189585753
"PATP (α*=0.55)",0.0840979638437173
"PATP (α*=0.55)",0.0441829955059524
"PATP (α*=0.55)",0.0710601879992753
"PATP (α*=0.55)",0.0281772674940856
"PATP (α*=0.55)",0.0609556094949569
"PATP (α*=0.55)",0.0277686636121621
"PATP (α*=0.55)",0.0316356911570368
"PATP (α*=0.55)",0.00865558757929496
"PATP (α*=0.55)",0.0136881664736263
"PATP (α*=0.55)",0.0281180621826924
"PATP (α*=0.55)",-0.0265660596501158
"PATP (α*=0.55)",0.0740092960170255
"PATP (α*=0.55)",0.0535037260698755
"PATP (α*=0.55)",0.095048425143534
"PATP (α*=0.55)",0.029756255492503
"PATP (α*=0.55)",0.0552973050875046
"PATP (α*=0.55)",0.0317519869537345
"PATP (α*=0.55)",0.0640928274415309
"PATP (α*=0.55)",0.1004863941819
"PATP (α*=0.55)",0.0334535606563808
"PATP (α*=0.55)",0.0539526718245227
"PATP (α*=0.55)",0.0479890513019817
"PATP (α*=0.55)",0.0834251883031947
"PATP (α*=0.55)",-0.00952784005795097
"PATP (α*=0.55)",0.0138774776529575
"PATP (α*=0.55)",0.0245025635317061
"PATP (α*=0.55)",0.0709241500420837
"PATP (α*=0.55)",0.0680442803153425
"PATP (α*=0.55)",0.0107142122540906
"PATP (α*=0.55)",0.0578324382441749
"PATP (α*=0.55)",0.0442210199699998
"PATP (α*=0.55)",0.0799864145780314
"PATP (α*=0.55)",0.0510382376597688
"PATP (α*=0.55)",0.00400799419456646
"PATP (α*=0.55)",0.0553998467542042
"PATP (α*=0.55)",0.0136104576048759
"PATP (α*=0.55)",-0.0247009026623452
"PATP (α*=0.55)",0.0580295444236259
"PATP (α*=0.55)",0.0485289882073214
"PATP (α*=0.55)",0.0623368931454617
"PATP (α*=0.55)",0.0361764906649017
"PATP (α*=0.55)",0.0346385885732569
"PATP (α*=0.55)",0.0158637640435713
"PATP (α*=0.55)",0.0212559878393508
"PATP (α*=0.55)",0.0142430204746036
"PATP (α*=0.55)",0.0368552743714685
"PATP (α*=0.55)",0.0321506582371073
"PATP (α*=0.55)",0.0159209232827658
"PATP (α*=0.55)",0.0253151093936235
"PATP (α*=0.55)",0.036927529172956
"PATP (α*=0.55)",0.0129680133170714
"PATP (α*=0.55)",0.0456340950674209
"PATP (α*=0.55)",0.0369240652476172
"PATP (α*=0.55)",0.0396210027068542
"PATP (α*=0.55)",0.0350472830990015
"PATP (α*=0.55)",0.0662634828615056
"PATP (α*=0.55)",0.0364185956088971
"PATP (α*=0.55)",0.0216753994310964
"PATP (α*=0.55)",0.0124541341089166
"PATP (α*=0.55)",0.0717055669913977
"PATP (α*=0.55)",0.057835187377525
"PATP (α*=0.55)",0.0465431709279824
"PATP (α*=0.55)",0.0384942390324358
"PATP (α*=0.55)",0.0174780448780804
"PATP (α*=0.55)",0.0300084754837638
"PATP (α*=0.55)",0.0701661374314092
"PATP (α*=0.55)",0.0229893274553959
"PATP (α*=0.55)",0.0470904185615022
"PATP (α*=0.55)",0.0706562040206736
"PATP (α*=0.55)",0.0433993776690611
"PATP (α*=0.55)",0.0420582929039796
"PATP (α*=0.55)",0.0105763629199763
"PATP (α*=0.55)",0.0385366364242928
"PATP (α*=0.55)",0.0182015917747333
"PATP (α*=0.55)",0.0814394515052309
"PATP (α*=0.55)",0.0338468704718705
"PATP (α*=0.55)",0.0657128352126039
"PATP (α*=0.55)",0.0379992476042831
"PATP (α*=0.55)",0.0257018100048257
"PATP (α*=0.55)",0.0605862919310976
"PATP (α*=0.55)",0.0128308138112291
"PATP (α*=0.55)",0.075445810340271
"PATP (α*=0.55)",0.0703654196278075
"PATP (α*=0.55)",0.0240303111068258
"PATP (α*=0.55)",0.0279479102825174
"PATP (α*=0.55)",0.0478716754102016
"PATP (α*=0.55)",0.0144823736221392
"PATP (α*=0.55)",0.0352609182808308
"PATP (α*=0.55)",-0.00360976191007642
"PATP (α*=0.55)",0.0289314371264313
"PATP (α*=0.55)",0.0712102358402721
"PATP (α*=0.55)",0.000760475016763104
"PATP (α*=0.55)",0.0288742884066776
"PATP (α*=0.55)",0.0650063326142871
"PATP (α*=0.55)",0.0450173717762465
"PATP (α*=0.55)",0.0651617862221057
"PATP (α*=0.55)",0.0931682770242398
"PATP (α*=0.55)",0.0849066823377301
"PATP (α*=0.55)",0.0321758401812728
"PATP (α*=0.55)",0.0672511214575217
"PATP (α*=0.55)",-0.00206250540934196
"PATP (α*=0.55)",-0.00203047514745733
"PATP (α*=0.55)",0.0285889794999253
"PATP (α*=0.55)",0.0111095854109984
"PATP (α*=0.55)",0.0387193370780741
"PATP (α*=0.55)",0.0347542902206021
"PATP (α*=0.55)",0.04665345138328
"PATP (α*=0.55)",0.0926667506902586
"PATP (α*=0.55)",0.0453848123695057
"PATP (α*=0.55)",0.0412066637418853
"PATP (α*=0.55)",-0.00651030247281231
"PATP (α*=0.55)",0.0609257752163642
"PATP (α*=0.55)",0.0292293076805542
"PATP (α*=0.55)",0.0216336838492679
"PATP (α*=0.55)",0.0657853798515527
"PATP (α*=0.55)",0.0705781196068545
"PATP (α*=0.55)",0.0651584085439926
"PATP (α*=0.55)",0.0394899153472937
"PATP (α*=0.55)",0.069696019904797
"PATP (α*=0.55)",0.04289682897857
"PATP (α*=0.55)",0.0467189619731123
"PATP (α*=0.55)",0.0590130393316499
"PATP (α*=0.55)",0.0165529633265279
"PATP (α*=0.55)",0.0451204439334944
"PATP (α*=0.55)",0.0706211415672416
"PATP (α*=0.55)",0.0356086131277977
"PATP (α*=0.55)",0.00326346305376213
"PATP (α*=0.55)",0.0411918089288391
"PATP (α*=0.55)",0.01443257076308
"PATP (α*=0.55)",0.0447749212844175
"PATP (α*=0.55)",0.0238443475924467
"PATP (α*=0.55)",0.0764115473843954
"PATP (α*=0.55)",0.0535322622917778
"PATP (α*=0.55)",0.0616030601395655
"PATP (α*=0.55)",0.0177156024149756
"PATP (α*=0.55)",0.0239253864667715
"PATP (α*=0.55)",0.0662221779630247
"PATP (α*=0.55)",0.0440539678318216
"PATP (α*=0.55)",0.036678415979045
"PATP (α*=0.55)",0.0895192791617695
"PATP (α*=0.55)",0.0835398306449484
"PATP (α*=0.55)",0.0519489634533288
"PATP (α*=0.55)",0.0457318550480423
"PATP (α*=0.55)",0.0708941259738901
"PATP (α*=0.55)",0.0143794387389973
"PATP (α*=0.55)",0.027846235618743
"PATP (α*=0.55)",0.044175090332261
"PATP (α*=0.55)",0.0231507915075867
"PATP (α*=0.55)",0.051824794728874
"PATP (α*=0.55)",0.0224998401373084
"PATP (α*=0.55)",0.0919774470264358
"PATP (α*=0.55)",0.0738487670885373
"PATP (α*=0.55)",0.0371083174060272
"PATP (α*=0.55)",0.0736566508294292
"PATP (α*=0.55)",0.0339131264134591
"PATP (α*=0.55)",0.0694828073945768
"PATP (α*=0.55)",0.0337404710211327
"PATP (α*=0.55)",0.0689129269164996
"PATP (α*=0.55)",0.0368143579663802
"PATP (α*=0.55)",0.0856482722157029
"PATP (α*=0.55)",0.0790904176750889
"PATP (α*=0.55)",0.0707833295495528
"PATP (α*=0.55)",0.0631923019668853
"PATP (α*=0.55)",0.0355083207111314
"PATP (α*=0.55)",0.0664834268524324
"PATP (α*=0.55)",0.0318416818937823
"PATP (α*=0.55)",0.0182251211692293
"PATP (α*=0.55)",0.0403535967089959
"PATP (α*=0.55)",0.0459809801098343
"PATP (α*=0.55)",0.0642403001083336
"PATP (α*=0.55)",0.00211927778405112
"PATP (α*=0.55)",0.0739134731585419
"PATP (α*=0.55)",0.053370086885955
"PATP (α*=0.55)",0.0406576618951626
"PATP (α*=0.55)",-0.00276731095829098
"PATP (α*=0.55)",0.0409325330205213
"PATP (α*=0.55)",0.059903405613015
"PATP (α*=0.55)",0.075760532387982
"PATP (α*=0.55)",0.0463499646405351
"PATP (α*=0.55)",0.0595318399536209
"PATP (α*=0.55)",0.0155727423721575
"PATP (α*=0.55)",0.011303098866542
"PATP (α*=0.55)",0.0608745640011669
"PATP (α*=0.55)",0.0436308007592155
"PATP (α*=0.55)",0.0825884996652889
"PATP (α*=0.55)",0.0813699815448563
"PATP (α*=0.55)",0.0766044086940572
"PATP (α*=0.55)",0.0626469189340134
"PATP (α*=0.55)",0.0723592701684698
"PATP (α*=0.55)",0.0899523999780256
"PATP (α*=0.55)",0.0752611045811834
"PATP (α*=0.55)",0.0399649404416405
"PATP (α*=0.55)",0.0437390574463247
"PATP (α*=0.55)",0.03257060059467
"PATP (α*=0.55)",0.0349828077061418
"PATP (α*=0.55)",0.0161086965304856
"PATP (α*=0.55)",0.0756448550626296
"PATP (α*=0.55)",0.0778577781296296
"PATP (α*=0.55)",0.0461938885076575
"PATP (α*=0.55)",0.0420994068999256
"PATP (α*=0.55)",0.0783619038216069
"PATP (α*=0.55)",0.0205780006353154
"PATP (α*=0.55)",0.0400324296264269
"PATP (α*=0.55)",0.0522364357178545
"PATP (α*=0.55)",0.0525953268694581
"PATP (α*=0.55)",0.00942803459476903
"PATP (α*=0.55)",0.0782023864135699
"PATP (α*=0.55)",0.0498840153115941
"PATP (α*=0.55)",0.0435810979455397
"PATP (α*=0.55)",0.0617449480948998
"PATP (α*=0.55)",0.031731677391102
"PATP (α*=0.55)",0.0340136095598827
"PATP (α*=0.55)",0.0405502974999601
"PATP (α*=0.55)",0.0260012028234894
"PATP (α*=0.55)",0.104808393128455
"PATP (α*=0.55)",0.0428318735052046
"PATP (α*=0.55)",0.0873609859216114
"PATP (α*=0.55)",0.0265295152652552
"PATP (α*=0.55)",0.0553249924060176
"PATP (α*=0.55)",0.0703764199042674
"PATP (α*=0.55)",0.0372976392698903
"PATP (α*=0.55)",0.075452321425522
"PATP (α*=0.55)",0.0589810470723996
"PATP (α*=0.55)",0.0369070323147698
"PATP (α*=0.55)",-0.000355016735083573
"PATP (α*=0.55)",0.016981469641122
"PATP (α*=0.55)",0.0471254610561277
"PATP (α*=0.55)",0.0928578781934571
"PATP (α*=0.55)",0.0277246801470666
"PATP (α*=0.55)",0.0277798981505674
"PATP (α*=0.55)",0.00798014533030649
"PATP (α*=0.55)",0.0667362421799494
"PATP (α*=0.55)",0.0793439883185686
"PATP (α*=0.55)",0.0246946996189515
"PATP (α*=0.55)",0.0525212910161405
"PATP (α*=0.55)",0.0872442450668958
"PATP (α*=0.55)",0.075171135471181
"PATP (α*=0.55)",0.056675674400119
"PATP (α*=0.55)",0.0563796849813405
"PATP (α*=0.55)",0.0298014400893119
"PATP (α*=0.55)",0.00600805240976992
"PATP (α*=0.55)",0.0322735168318475
"PATP (α*=0.55)",0.0183822353391223
"PATP (α*=0.55)",0.01607163236527
"PATP (α*=0.55)",0.0560113942946516
"PATP (α*=0.55)",0.0404355368481047
"PATP (α*=0.55)",0.0472020932152265
"PATP (α*=0.55)",0.0319402109234814
"PATP (α*=0.55)",0.0277648953536065
"PATP (α*=0.55)",0.0502422360107902
"PATP (α*=0.55)",0.0313267266337761
"PATP (α*=0.55)",0.0608204668828453
"PATP (α*=0.55)",0.0258105402605706
"PATP (α*=0.55)",0.0642405873054471
"PATP (α*=0.55)",0.0830326354489267
"PATP (α*=0.55)",0.0518282707619997
"PATP (α*=0.55)",0.0168216071443625
"PATP (α*=0.55)",0.0353628988676853
"PATP (α*=0.55)",0.0908303052809462
"PATP (α*=0.55)",0.0489586166821762
"PATP (α*=0.55)",-0.000780050918930305
"PATP (α*=0.55)",0.0385591581043216
"PATP (α*=0.55)",0.0396655052194712
"PATP (α*=0.55)",0.0967356920953231
"PATP (α*=0.55)",0.0758561224413798
"PATP (α*=0.55)",0.0872012652886585
"PATP (α*=0.55)",0.0614334769136445
"PATP (α*=0.55)",0.0623862025485617
"PATP (α*=0.55)",0.0202519647941277
"PATP (α*=0.55)",0.034734304462423
"PATP (α*=0.55)",0.0380632387536336
"PATP (α*=0.55)",0.0629155167296841
"PATP (α*=0.55)",0.0230181391111703
"PATP (α*=0.55)",0.0562514043304085
"PATP (α*=0.55)",0.045693040420474
"PATP (α*=0.55)",0.0943735406156714
"PATP (α*=0.55)",0.0869858490889799
"PATP (α*=0.55)",0.085062800315476
"PATP (α*=0.55)",0.045123925231181
"PATP (α*=0.55)",0.0341199292376911
"PATP (α*=0.55)",0.0491156151006265
"PATP (α*=0.55)",0.0163963341100597
"PATP (α*=0.55)",0.0372533011835961
"PATP (α*=0.55)",0.0264525829345074
"PATP (α*=0.55)",0.0326394005358924
"PATP (α*=0.55)",0.0390745190002852
"PATP (α*=0.55)",0.0552618339235258
"PATP (α*=0.55)",-0.00749850143244741
"PATP (α*=0.55)",0.0863374514334886
"PATP (α*=0.55)",0.0491553144826568
"PATP (α*=0.55)",0.0615361002316626
"PATP (α*=0.55)",0.0398418186256498
"PATP (α*=0.55)",0.0296308109912619
"PATP (α*=0.55)",0.0130546504046859
"PATP (α*=0.55)",0.0099305399140305
"PATP (α*=0.55)",0.0653758567736532
"PATP (α*=0.55)",0.068248358437264
"PATP (α*=0.55)",0.0551142805826217
"PATP (α*=0.55)",0.0256061384160121
"PATP (α*=0.55)",0.0686334316495875
"PATP (α*=0.55)",0.0135218988911505
"PATP (α*=0.55)",0.0501065050140031
"PATP (α*=0.55)",0.0160341193646411
"PATP (α*=0.55)",-0.00270829017034263
"PATP (α*=0.55)",0.0758037978135741
"PATP (α*=0.55)",0.059463932229896
"PATP (α*=0.55)",0.0454359507962335
"PATP (α*=0.55)",0.0451154292356985
"PATP (α*=0.55)",0.0410208596574949
"PATP (α*=0.55)",0.0644360098406922
"PATP (α*=0.55)",0.0561758538568912
"PATP (α*=0.55)",0.0387165048745725
"PATP (α*=0.55)",-0.00688639319127133
"PATP (α*=0.55)",0.0429751090652036
"PATP (α*=0.55)",0.0429503407351236
"PATP (α*=0.55)",0.0154353575690023
"PATP (α*=0.55)",0.0610221895328057
"PATP (α*=0.55)",0.073436052005534
"PATP (α*=0.55)",0.0576217704804579
"PATP (α*=0.55)",0.065298614806135
"PATP (α*=0.55)",0.0644952960192146
"PATP (α*=0.55)",0.0532446248985183
"PATP (α*=0.55)",0.0239877192029116
"PATP (α*=0.55)",0.0936624678171865
"PATP (α*=0.55)",0.0339797798785701
"PATP (α*=0.55)",0.0371165195556186
"PATP (α*=0.55)",0.088102567456527
"PATP (α*=0.55)",0.0195827482234541
"PATP (α*=0.55)",0.0550567972746619
"PATP (α*=0.55)",-0.0197795249265089
"PATP (α*=0.55)",0.020104287706562
"PATP (α*=0.55)",0.0398268899172572
"PATP (α*=0.55)",0.0161888941510816
"PATP (α*=0.55)",0.058173352813544
"PATP (α*=0.55)",0.0609357691892122
"PATP (α*=0.55)",0.0492971820373766
"PATP (α*=0.55)",0.0133396358312368
"PATP (α*=0.55)",0.0797284891475871
"PATP (α*=0.55)",0.0551670764374498
"PATP (α*=0.55)",0.0801847100504161
"PATP (α*=0.55)",0.0837307383625536
"PATP (α*=0.55)",0.035784047340481
"PATP (α*=0.55)",0.0373231614498544
"PATP (α*=0.55)",0.00959816233382035
"PATP (α*=0.55)",0.0160502136735543
"PATP (α*=0.55)",0.0929220369632339
"PATP (α*=0.55)",0.0492944397951545
"PATP (α*=0.55)",0.0719598088120359
"PATP (α*=0.55)",0.0516586230995251
"PATP (α*=0.55)",0.0317727216751055
"PATP (α*=0.55)",0.060941616086866
"PATP (α*=0.55)",0.0380496682838534
"PATP (α*=0.55)",0.0503480168511076
"PATP (α*=0.55)",0.0545946533113134
"PATP (α*=0.55)",0.0438883061095336
"PATP (α*=0.55)",0.061003834630396
"PATP (α*=0.55)",0.0487605094636262
"PATP (α*=0.55)",0.0222691577710692
"PATP (α*=0.55)",0.08594116662657
"PATP (α*=0.55)",0.0408433964722318
"PATP (α*=0.55)",0.0203340232214162
"PATP (α*=0.55)",0.0166356417955298
"PATP (α*=0.55)",0.0616174042066942
"PATP (α*=0.55)",0.035350204520934
"PATP (α*=0.55)",0.0573276785919974
"PATP (α*=0.55)",0.0118295558592025
"PATP (α*=0.55)",0.079943141920132
"PATP (α*=0.55)",0.061581358304411
"PATP (α*=0.55)",0.0559067306592121
"PATP (α*=0.55)",0.0435986650821838
"PATP (α*=0.55)",0.0492145635081189
"PATP (α*=0.55)",0.032126239302855
"PATP (α*=0.55)",0.0590788378404563
"PATP (α*=0.55)",0.0181662004788237
"PATP (α*=0.55)",0.0150109199089344
"PATP (α*=0.55)",0.0472816039321146
"PATP (α*=0.55)",0.0670099657362666
"PATP (α*=0.55)",0.0603748345294197
"PATP (α*=0.55)",0.0855709939697236
"PATP (α*=0.55)",-0.00117708633764074
"PATP (α*=0.55)",0.0887726263612179
"PATP (α*=0.55)",0.0346419627043325
"PATP (α*=0.55)",0.0438444039340612
"PATP (α*=0.55)",0.0301617438961866
"PATP (α*=0.55)",0.052307800094965
"PATP (α*=0.55)",0.0634916245217163
"PATP (α*=0.55)",0.0442109356952456
"PATP (α*=0.55)",0.0376386072792269
"PATP (α*=0.55)",0.0434831952994904
"PATP (α*=0.55)",0.0605502599135468
"PATP (α*=0.55)",0.0348771550166405
"PATP (α*=0.55)",0.100645238565607
"PATP (α*=0.55)",0.0507406932263893
"PATP (α*=0.55)",0.0432527329466945
"PATP (α*=0.55)",0.0535177489881987
"PATP (α*=0.55)",-0.0297516175669357
"PATP (α*=0.55)",0.0656982673076555
"PATP (α*=0.55)",0.0738815677916168
"PATP (α*=0.55)",0.0404682688673915
"PATP (α*=0.55)",0.047068505322099
"PATP (α*=0.55)",0.0366216207551098
"PATP (α*=0.55)",0.0656131891107046
"PATP (α*=0.55)",0.0805878936983638
"PATP (α*=0.55)",0.0345669785895691
"PATP (α*=0.55)",0.0626914501514348
"PATP (α*=0.55)",0.0401172043124678
"PATP (α*=0.55)",0.0197998221387006
"PATP (α*=0.55)",0.0400668629722055
"PATP (α*=0.55)",0.0633031522526908
"PATP (α*=0.55)",-0.00428863475055547
"PATP (α*=0.55)",0.0577652654287609
"PATP (α*=0.55)",0.0670343252976148
"PATP (α*=0.55)",0.0473822421441568
"PATP (α*=0.55)",0.0285150726950515
"PATP (α*=0.55)",0.0251212532155382
"PATP (α*=0.55)",0.0464942673158515
"PATP (α*=0.55)",0.0740827478884002
"PATP (α*=0.55)",0.048731375714705
"PATP (α*=0.55)",0.051294464971957
"PATP (α*=0.55)",0.0257795144731197
"PATP (α*=0.55)",0.0386822922700342
"PATP (α*=0.55)",0.0503681805244686
"PATP (α*=0.55)",0.048980182676511
"PATP (α*=0.55)",0.0613911438401913
"PATP (α*=0.55)",0.0371401061606595
"PATP (α*=0.55)",0.0523763801676454
"PATP (α*=0.55)",0.0326161279637541
"PATP (α*=0.55)",0.0645100961603094
"PATP (α*=0.55)",0.0209705979996319
"PATP (α*=0.55)",0.0235830577110562
"PATP (α*=0.55)",0.0668372093684579
"PATP (α*=0.55)",0.0515052680678768
"PATP (α*=0.55)",-0.000466708114180316
"PATP (α*=0.55)",0.0579575593260655
"PATP (α*=0.55)",0.0642851258375457
"PATP (α*=0.55)",-0.00767794862499869
"PATP (α*=0.55)",0.036549006034934
"PATP (α*=0.55)",0.0473260968480549
"PATP (α*=0.55)",0.0891887008245155
"PATP (α*=0.55)",0.0410570457993874
"PATP (α*=0.55)",0.0584566455931827
"PATP (α*=0.55)",0.0620066195128314
"PATP (α*=0.55)",0.060262938429297
"PATP (α*=0.55)",0.0168134878383373
"PATP (α*=0.55)",0.0148730293493317
"PATP (α*=0.55)",0.0414098549660105
"PATP (α*=0.55)",0.0579214257998089
"PATP (α*=0.55)",0.0468733022172881
"PATP (α*=0.55)",0.0256192797864516
"PATP (α*=0.55)",0.0138996131743222
"PATP (α*=0.55)",0.0509389584990028
"PATP (α*=0.55)",0.0456087430357435
"PATP (α*=0.55)",0.0663295796225031
"PATP (α*=0.55)",0.0664103202339664
"PATP (α*=0.55)",0.0407583706785532
"PATP (α*=0.55)",-0.00431806669247203
"PATP (α*=0.55)",0.0725876689452752
"PATP (α*=0.55)",0.0178304351903652
"PATP (α*=0.55)",0.0691850300595247
"PATP (α*=0.55)",0.0673212530144267
"PATP (α*=0.55)",0.0631943216852126
"PATP (α*=0.55)",0.0158034930738929
"PATP (α*=0.55)",0.0332935765949673
"PATP (α*=0.55)",0.046245151954347
"PATP (α*=0.55)",0.103658117827853
"PATP (α*=0.55)",0.0292369499867187
"PATP (α*=0.55)",0.0938190101029346
"PATP (α*=0.55)",0.059070475288595
"PATP (α*=0.55)",0.102800254670453
"PATP (α*=0.55)",0.0431187096671851
"PATP (α*=0.55)",0.0570568536041849
"PATP (α*=0.55)",0.0238795956732253
"PATP (α*=0.55)",0.0603952597566131
"PATP (α*=0.55)",0.0597410811863721
"PATP (α*=0.55)",0.0529638373199806
"PATP (α*=0.55)",0.0314476051729923
"PATP (α*=0.55)",0.0195005224958448
"PATP (α*=0.55)",0.0175576992286779
"PATP (α*=0.55)",0.053152013034902
"PATP (α*=0.55)",0.087701681327414
"PATP (α*=0.55)",0.0794364745291333
"PATP (α*=0.55)",0.0358925890668094
"PATP (α*=0.55)",0.0618994487193053
"PATP (α*=0.55)",0.0486043261428765
"PATP (α*=0.55)",0.0489930463470412
"PATP (α*=0.55)",0.0346119670217867
"PATP (α*=0.55)",0.0557560155443596
"PATP (α*=0.55)",0.0509035456571982
"PATP (α*=0.55)",0.0632328662693688
"PATP (α*=0.55)",-0.0129596014193854
"PATP (α*=0.55)",0.0486763540608205
"PATP (α*=0.55)",0.0100457840891486
"PATP (α*=0.55)",0.0811118352415453
"PATP (α*=0.55)",0.0720731536429129
"PATP (α*=0.55)",0.0788146070955878
"PATP (α*=0.55)",0.0305022379880218
"PATP (α*=0.55)",0.0503262086920032
"PATP (α*=0.55)",0.0510810513245587
"PATP (α*=0.55)",-0.000606194377985218
"PATP (α*=0.55)",0.0343341822624288
"PATP (α*=0.55)",0.0757280470106804
"PATP (α*=0.55)",0.0492397041577506
"PATP (α*=0.55)",0.0901167854702012
"PATP (α*=0.55)",0.0950604876031581
"PATP (α*=0.55)",0.0270612892420946
"PATP (α*=0.55)",-0.0218591144349716
"PATP (α*=0.55)",0.0533102228644754
"PATP (α*=0.55)",0.0356567891921073
"PATP (α*=0.55)",0.0446924326640865
"PATP (α*=0.55)",0.0263213836281979
"PATP (α*=0.55)",0.0649728046820055
"PATP (α*=0.55)",0.0758250643677019
"PATP (α*=0.55)",0.0288012879743984
"PATP (α*=0.55)",0.0598112119023707
"PATP (α*=0.55)",0.0300546472039107
"PATP (α*=0.55)",0.0400393145499065
"PATP (α*=0.55)",0.0735162688460365
"PATP (α*=0.55)",0.0801484873171957
"PATP (α*=0.55)",0.0431672497728894
"PATP (α*=0.55)",0.0658450109297851
"PATP (α*=0.55)",0.0573528545019037
"PATP (α*=0.55)",0.046628133546127
"PATP (α*=0.55)",0.0133821042856412
"PATP (α*=0.55)",0.0349421410256327
"PATP (α*=0.55)",0.0421241641485096
"PATP (α*=0.55)",0.0710971047364695
"PATP (α*=0.55)",0.0415061077573605
"PATP (α*=0.55)",0.018101047078702
"PATP (α*=0.55)",0.0461387921824111
"PATP (α*=0.55)",0.0176298310587274
"PATP (α*=0.55)",0.0389966818285172
"PATP (α*=0.55)",0.081659320553389
"PATP (α*=0.55)",0.0637976069288654
"PATP (α*=0.55)",0.0803743528851844
"PATP (α*=0.55)",-0.0166194578817387
"PATP (α*=0.55)",0.0863512924010979
"PATP (α*=0.55)",0.0216402593731935
"PATP (α*=0.55)",0.0625941911176789
"PATP (α*=0.55)",0.0520951935566403
"PATP (α*=0.55)",0.0620316869930341
"PATP (α*=0.55)",0.0112873679856286
"PATP (α*=0.55)",0.0867023085708399
"PATP (α*=0.55)",0.0514860396829199
"PATP (α*=0.55)",0.0707462437966387
"PATP (α*=0.55)",0.0446692483628285
"PATP (α*=0.55)",0.047844209452039
"PATP (α*=0.55)",0.0111482932333717
"PATP (α*=0.55)",0.00545584615197148
"PATP (α*=0.55)",0.0130187559466138
"PATP (α*=0.55)",0.075958365316584
"PATP (α*=0.55)",0.0971583750298886
"PATP (α*=0.55)",0.0522944736346222
"PATP (α*=0.55)",0.077316717019643
"PATP (α*=0.55)",0.014492606669219
"PATP (α*=0.55)",0.109870785716168
"PATP (α*=0.55)",0.034109837665007
"PATP (α*=0.55)",0.0158794588459636
"PATP (α*=0.55)",0.0689217592642055
"PATP (α*=0.55)",0.0785262736820472
"PATP (α*=0.55)",0.0641147381526431
"PATP (α*=0.55)",0.0491809008490221
"PATP (α*=0.55)",0.0692877106764929
"PATP (α*=0.55)",0.0381888632022524
"PATP (α*=0.55)",0.030994313962119
"PATP (α*=0.55)",0.0234166661600703
"PATP (α*=0.55)",0.0202269854205578
"PATP (α*=0.55)",0.0153484920608167
"PATP (α*=0.55)",0.0603248222535301
"PATP (α*=0.55)",0.0700366261608362
"PATP (α*=0.55)",0.0481101540392946
"PATP (α*=0.55)",0.0210249341193289
"PATP (α*=0.55)",0.062868918518071
"PATP (α*=0.55)",-0.0136979511055271
"PATP (α*=0.55)",0.0345647555949879
"PATP (α*=0.55)",0.058733018910782
"PATP (α*=0.55)",0.0487165792023253
"PATP (α*=0.55)",0.077914604179802
"PATP (α*=0.55)",0.0353815423651316
"PATP (α*=0.55)",0.0694993576640804
"PATP (α*=0.55)",0.0773468778875427
"PATP (α*=0.55)",0.0735652056612681
"PATP (α*=0.55)",0.0691418144298921
"PATP (α*=0.55)",0.0414488192037299
"PATP (α*=0.55)",0.0544395057034108
"PATP (α*=0.55)",0.0572455492411881
"PATP (α*=0.55)",0.0646725822549026
"PATP (α*=0.55)",0.0427493132820822
"PATP (α*=0.55)",0.0229788319866063
"PATP (α*=0.55)",0.0752584097795073
"PATP (α*=0.55)",0.0901256054045662
"PATP (α*=0.55)",0.0577887743361436
"PATP (α*=0.55)",0.0534765677283472
"PATP (α*=0.55)",0.0646414901094187
"PATP (α*=0.55)",0.0424333115980278
"PATP (α*=0.55)",0.0629854605622736
"PATP (α*=0.55)",0.0535837971786145
"PATP (α*=0.55)",0.0550324781476585
"PATP (α*=0.55)",0.0766374155298679
"PATP (α*=0.55)",0.0493848875926153
"PATP (α*=0.55)",0.04659669997974
"PATP (α*=0.55)",0.0224318786532684
"PATP (α*=0.55)",0.0665049040547931
"PATP (α*=0.55)",0.0307866721358878
"PATP (α*=0.55)",0.0268454772164333
"PATP (α*=0.55)",0.0770352832031881
"PATP (α*=0.55)",0.0421358822313578
"PATP (α*=0.55)",0.0257945696103427
"PATP (α*=0.55)",0.0282928501298207
"PATP (α*=0.55)",0.0787918084337755
"PATP (α*=0.55)",0.028847204614142
"PATP (α*=0.55)",0.00906002450197714
"PATP (α*=0.55)",0.0615377121693509
"PATP (α*=0.55)",0.0231321153349167
"PATP (α*=0.55)",0.0485125046177461
"PATP (α*=0.55)",0.0559034817575058
"PATP (α*=0.55)",0.0783168096620166
"PATP (α*=0.55)",0.0333383114020304
"PATP (α*=0.55)",0.0577277821408507
"PATP (α*=0.55)",0.0291239131793611
"PATP (α*=0.55)",0.0411953695971205
"PATP (α*=0.55)",0.0547951323181574
"PATP (α*=0.55)",0.0742384693277249
"PATP (α*=0.55)",0.0402156205309766
"PATP (α*=0.55)",0.0637580875419141
"PATP (α*=0.55)",-0.0207550497989641
"PATP (α*=0.55)",0.0484890498636285
"PATP (α*=0.55)",0.0523216383529855
"PATP (α*=0.55)",0.0253404865814645
"PATP (α*=0.55)",0.0869978795082793
"PATP (α*=0.55)",0.034405431771731
"PATP (α*=0.55)",0.0726506515427312
"PATP (α*=0.55)",0.0937645149764607
"PATP (α*=0.55)",0.0159450383055896
"PATP (α*=0.55)",0.0546770001393851
"PATP (α*=0.55)",0.0524602473344657
"PATP (α*=0.55)",0.0195112257357191
"PATP (α*=0.55)",0.0794544489686925
"PATP (α*=0.55)",0.0373637216672234
"PATP (α*=0.55)",0.047970452485053
"PATP (α*=0.55)",0.0341933283983934
"PATP (α*=0.55)",0.0252702885987123
"PATP (α*=0.55)",0.0178694410397482
"PATP (α*=0.55)",0.0282345126033572
"PATP (α*=0.55)",0.0417465860473491
"PATP (α*=0.55)",0.0752707292837278
"PATP (α*=0.55)",0.000210469677184519
"PATP (α*=0.55)",0.0187315910135686
"PATP (α*=0.55)",0.0587438235615713
"PATP (α*=0.55)",0.0251335912209568
"PATP (α*=0.55)",0.0709842933224285
"PATP (α*=0.55)",0.059924885354273
"PATP (α*=0.55)",0.0209405455339678
"PATP (α*=0.55)",0.0626808251064469
"PATP (α*=0.55)",0.0476743469030187
"PATP (α*=0.55)",0.0208550351225654
"PATP (α*=0.55)",0.029105870232524
"PATP (α*=0.55)",0.0576659021216471
"PATP (α*=0.55)",0.0777722901456615
"PATP (α*=0.55)",0.064800612313345
"PATP (α*=0.55)",0.057588550741946
"PATP (α*=0.55)",0.0348386507399508
"PATP (α*=0.55)",0.0936484305784351
"PATP (α*=0.55)",0.0467721412269592
"PATP (α*=0.55)",0.0913469886607544
"PATP (α*=0.55)",0.00738957239031764
"PATP (α*=0.55)",0.100504206762639
"PATP (α*=0.55)",0.0274842404193564
"PATP (α*=0.55)",0.0943967651086741
"PATP (α*=0.55)",0.0521275969449168
"PATP (α*=0.55)",0.0544347539072618
"PATP (α*=0.55)",0.0554142340930667
"PATP (α*=0.55)",0.06824697930991
"PATP (α*=0.55)",0.0461495454129545
"PATP (α*=0.55)",0.0759987567619476
"PATP (α*=0.55)",0.035928965344418
"PATP (α*=0.55)",0.0239338298381467
"PATP (α*=0.55)",0.0576361049365193
"PATP (α*=0.55)",0.0573323163743109
"PATP (α*=0.55)",0.0181679697567208
"PATP (α*=0.55)",0.0383202839605023
"PATP (α*=0.55)",0.0757349662734438
"PATP (α*=0.55)",0.0270513839462948
"PATP (α*=0.55)",0.0740044432176581
"PATP (α*=0.55)",0.0573289020221625
"PATP (α*=0.55)",0.0172095804615756
"PATP (α*=0.55)",0.0546131049621294
"PATP (α*=0.55)",0.0281778029794593
"PATP (α*=0.55)",0.0659028112130651
"PATP (α*=0.55)",0.017131786200003
"PATP (α*=0.55)",0.0582697203813778
"PATP (α*=0.55)",0.0234198741651851
"PATP (α*=0.55)",0.0569273211506147
"PATP (α*=0.55)",0.0450972087774015
"PATP (α*=0.55)",0.0663169108335094
"PATP (α*=0.55)",0.0494402227155387
"PATP (α*=0.55)",0.0728881543603859
"PATP (α*=0.55)",0.0109013315561581
"PATP (α*=0.55)",0.0789378094224907
"PATP (α*=0.55)",0.0593204025916716
"PATP (α*=0.55)",0.0487439608098109
"PATP (α*=0.55)",0.0395731617857565
"PATP (α*=0.55)",0.0114993073793123
"PATP (α*=0.55)",0.0418351342308869
"PATP (α*=0.55)",0.0444119793573359
"PATP (α*=0.55)",0.0773936134427355
"PATP (α*=0.55)",0.0656384217414674
"PATP (α*=0.55)",0.0288095704244585
"PATP (α*=0.55)",0.0761808462046031
"PATP (α*=0.55)",0.0582616884859891
"PATP (α*=0.55)",0.0530301651356686
"PATP (α*=0.55)",0.0556013827717183
"PATP (α*=0.55)",0.0189718166201584
"PATP (α*=0.55)",0.0496096949437466
"PATP (α*=0.55)",0.0371222720523052
"PATP (α*=0.55)",0.0510696965770796
"PATP (α*=0.55)",0.00649571668796174
"PATP (α*=0.55)",0.0670109732941416
"PATP (α*=0.55)",0.0961290428206131
"PATP (α*=0.55)",0.0346239582932412
"PATP (α*=0.55)",0.0272704641083353
"PATP (α*=0.55)",0.0930287615076068
"PATP (α*=0.55)",0.0331839686928786
"PATP (α*=0.55)",0.0284012033881462
"PATP (α*=0.55)",0.0316449077302337
"PATP (α*=0.55)",0.0584366639230297
"PATP (α*=0.55)",0.0610887838475858
"PATP (α*=0.55)",0.0276503875286138
"PATP (α*=0.55)",0.030409277204421
"PATP (α*=0.55)",0.055167415390452
"PATP (α*=0.55)",0.0241655195109404
"PATP (α*=0.55)",0.090038564357967
"PATP (α*=0.55)",0.0264444058154397
"PATP (α*=0.55)",0.0610147986229895
"PATP (α*=0.55)",0.0644382895838276
"PATP (α*=0.55)",0.0887179180386512
"PATP (α*=0.55)",0.0614524868238959
"PATP (α*=0.55)",-0.0118166128398217
"PATP (α*=0.55)",0.0707014496341117
"PATP (α*=0.55)",0.0664513998001977
"PATP (α*=0.55)",0.0666935922765107
"PATP (α*=0.55)",0.0533268449952313
"PATP (α*=0.55)",0.0115997234421998
"PATP (α*=0.55)",0.0700499537310644
"PATP (α*=0.55)",0.0278135399458435
"PATP (α*=0.55)",0.0603934748422719
"PATP (α*=0.55)",0.0571706698057516
"PATP (α*=0.55)",0.0637169024268406
"PATP (α*=0.55)",0.0591938684832337
"PATP (α*=0.55)",0.03505500225769
"PATP (α*=0.55)",0.076083582762435
"PATP (α*=0.55)",0.0531417395009217
"PATP (α*=0.55)",0.0478657908188248
"PATP (α*=0.55)",0.0678453953285556
"PATP (α*=0.55)",0.0572460257111721
"PATP (α*=0.55)",0.086671482689827
"PATP (α*=0.55)",0.0507542649437753
"PATP (α*=0.55)",0.0765854532158024
"PATP (α*=0.55)",0.0361329131547131
"PATP (α*=0.55)",0.0891447461589731
"PATP (α*=0.55)",0.0404811025649281
"PATP (α*=0.55)",0.0639383098408144
"PATP (α*=0.55)",0.0332767451305189
"PATP (α*=0.55)",0.0192046164305344
"PATP (α*=0.55)",0.0406331595455437
"PATP (α*=0.55)",0.0515325007505064
"PATP (α*=0.55)",0.0610673420688029
"PATP (α*=0.55)",0.0182086640416661
"PATP (α*=0.55)",0.0349820168526998
"PATP (α*=0.55)",0.0477566404239045
"PATP (α*=0.55)",0.0376061977642664
"PATP (α*=0.55)",0.0908049308444895
"PATP (α*=0.55)",0.0402932623967059
"PATP (α*=0.55)",0.064101752542437
"PATP (α*=0.55)",0.0467047034377041
"PATP (α*=0.55)",0.0511775783228071
"PATP (α*=0.55)",0.0288864720043824
"PATP (α*=0.55)",0.0712699893203266
"PATP (α*=0.55)",0.0599340156320622
"PATP (α*=0.55)",0.0547033383288319
"PATP (α*=0.55)",0.0510579606951573
"PATP (α*=0.55)",0.0633319285116818
"PATP (α*=0.55)",0.0141811867745991
"PATP (α*=0.55)",0.0455488228722232
"PATP (α*=0.55)",0.0955421948446833
"PATP (α*=0.55)",0.0510980780382455
"PATP (α*=0.55)",0.051351950917137
"PATP (α*=0.55)",0.0340285897606207
"PATP (α*=0.55)",0.0479034344160246
"PATP (α*=0.55)",0.0177063728541683
"PATP (α*=0.55)",-0.0120851702519574
"PATP (α*=0.55)",0.0554263374285099
"PATP (α*=0.55)",0.0709298388376372
"PATP (α*=0.55)",0.0398631617123178
"PATP (α*=0.55)",0.0322740338032322
"PATP (α*=0.55)",0.0085416481285865
"PATP (α*=0.55)",0.00613820705663329
"PATP (α*=0.55)",0.0372068493385117
"PATP (α*=0.55)",0.0508234275403675
"PATP (α*=0.55)",-0.00940424124940811
"PATP (α*=0.55)",0.018349534122841
"PATP (α*=0.55)",0.0642937401128581
"PATP (α*=0.55)",0.114554736348456
"PATP (α*=0.55)",0.0608282800994776
"PATP (α*=0.55)",0.0487576640680244
"PATP (α*=0.55)",0.0484940397557862
"PATP (α*=0.55)",0.0465739538440388
"PATP (α*=0.55)",0.021893216885093
"PATP (α*=0.55)",0.0218438624618854
"PATP (α*=0.55)",0.0270692726146418
"PATP (α*=0.55)",0.0296614107314057
"PATP (α*=0.55)",0.0946674239829845
"PATP (α*=0.55)",-0.00135660258032285
"PATP (α*=0.55)",0.0641390677777259
"PATP (α*=0.55)",0.0492209769793545
"PATP (α*=0.55)",0.0563028383974546
"PATP (α*=0.55)",0.0252114898009759
"PATP (α*=0.55)",0.0797438421868019
"PATP (α*=0.55)",0.0396095479231785
"PATP (α*=0.55)",0.083226281054866
"PATP (α*=0.55)",-0.00127459378129215
"PATP (α*=0.55)",0.0455518588069551
"PATP (α*=0.55)",0.0416308400026623
"PATP (α*=0.55)",0.0671466170934094
"PATP (α*=0.55)",0.0438843800923264
"PATP (α*=0.55)",0.0253632789938131
"PATP (α*=0.55)",0.0187846246996804
"PATP (α*=0.55)",0.0292629752196773
"PATP (α*=0.55)",0.0498622186285777
"PATP (α*=0.55)",0.058095741422846
"PATP (α*=0.55)",0.0138946178636529
"PATP (α*=0.55)",0.0274017549933944
"PATP (α*=0.55)",0.0499507574161341
"PATP (α*=0.55)",0.0168979250685918
"PATP (α*=0.55)",0.0482319897608701
"PATP (α*=0.55)",0.016500020402613
"PATP (α*=0.55)",0.0427326399365875
"PATP (α*=0.55)",0.0722659056809416
"PATP (α*=0.55)",0.0567339283884227
"PATP (α*=0.55)",0.0810491475737184
"PATP (α*=0.55)",0.0331430075703083
"PATP (α*=0.55)",0.0788850281040054
"PATP (α*=0.55)",0.0313984401454702
"PATP (α*=0.55)",-0.0110567751546017
"PATP (α*=0.55)",0.0972510694393269
"PATP (α*=0.55)",0.0321649733377842
"PATP (α*=0.55)",-0.000536006440805681
"PATP (α*=0.55)",0.0619407370966774
"PATP (α*=0.55)",0.0257314127653965
"PATP (α*=0.55)",0.0623188841066456
"PATP (α*=0.55)",0.0462655710848397
"PATP (α*=0.55)",0.0858722066018595
"PATP (α*=0.55)",0.0342806938580472
"PATP (α*=0.55)",0.0485331110196783
"PATP (α*=0.55)",0.0696831739082497
"PATP (α*=0.55)",0.0204720283366193
"PATP (α*=0.55)",0.0503912521622905
"PATP (α*=0.55)",0.0834648189532868
"PATP (α*=0.55)",0.0525693897615167
"PATP (α*=0.55)",0.042087620070472
"PATP (α*=0.55)",0.0278193767075466
"PATP (α*=0.55)",0.0723375263446519
"PATP (α*=0.55)",0.0821018627507729
"PATP (α*=0.55)",0.00998891893799423
"PATP (α*=0.55)",0.0258865809285794
"PATP (α*=0.55)",0.0394712371435237
"PATP (α*=0.55)",0.0875550647911652
"PATP (α*=0.55)",0.0419332352595848
"PATP (α*=0.55)",0.0372161441843438
"PATP (α*=0.55)",0.045901572459128
"PATP (α*=0.55)",0.0108158145302129
"PATP (α*=0.55)",0.0592504505913847
"PATP (α*=0.55)",0.0149928985141043
"PATP (α*=0.55)",0.0764414244781775
"PATP (α*=0.55)",0.0352764770397638
"PATP (α*=0.55)",0.0125043823748041
"PATP (α*=0.55)",0.0343833765729829
"PATP (α*=0.55)",0.0621190465798271
"PATP (α*=0.55)",0.00354112096674162
"PATP (α*=0.55)",0.0250075340936852
"PATP (α*=0.55)",0.0229768823245852
"PATP (α*=0.55)",0.0896272924411503
"PATP (α*=0.55)",0.0392672461499145
"PATP (α*=0.55)",0.0269172286373286
"PATP (α*=0.55)",0.0183223826696634
"PATP (α*=0.55)",0.0307147355807972
"PATP (α*=0.55)",0.035558540461213
"PATP (α*=0.55)",0.0467903951221008
"PATP (α*=0.55)",0.02359759098966
"PATP (α*=0.55)",0.0383847258152004
"PATP (α*=0.55)",0.0257383780011884
"PATP (α*=0.55)",0.0143157445790348
"PATP (α*=0.55)",0.0677715993057284
"PATP (α*=0.55)",0.0445407402901129
"PATP (α*=0.55)",0.0562165467319397
"PATP (α*=0.55)",0.0405528570393763
"PATP (α*=0.55)",0.066388971912418
"PATP (α*=0.55)",0.0417517380607611
"PATP (α*=0.55)",0.0392723941339535
"PATP (α*=0.55)",0.0480304863173916
"PATP (α*=0.55)",0.0124600146302146
"PATP (α*=0.55)",0.107779793327952
"PATP (α*=0.55)",0.0479058705112036
"PATP (α*=0.55)",0.037556950253518
"PATP (α*=0.55)",0.0710153462947076
"PATP (α*=0.55)",0.053904284821505
"PATP (α*=0.55)",0.0534818347599238
"PATP (α*=0.55)",0.0665851359047563
"PATP (α*=0.55)",0.0820907406037226
"PATP (α*=0.55)",0.0760253419050006
"PATP (α*=0.55)",0.040005814353131
"PATP (α*=0.55)",0.0444635574214161
"PATP (α*=0.55)",0.0634244502402453
"PATP (α*=0.55)",0.0416777887634668
"PATP (α*=0.55)",0.05839401821283
"PATP (α*=0.55)",0.0633650717589358
"PATP (α*=0.55)",0.0591884484202847
"PATP (α*=0.55)",0.0524127903964743
"PATP (α*=0.55)",0.0446249876003253
"PATP (α*=0.55)",0.0597762808222347
"PATP (α*=0.55)",0.0523721826492145
"PATP (α*=0.55)",-0.00160202107841832
"PATP (α*=0.55)",0.0628655228359241
"PATP (α*=0.55)",0.0174549842726735
"PATP (α*=0.55)",0.0480393947162766
"PATP (α*=0.55)",0.047938008013322
"PATP (α*=0.55)",0.036788319010146
"PATP (α*=0.55)",0.0508735957378957
"PATP (α*=0.55)",0.0579089561330785
"PATP (α*=0.55)",0.0461616718579708
"PATP (α*=0.55)",0.036824050306138
"PATP (α*=0.55)",0.0894230748711073
"PATP (α*=0.55)",0.0476744814974478
"PATP (α*=0.55)",0.0535843998085364
"PATP (α*=0.55)",0.0621143208913441
"PATP (α*=0.55)",0.0340635383621641
"PATP (α*=0.55)",0.0529874675601663
"PATP (α*=0.55)",0.0346592343140759
"PATP (α*=0.55)",0.0458177460249878
"PATP (α*=0.55)",0.0535069575584611
"PATP (α*=0.55)",0.055285579920491
"PATP (α*=0.55)",0.0586598621781442
"PATP (α*=0.55)",0.0634662192986928
"PATP (α*=0.55)",0.0289244368825712
"PATP (α*=0.55)",0.0162471824018569
"PATP (α*=0.55)",0.079569939690287
"PATP (α*=0.55)",0.0444969465777434
"PATP (α*=0.55)",0.049746679287597
"PATP (α*=0.55)",0.0751591691282639
"PATP (α*=0.55)",0.07819869273446
"PATP (α*=0.55)",0.0858333038392903
"PATP (α*=0.55)",0.027015717795609
"PATP (α*=0.55)",0.0374708805962561
"PATP (α*=0.55)",0.0668331087291967
"PATP (α*=0.55)",0.00328642731249081
"PATP (α*=0.55)",0.0562519325941562
"PATP (α*=0.55)",0.0255971935036703
"PATP (α*=0.55)",0.0220875551582361
"PATP (α*=0.55)",-0.0135180986249226
"PATP (α*=0.55)",0.0300454887511147
"PATP (α*=0.55)",0.0141112100263298
"PATP (α*=0.55)",0.0624784384573973
"PATP (α*=0.55)",0.0610378106594663
"PATP (α*=0.55)",0.0358087304035248
"PATP (α*=0.55)",0.0485768020993557
"PATP (α*=0.55)",0.0334370577114
"PATP (α*=0.55)",0.0314078743607034
"PATP (α*=0.55)",0.0746568499126718
"PATP (α*=0.55)",0.00343809509715456
"PATP (α*=0.55)",0.01944860668794
"PATP (α*=0.55)",0.0544261107490662
"PATP (α*=0.55)",0.0514010801454354
"PATP (α*=0.55)",0.0523281464301022
"PATP (α*=0.55)",0.0215056046448366
"PATP (α*=0.55)",2.22470918215278e-05
"PATP (α*=0.55)",0.0226121689931356
"PATP (α*=0.55)",0.0631349073308535
"PATP (α*=0.55)",0.054252755239771
"PATP (α*=0.55)",0.0296701934948041
"PATP (α*=0.55)",0.0516901863102538
"PATP (α*=0.55)",0.00868904266852163
"PATP (α*=0.55)",0.0543685111427062
"PATP (α*=0.55)",0.0519168044812666
"PATP (α*=0.55)",0.0233856273355894
"PATP (α*=0.55)",0.0512897917310127
"PATP (α*=0.55)",0.0821628888162335
"PATP (α*=0.55)",0.0680503360462209
"PATP (α*=0.55)",0.0429902114921129
"PATP (α*=0.55)",0.0701515087818015
"PATP (α*=0.55)",0.060495443234546
"PATP (α*=0.55)",0.05702350912646
"PATP (α*=0.55)",0.0191276287698047
"PATP (α*=0.55)",0.0364533548157768
"PATP (α*=0.55)",0.0528615464223558
"PATP (α*=0.55)",0.064847846958513
"PATP (α*=0.55)",0.0398844626077547
"PATP (α*=0.55)",0.0813366354160572
"PATP (α*=0.55)",0.0429151268848721
"PATP (α*=0.55)",0.0528031268567965
"PATP (α*=0.55)",0.0440037526764018
"PATP (α*=0.55)",0.093828277074732
"PATP (α*=0.55)",0.0929342186956226
"PATP (α*=0.55)",0.0211240137756341
"PATP (α*=0.55)",0.0905754218025974
"PATP (α*=0.55)",0.0884925586474384
"PATP (α*=0.55)",0.0260264566333436
"PATP (α*=0.55)",0.00254633061760136
"PATP (α*=0.55)",0.0385178996214384
"PATP (α*=0.55)",0.0513537063423587
"PATP (α*=0.55)",0.0347967318818365
"PATP (α*=0.55)",0.0362447648984774
"PATP (α*=0.55)",0.053836715061627
"PATP (α*=0.55)",0.0810378072142636
"PATP (α*=0.55)",0.0537467543276153
"PATP (α*=0.55)",0.0768074692349787
"PATP (α*=0.55)",0.0353911265826692
"PATP (α*=0.55)",0.0242917667209693
"PATP (α*=0.55)",0.0658828280893986
"PATP (α*=0.55)",0.0130343807267425
"PATP (α*=0.55)",0.0361164672247597
"PATP (α*=0.55)",0.0529310616044108
"PATP (α*=0.55)",0.00300660694507971
"PATP (α*=0.55)",0.0786892629222504
"PATP (α*=0.55)",0.0449449638366705
"PATP (α*=0.55)",0.057869166006676
"PATP (α*=0.55)",0.0619182634522784
"PATP (α*=0.55)",0.0589325075227756
"PATP (α*=0.55)",0.0175179104939609
"PATP (α*=0.55)",0.027014974899746
"PATP (α*=0.55)",0.0744984453285893
"PATP (α*=0.55)",0.0391515245256502
"PATP (α*=0.55)",0.068477616373017
"PATP (α*=0.55)",0.0389173881243354
"PATP (α*=0.55)",0.0308991897247219
"PATP (α*=0.55)",0.0585979797637941
"PATP (α*=0.55)",0.0433958050437912
"PATP (α*=0.55)",0.0666843836539233
"PATP (α*=0.55)",0.0464608435376026
"PATP (α*=0.55)",0.0310147819839331
"PATP (α*=0.55)",0.0468746360158194
"PATP (α*=0.55)",0.0757397017617078
"PATP (α*=0.55)",-0.00950845867350249
"PATP (α*=0.55)",0.0612456436394287
"PATP (α*=0.55)",0.0672530310220037
"PATP (α*=0.55)",0.0426104129908236
"PATP (α*=0.55)",0.0530104190351629
"PATP (α*=0.55)",0.0560170134113457
"PATP (α*=0.55)",0.0478272714495705
"PATP (α*=0.55)",0.0798096085440677
"PATP (α*=0.55)",0.0463808131020593
"PATP (α*=0.55)",0.0564815244819356
"PATP (α*=0.55)",0.08858210499197
"PATP (α*=0.55)",0.0513330468201372
"PATP (α*=0.55)",0.0479591527004849
"PATP (α*=0.55)",0.0407648609718175
"PATP (α*=0.55)",0.0441187956693452
"PATP (α*=0.55)",0.0469119906810753
"PATP (α*=0.55)",0.0784156746238307
"PATP (α*=0.55)",0.0636028342786252
"PATP (α*=0.55)",0.0342221086058521
"PATP (α*=0.55)",0.0603138735863402
"PATP (α*=0.55)",0.0361201182610875
"PATP (α*=0.55)",0.0305626122274782
"PATP (α*=0.55)",0.0717428470215139
"PATP (α*=0.55)",0.0387440212236853
"PATP (α*=0.55)",0.0452578085663937
"PATP (α*=0.55)",0.0239665920491309
"PATP (α*=0.55)",0.066425054612518
"PATP (α*=0.55)",0.0442137240168982
"PATP (α*=0.55)",0.0500173047031704
"PATP (α*=0.55)",0.0443255219354202
"PATP (α*=0.55)",0.0256797563393358
"PATP (α*=0.55)",0.0499721648048437
"PATP (α*=0.55)",0.0516176160261348
"PATP (α*=0.55)",0.0153245082485571
"PATP (α*=0.55)",0.0719111178691677
"PATP (α*=0.55)",0.0619071614204254
"PATP (α*=0.55)",0.0112941737014329
"PATP (α*=0.55)",0.0326629997809905
"PATP (α*=0.55)",0.079231204156961
"PATP (α*=0.55)",0.0432247291322969
"PATP (α*=0.55)",0.00205230855779619
"PATP (α*=0.55)",0.0343279421934664
"PATP (α*=0.55)",0.0624214125229482
"PATP (α*=0.55)",0.039772460587809
"PATP (α*=0.55)",-0.0136122735779964
"PATP (α*=0.55)",0.0250330682441063
"PATP (α*=0.55)",0.0396064017848836
"PATP (α*=0.55)",0.0424612567118373
"PATP (α*=0.55)",0.0491437409525393
"PATP (α*=0.55)",0.0532806378721296
"PATP (α*=0.55)",0.0794838818600527
"PATP (α*=0.55)",0.0669122766418338
"PATP (α*=0.55)",0.0674030409314942
"PATP (α*=0.55)",0.0195521289089772
"PATP (α*=0.55)",0.0455552075520804
"PATP (α*=0.55)",0.0397329017711683
"PATP (α*=0.55)",0.0893859352055246
"PATP (α*=0.55)",0.017835745371311
"PATP (α*=0.55)",0.0995780725472438
"PATP (α*=0.55)",0.0379696542917532
"PATP (α*=0.55)",0.0057581087871734
"PATP (α*=0.55)",0.0457206080994527
"PATP (α*=0.55)",0.0802793128717149
"PATP (α*=0.55)",0.03756196588078
"PATP (α*=0.55)",0.0966244956030544
"PATP (α*=0.55)",0.0559770686819058
"PATP (α*=0.55)",0.0314895142918479
"PATP (α*=0.55)",0.031475455002806
"PATP (α*=0.55)",0.0300047810315561
"PATP (α*=0.55)",0.0497339110247246
"PATP (α*=0.55)",0.0229621546072572
"PATP (α*=0.55)",0.0662806068212188
"PATP (α*=0.55)",0.0678258112366408
"PATP (α*=0.55)",0.0456331318393145
"PATP (α*=0.55)",0.0741942676360638
"PATP (α*=0.55)",0.0516615182875662
"PATP (α*=0.55)",0.0481365253115317
"PATP (α*=0.55)",0.0514964106868364
"PATP (α*=0.55)",0.0877231351085401
"PATP (α*=0.55)",0.0763685046654227
"PATP (α*=0.55)",0.0434497880503788
"PATP (α*=0.55)",0.0774475226537545
"PATP (α*=0.55)",0.0615793441729266
"PATP (α*=0.55)",0.0563960026683819
"PATP (α*=0.55)",0.0515903287623961
"PATP (α*=0.55)",0.0486233145750222
"PATP (α*=0.55)",0.0390068340371464
"PATP (α*=0.55)",0.073825893622556
"PATP (α*=0.55)",0.0294895005682234
"PATP (α*=0.55)",0.0422661759881042
"PATP (α*=0.55)",0.0874565603436034
"PATP (α*=0.55)",0.0499594458760137
"PATP (α*=0.55)",0.046214523128562
"PATP (α*=0.55)",0.0591499319290228
"PATP (α*=0.55)",0.0627416759224273
"PATP (α*=0.55)",0.0506315311070582
"PATP (α*=0.55)",0.0263237464182133
"PATP (α*=0.55)",0.0557964495697837
"PATP (α*=0.55)",0.0192937368987043
"PATP (α*=0.55)",0.0858713806615416
"PATP (α*=0.55)",0.00790597935927113
"PATP (α*=0.55)",0.0327672481290066
"PATP (α*=0.55)",0.0937053153596124
"PATP (α*=0.55)",0.0626086752044078
"PATP (α*=0.55)",0.0395433154367468
"PATP (α*=0.55)",0.0162013524977058
"PATP (α*=0.55)",0.0442657225104993
"PATP (α*=0.55)",-0.00712724306281318
"PATP (α*=0.55)",0.0518610655446669
"PATP (α*=0.55)",0.038806243587511
"PATP (α*=0.55)",0.0454445164886833
"PATP (α*=0.55)",0.0214360829849452
"PATP (α*=0.55)",0.0427475405473837
"PATP (α*=0.55)",0.0713560229548125
"PATP (α*=0.55)",0.0558087985132867
"PATP (α*=0.55)",0.0571315012767812
"PATP (α*=0.55)",0.0732936698730771
"PATP (α*=0.55)",0.0356530188829813
"PATP (α*=0.55)",0.0818543789398455
"PATP (α*=0.55)",0.0346101123266487
"PATP (α*=0.55)",0.0959344223258559
"PATP (α*=0.55)",0.0463454161790016
"PATP (α*=0.55)",0.0361959803960499
"PATP (α*=0.55)",0.0555481359380693
"PATP (α*=0.55)",0.0529708204363524
"PATP (α*=0.55)",0.0186780660043616
"PATP (α*=0.55)",-0.0196002731869946
"PATP (α*=0.55)",0.129392131079719
"PATP (α*=0.55)",0.0750164108117746
"PATP (α*=0.55)",0.0506609158535527
"PATP (α*=0.55)",0.0695611266963673
"PATP (α*=0.55)",0.0822302051320483
"PATP (α*=0.55)",0.0636756630765258
"PATP (α*=0.55)",0.0249422965743885
"PATP (α*=0.55)",0.0529695033821413
"PATP (α*=0.55)",0.0448323823093082
"PATP (α*=0.55)",0.0409266550771474
"PATP (α*=0.55)",0.0555463274196678
"PATP (α*=0.55)",0.0806764190212715
"PATP (α*=0.55)",0.0347704468100115
"PATP (α*=0.55)",0.0476831181078905
"PATP (α*=0.55)",0.0851671200886193
"PATP (α*=0.55)",0.0598650843838608
"PATP (α*=0.55)",0.0377985535126306
"PATP (α*=0.55)",0.0755882589087399
"PATP (α*=0.55)",0.0233026656026964
"PATP (α*=0.55)",0.0251280207516244
"PATP (α*=0.55)",0.0786879620190812
"PATP (α*=0.55)",0.0322431943965799
"PATP (α*=0.55)",0.0582622107315233
"PATP (α*=0.55)",0.0738019289931589
"PATP (α*=0.55)",0.0612416824369295
"PATP (α*=0.55)",0.0446235158262935
"PATP (α*=0.55)",0.040495325560999
"PATP (α*=0.55)",0.0555531990980877
"PATP (α*=0.55)",0.077300335271612
"PATP (α*=0.55)",0.0487529164959431
"PATP (α*=0.55)",0.0375086161505699
"PATP (α*=0.55)",-0.00299671278031556
"PATP (α*=0.55)",0.0159034631182117
"PATP (α*=0.55)",0.0604071436926554
"PATP (α*=0.55)",0.0423908503793145
"PATP (α*=0.55)",0.0591218505388561
"PATP (α*=0.55)",0.032810114363769
"PATP (α*=0.55)",0.0676134912651914
"PATP (α*=0.55)",0.0297440519082068
"PATP (α*=0.55)",0.0182500550254269
"PATP (α*=0.55)",0.055036075497353
"PATP (α*=0.55)",0.0661295336707778
"PATP (α*=0.55)",0.034878027703105
"PATP (α*=0.55)",0.00591146433794078
"PATP (α*=0.55)",0.0915683123152202
"PATP (α*=0.55)",0.0583071419761514
"PATP (α*=0.55)",0.0549335522199611
"PATP (α*=0.55)",0.0399032304426502
"PATP (α*=0.55)",0.0546603079624285
"PATP (α*=0.55)",0.105841647290338
"PATP (α*=0.55)",0.0651588328940945
"PATP (α*=0.55)",0.0722443845647073
"PATP (α*=0.55)",0.0234110730964871
"PATP (α*=0.55)",0.0598679632436253
"PATP (α*=0.55)",0.0163949356802695
"PATP (α*=0.55)",0.0614341095965444
"PATP (α*=0.55)",0.0837042248872139
"PATP (α*=0.55)",0.0412985297421777
"PATP (α*=0.55)",0.0588324225062287
"PATP (α*=0.55)",0.0792456276451887
"PATP (α*=0.55)",-0.000605382006415127
"PATP (α*=0.55)",-0.013610181083474
"PATP (α*=0.55)",0.0597918858158663
"PATP (α*=0.55)",0.101016605767635
"PATP (α*=0.55)",0.0234881138903598
"PATP (α*=0.55)",0.0663832272336394
"PATP (α*=0.55)",0.0174668754236662
"PATP (α*=0.55)",0.0702681707828649
"PATP (α*=0.55)",0.0393442815011555
"PATP (α*=0.55)",0.0758527299476107
"PATP (α*=0.55)",0.0531124268243786
"PATP (α*=0.55)",0.0746174663268949
"PATP (α*=0.55)",0.0453827924575166
"PATP (α*=0.55)",0.0750368960712252
"PATP (α*=0.55)",0.0484233907712426
"PATP (α*=0.55)",0.00761199004850612
"PATP (α*=0.55)",0.0526216047477261
"PATP (α*=0.55)",0.0499151365521841
"PATP (α*=0.55)",0.0833915617239172
"PATP (α*=0.55)",0.0331454313233046
"PATP (α*=0.55)",0.0312534156739154
"PATP (α*=0.55)",0.0640781547234439
"PATP (α*=0.55)",0.0477221079021918
"PATP (α*=0.55)",0.0607150468437034
"PATP (α*=0.55)",0.0698774513536649
"PATP (α*=0.55)",0.0356191540880801
"PATP (α*=0.55)",0.0442220543814168
"PATP (α*=0.55)",0.08106532299319
"PATP (α*=0.55)",0.0678574652766886
"PATP (α*=0.55)",0.0604468696978701
"PATP (α*=0.55)",0.0509048746222548
"PATP (α*=0.55)",0.0611665336885098
"PATP (α*=0.55)",0.036407104942834
"PATP (α*=0.55)",0.0561128861980384
"PATP (α*=0.55)",0.0706120190305643
"PATP (α*=0.55)",0.0327547201436776
"PATP (α*=0.55)",0.0457545362685194
"PATP (α*=0.55)",0.0613687826113374
"PATP (α*=0.55)",0.0886526580686577
"PATP (α*=0.55)",0.0257217453231549
"PATP (α*=0.55)",0.0272660226233143
"PATP (α*=0.55)",0.0777555609197465
"PATP (α*=0.55)",0.074982672735299
"PATP (α*=0.55)",0.0547621257793377
"PATP (α*=0.55)",0.0458410679530258
"PATP (α*=0.55)",0.0254490334775323
"PATP (α*=0.55)",0.0148493361754831
"PATP (α*=0.55)",0.0990074449695414
"PATP (α*=0.55)",0.0662058307008614
"PATP (α*=0.55)",0.0301909159557892
"PATP (α*=0.55)",0.0227139828206296
"PATP (α*=0.55)",0.0718042078443059
"PATP (α*=0.55)",0.0984911774721722
"PATP (α*=0.55)",0.0688187285514165
"PATP (α*=0.55)",0.036597072035468
"PATP (α*=0.55)",0.0474527982159569
"PATP (α*=0.55)",-0.0130314960181859
"PATP (α*=0.55)",0.0628025897251023
"PATP (α*=0.55)",0.0654317478820861
"PATP (α*=0.55)",0.010619938372211
"PATP (α*=0.55)",-0.0160020330498384
"PATP (α*=0.55)",0.0529100590476375
"PATP (α*=0.55)",0.0404648500904253
"PATP (α*=0.55)",0.083044556371161
"PATP (α*=0.55)",0.0617920465958996
"PATP (α*=0.55)",0.0166470945943814
"PATP (α*=0.55)",0.0445684700773
"PATP (α*=0.55)",0.00617683077776597
"PATP (α*=0.55)",0.0473424193752696
"PATP (α*=0.55)",0.0461890983536046
"PATP (α*=0.55)",0.0516144502661029
"PATP (α*=0.55)",0.0683753695940335
"PATP (α*=0.55)",0.0557149639854458
"PATP (α*=0.55)",0.0504415562021364
"PATP (α*=0.55)",0.0275077261303402
"PATP (α*=0.55)",0.0518691836725346
"PATP (α*=0.55)",0.0407429215779861
"PATP (α*=0.55)",0.0687766997622527
"PATP (α*=0.55)",0.0237903992774037
"PATP (α*=0.55)",0.0336043174748883
"PATP (α*=0.55)",0.0242419271738003
"PATP (α*=0.55)",0.0428594315437057
"PATP (α*=0.55)",0.0608270110353398
"PATP (α*=0.55)",0.0333685089028735
"PATP (α*=0.55)",0.0482463952201423
"PATP (α*=0.55)",0.0560773786121192
"PATP (α*=0.55)",0.0639112223733253
"PATP (α*=0.55)",0.0489917071200286
"PATP (α*=0.55)",0.0502166174403219
"PATP (α*=0.55)",0.0820260460800542
"PATP (α*=0.55)",0.0454723064157784
"PATP (α*=0.55)",0.0266486565375495
"PATP (α*=0.55)",0.051602718241672
"PATP (α*=0.55)",0.0802311367929334
"PATP (α*=0.55)",0.0679163990568387
"PATP (α*=0.55)",0.0557387643282342
"PATP (α*=0.55)",0.0349795903523385
"PATP (α*=0.55)",0.00243042861588112
"PATP (α*=0.55)",0.0667542854129483
"PATP (α*=0.55)",0.0358571557632976
"PATP (α*=0.55)",0.0689823807328531
"PATP (α*=0.55)",0.0415523429755878
"PATP (α*=0.55)",0.061474577269227
"PATP (α*=0.55)",0.0577463778643743
"PATP (α*=0.55)",0.0455823678656814
"PATP (α*=0.55)",0.05683129345147
"PATP (α*=0.55)",0.0639978949395235
"PATP (α*=0.55)",0.0235730250208369
"PATP (α*=0.55)",0.0179227892585953
"PATP (α*=0.55)",0.0310642676661364
"PATP (α*=0.55)",0.0625978072796027
"PATP (α*=0.55)",0.0224790513895438
"PATP (α*=0.55)",0.0502995790013628
"PATP (α*=0.55)",0.0415493476341726
"PATP (α*=0.55)",0.0464665002571159
"PATP (α*=0.55)",0.0561266540808721
"PATP (α*=0.55)",0.0696972708806497
"PATP (α*=0.55)",0.0492861246989329
"PATP (α*=0.55)",0.110681684107081
"PATP (α*=0.55)",0.01859235762651
"PATP (α*=0.55)",0.0483048606609446
"PATP (α*=0.55)",0.0702188241309719
"PATP (α*=0.55)",0.0520043028131811
"PATP (α*=0.55)",0.018754979153128
"PATP (α*=0.55)",0.103739044866155
"PATP (α*=0.55)",0.0367229224416943
"PATP (α*=0.55)",0.0793017393249785
"PATP (α*=0.55)",0.050198634131393
"PATP (α*=0.55)",0.0371049504427771
"PATP (α*=0.55)",0.0436687235841559
"PATP (α*=0.55)",0.0271127011730045
"PATP (α*=0.55)",0.0560915787463362
"PATP (α*=0.55)",0.0437755920954514
"PATP (α*=0.55)",0.0910934834163486
"PATP (α*=0.55)",0.0456589956744201
"PATP (α*=0.55)",0.0407411720721268
"PATP (α*=0.55)",0.087694272718949
"PATP (α*=0.55)",0.0124619950155226
"PATP (α*=0.55)",0.0183114194326566
"PATP (α*=0.55)",0.0173392480599596
"PATP (α*=0.55)",0.0248702428386957
"PATP (α*=0.55)",0.00922652265660935
"PATP (α*=0.55)",0.0375433468562683
"PATP (α*=0.55)",0.0144966321181264
"PATP (α*=0.55)",0.084784273528075
"PATP (α*=0.55)",0.0854453066929329
"PATP (α*=0.55)",0.0605120414588868
"PATP (α*=0.55)",0.0523459061439402
"PATP (α*=0.55)",0.02351849155919
"PATP (α*=0.55)",0.0338810415715008
"PATP (α*=0.55)",-0.0417777141803791
"PATP (α*=0.55)",0.0559675087677116
"PATP (α*=0.55)",0.048376277601929
"PATP (α*=0.55)",0.0111410677759835
"PATP (α*=0.55)",0.0716635812877542
"PATP (α*=0.55)",0.014913620485102
"PATP (α*=0.55)",0.0392327491106237
"PATP (α*=0.55)",0.0306119016956726
"PATP (α*=0.55)",0.0283822912738821
"PATP (α*=0.55)",0.0765476861806356
"PATP (α*=0.55)",0.0208150574366898
"PATP (α*=0.55)",0.0557124557984264
"PATP (α*=0.55)",0.0514418274266197
"PATP (α*=0.55)",0.0603062341176411
"PATP (α*=0.55)",0.0360288984694201
"PATP (α*=0.55)",0.0235936825335234
"PATP (α*=0.55)",0.0416209320679612
"PATP (α*=0.55)",0.0485582919694928
"PATP (α*=0.55)",0.0368436115702727
"PATP (α*=0.55)",-0.00729903953817007
"PATP (α*=0.55)",0.0376236796828163
"PATP (α*=0.55)",0.0568916478690486
"PATP (α*=0.55)",0.0515166982984092
"PATP (α*=0.55)",0.026616350215243
"PATP (α*=0.55)",0.0691119679855605
"PATP (α*=0.55)",0.0363027534592048
"PATP (α*=0.55)",0.0655251184533438
"PATP (α*=0.55)",0.0390842308088531
"PATP (α*=0.55)",0.0907694766965411
"PATP (α*=0.55)",0.056771681376021
"PATP (α*=0.55)",0.0804549522865702
"PATP (α*=0.55)",0.0336722459053314
"PATP (α*=0.55)",0.0518414358089344
"PATP (α*=0.55)",0.0650883376860137
"PATP (α*=0.55)",0.0577999259217935
"PATP (α*=0.55)",0.0873012793483993
"PATP (α*=0.55)",0.0585888771282322
"PATP (α*=0.55)",0.0273634609521782
"PATP (α*=0.55)",0.0537165258457831
"PATP (α*=0.55)",0.00234945887572685
"PATP (α*=0.55)",0.110830490325415
"PATP (α*=0.55)",0.0590826931394929
"PATP (α*=0.55)",0.0600047776826438
"PATP (α*=0.55)",0.045325520323588
"PATP (α*=0.55)",0.0212957067266474
"PATP (α*=0.55)",0.0277804202740186
"PATP (α*=0.55)",0.0228275087305072
"PATP (α*=0.55)",0.0339735260701144
"PATP (α*=0.55)",0.0155594467155367
"PATP (α*=0.55)",0.0533162301762937
"PATP (α*=0.55)",0.0613607107393278
"PATP (α*=0.55)",0.0512600715579429
"PATP (α*=0.55)",0.0345450912213083
"PATP (α*=0.55)",0.0776872390655325
"PATP (α*=0.55)",0.0527315898551608
"PATP (α*=0.55)",0.0280641055998471
"PATP (α*=0.55)",0.0491244554341405
"PATP (α*=0.55)",0.0414612558207918
"PATP (α*=0.55)",0.0309909141187561
"PATP (α*=0.55)",0.0330084763180484
"PATP (α*=0.55)",0.0534466728553757
"PATP (α*=0.55)",0.0679305441218284
"PATP (α*=0.55)",0.0870410892866228
"PATP (α*=0.55)",0.035858400697042
"PATP (α*=0.55)",0.0270794178802132
"PATP (α*=0.55)",0.049994891686963
"PATP (α*=0.55)",0.0421908529692489
"PATP (α*=0.55)",0.0611048487337606
"PATP (α*=0.55)",0.027622263232424
"PATP (α*=0.55)",0.0397270717141432
"PATP (α*=0.55)",0.0329964268104971
"PATP (α*=0.55)",0.0371653663624367
"PATP (α*=0.55)",0.0599035317219562
"PATP (α*=0.55)",0.0213282584312172
"PATP (α*=0.55)",0.0196170747372583
"PATP (α*=0.55)",0.054943570560809
"PATP (α*=0.55)",0.0237556786468581
"PATP (α*=0.55)",0.0660101670368349
"PATP (α*=0.55)",0.0300492016205347
"PATP (α*=0.55)",0.00340078798889953
"PATP (α*=0.55)",0.0471817391696543
"PATP (α*=0.55)",0.0387907451133058
"PATP (α*=0.55)",0.0573762405276508
"PATP (α*=0.55)",0.0606289746293275
"PATP (α*=0.55)",0.0695095235555675
"PATP (α*=0.55)",0.0103440258688178
"PATP (α*=0.55)",0.0428858470553382
